customer_id,customer_name,signup_date,country,segment,age_group
CUST100000,Hui Ling Chua,2025-07-24,Thailand,Budget,25-34
CUST100001,Aina Lee,2025-08-31,Singapore,Budget,35-44
CUST100002,Farhan Osman,2026-06-07,Malaysia,Budget,45-54
CUST100003,Hui Ling Yusof,2026-05-04,Singapore,Mainstream,45-54
CUST100004,Siti Lim,2025-05-21,Singapore,Mainstream,35-44
CUST100005,Ahmad Goh,2025-06-09,Indonesia,Budget,25-34
CUST100006,Ravi Chua,2025-06-19,Singapore,Budget,25-34
CUST100007,Ravi Chua,2026-04-06,Malaysia,Premium,55+
CUST100008,Ahmad Lim,2025-07-22,Indonesia,Budget,35-44
CUST100009,Haziq Lee,2026-06-15,Singapore,Budget,45-54
CUST100010,Ahmad Wong,2026-04-15,Malaysia,Budget,35-44
CUST100011,Nur Aisyah Muthu,2025-07-30,Indonesia,Budget,55+
CUST100012,Xin Yi Nair,2025-05-05,Thailand,Mainstream,45-54
CUST100013,Farhan Osman,2025-04-07,Singapore,Mainstream,25-34
CUST100014,Ahmad Lee,2024-08-12,Thailand,Budget,45-54
CUST100015,Mei Ling Binte Ismail,2024-11-13,Indonesia,Premium,25-34
CUST100016,Hui Ling Chong,2025-10-25,Indonesia,Budget,25-34
CUST100017,Suresh Tan,2025-01-04,Malaysia,Premium,45-54
CUST100018,Suresh Osman,2026-05-21,Indonesia,Budget,25-34
CUST100019,Kumar Nair,2024-11-11,Indonesia,Budget,25-34
CUST100020,Nur Aisyah Chua,2025-10-20,Singapore,Premium,35-44
CUST100021,Ravi Wong,2025-01-21,Thailand,Premium,55+
CUST100022,Hui Ling Goh,2024-08-20,Thailand,Mainstream,18-24
CUST100023,Farhan Muthu,2025-03-03,Malaysia,Mainstream,35-44
CUST100024,Aina Chua,2024-09-26,Indonesia,Mainstream,35-44
CUST100025,Xin Yi Bin Abdullah,2026-07-22,Malaysia,Mainstream,25-34
CUST100026,Jia Xin Kaur,2026-03-27,Indonesia,Budget,35-44
CUST100027,Mei Ling Tan,2025-04-28,Indonesia,Mainstream,35-44
CUST100028,Ahmad Bin Abdullah,2025-06-30,Singapore,Mainstream,45-54
CUST100029,Ravi Yusof,2026-05-03,Singapore,Mainstream,35-44
CUST100030,Chen Wei Chua,2025-02-20,Singapore,Premium,55+
CUST100031,Jia Xin Goh,2026-06-17,Thailand,Mainstream,45-54
CUST100032,Farhan Rahman,2024-08-05,Malaysia,Budget,18-24
CUST100033,Chen Wei Wong,2026-04-06,Thailand,Budget,45-54
CUST100034,Hui Ling Kaur,2025-09-07,Malaysia,Mainstream,35-44
CUST100035,Xin Yi Bin Abdullah,2024-12-05,Singapore,Budget,18-24
CUST100036,Mei Ling Lim,2025-07-19,Thailand,Premium,35-44
CUST100037,Aina Kaur,2025-02-01,Malaysia,Budget,45-54
CUST100038,Priya Binte Ismail,2025-03-03,Malaysia,Budget,25-34
CUST100039,Divya Yusof,2024-09-05,Singapore,Mainstream,25-34
CUST100040,Chen Wei Lee,2025-08-25,Singapore,Budget,35-44
CUST100041,Nur Aisyah Osman,2024-08-14,Singapore,Mainstream,25-34
CUST100042,Zhi Hao Yusof,2025-07-17,Malaysia,Budget,45-54
CUST100043,Hui Ling Rahman,2024-10-15,Malaysia,Mainstream,25-34
CUST100044,Xin Yi Osman,2025-02-10,Singapore,Mainstream,45-54
CUST100045,Farhan Osman,2026-04-23,Singapore,Premium,45-54
CUST100046,Haziq Wong,2025-04-16,Singapore,Budget,25-34
CUST100047,Suresh Rahman,2024-10-26,Malaysia,Budget,35-44
CUST100048,Siti Yusof,2026-04-27,Thailand,Mainstream,25-34
CUST100049,Zhi Hao Bin Abdullah,2024-11-24,Malaysia,Premium,25-34
CUST100050,Haziq Bin Abdullah,2026-05-14,Singapore,Mainstream,35-44
CUST100051,Haziq Tan,2024-11-01,Malaysia,Mainstream,25-34
CUST100052,Xin Yi Chua,2024-12-31,Thailand,Mainstream,45-54
CUST100053,Xin Yi Nair,2026-04-10,Indonesia,Mainstream,35-44
CUST100054,Mei Ling Yusof,2025-02-14,Indonesia,Premium,18-24
CUST100055,Kumar Chua,2026-05-05,Thailand,Premium,25-34
CUST100056,Divya Lee,2025-06-10,Malaysia,Mainstream,45-54
CUST100057,Ahmad Chong,2024-09-23,Thailand,Mainstream,25-34
CUST100058,Wei Ming Bin Abdullah,2026-03-01,Singapore,Premium,35-44
CUST100059,Siti Lim,2026-03-25,Indonesia,Budget,18-24
CUST100060,Farhan Yusof,2025-09-24,Thailand,Budget,55+
CUST100061,Aina Kaur,2025-11-02,Thailand,Premium,25-34
CUST100062,Suresh Chong,2026-06-24,Malaysia,Mainstream,35-44
CUST100063,Hui Ling Chua,2025-08-31,Indonesia,Budget,35-44
CUST100064,Divya Nair,2026-01-21,Singapore,Mainstream,25-34
CUST100065,Divya Chong,2026-04-30,Malaysia,Mainstream,35-44
CUST100066,Hui Ling Chong,2026-01-09,Malaysia,Mainstream,18-24
CUST100067,Xin Yi Rahman,2026-07-14,Malaysia,Mainstream,25-34
CUST100068,Zhi Hao Tan,2024-09-30,Indonesia,Budget,25-34
CUST100069,Priya Lee,2024-08-03,Singapore,Mainstream,35-44
CUST100070,Nabila Binte Ismail,2025-11-03,Singapore,Budget,45-54
CUST100071,Kumar Lee,2024-10-28,Singapore,Premium,18-24
CUST100072,Nabila Osman,2025-08-27,Indonesia,Budget,45-54
CUST100073,Wei Ming Binte Ismail,2024-10-01,Indonesia,Mainstream,45-54
CUST100074,Haziq Tan,2026-03-25,Indonesia,Mainstream,18-24
CUST100075,Suresh Rahman,2026-01-03,Singapore,Mainstream,18-24
CUST100076,Chen Wei Rahman,2025-02-04,Indonesia,Mainstream,25-34
CUST100077,Farhan Nair,2026-02-19,Indonesia,Mainstream,18-24
CUST100078,Arif Chong,2024-12-05,Singapore,Mainstream,45-54
CUST100079,Ahmad Chua,2025-09-22,Singapore,Budget,35-44
CUST100080,Nabila Nair,2025-10-08,Malaysia,Budget,25-34
CUST100081,Farhan Lee,2025-09-02,Malaysia,Mainstream,35-44
CUST100082,Farhan Osman,2024-12-24,Singapore,Budget,25-34
CUST100083,Priya Bin Abdullah,2026-07-25,Singapore,Mainstream,45-54
CUST100084,Priya Tan,2025-01-27,Singapore,Budget,35-44
CUST100085,Arif Lim,2025-01-07,Singapore,Mainstream,25-34
CUST100086,Xin Yi Yusof,2024-12-07,Singapore,Budget,35-44
CUST100087,Aina Lee,2024-08-01,Indonesia,Mainstream,25-34
CUST100088,Ravi Bin Abdullah,2025-01-04,Malaysia,Budget,55+
CUST100089,Chen Wei Kaur,2025-07-09,Malaysia,Mainstream,25-34
CUST100090,Chen Wei Bin Abdullah,2025-08-23,Indonesia,Budget,45-54
CUST100091,Mei Ling Yusof,2025-10-19,Malaysia,Mainstream,55+
CUST100092,Mei Ling Lee,2024-12-03,Singapore,Budget,35-44
CUST100093,Nur Aisyah Wong,2025-10-16,Singapore,Mainstream,35-44
CUST100094,Siti Rahman,2025-06-06,Singapore,Mainstream,35-44
CUST100095,Aina Nair,2026-05-20,Malaysia,Premium,18-24
CUST100096,Zhi Hao Wong,2025-12-10,Malaysia,Mainstream,55+
CUST100097,Nabila Lim,2026-01-16,Malaysia,Mainstream,25-34
CUST100098,Priya Lim,2025-09-15,Malaysia,Mainstream,45-54
CUST100099,Priya Goh,2025-07-28,Thailand,Budget,35-44
CUST100100,Jia Xin Muthu,2025-02-21,Singapore,Mainstream,18-24
CUST100101,Mei Ling Yusof,2025-09-17,Malaysia,Budget,25-34
CUST100102,Mei Ling Binte Ismail,2026-04-11,Malaysia,Mainstream,25-34
CUST100103,Xin Yi Goh,2025-06-27,Indonesia,Budget,25-34
CUST100104,Kumar Chua,2026-06-20,Indonesia,Budget,35-44
CUST100105,Kumar Yusof,2024-11-17,Indonesia,Mainstream,18-24
CUST100106,Xin Yi Lee,2025-01-13,Singapore,Mainstream,55+
CUST100107,Ravi Rahman,2026-02-15,Malaysia,Budget,25-34
CUST100108,Hui Ling Lim,2026-01-18,Indonesia,Mainstream,35-44
CUST100109,Farhan Muthu,2026-07-09,Malaysia,Mainstream,25-34
CUST100110,Arif Lee,2025-11-05,Thailand,Budget,18-24
CUST100111,Ravi Binte Ismail,2026-07-02,Malaysia,Budget,35-44
CUST100112,Ravi Rahman,2024-09-14,Malaysia,Premium,25-34
CUST100113,Haziq Chong,2026-04-23,Malaysia,Premium,35-44
CUST100114,Ahmad Bin Abdullah,2025-04-04,Malaysia,Budget,35-44
CUST100115,Mei Ling Osman,2025-06-08,Indonesia,Mainstream,25-34
CUST100116,Wei Ming Chua,2026-02-07,Singapore,Budget,25-34
CUST100117,Mei Ling Yusof,2024-12-17,Malaysia,Premium,25-34
CUST100118,Aina Lee,2026-05-11,Malaysia,Budget,25-34
CUST100119,Priya Nair,2024-10-20,Thailand,Budget,45-54
CUST100120,Arif Chong,2025-02-04,Malaysia,Budget,18-24
CUST100121,Hui Ling Nair,2025-04-22,Thailand,Mainstream,25-34
CUST100122,Zhi Hao Lim,2024-10-25,Thailand,Budget,35-44
CUST100123,Xin Yi Lee,2025-10-08,Singapore,Mainstream,35-44
CUST100124,Xin Yi Tan,2026-01-05,Thailand,Mainstream,55+
CUST100125,Nur Aisyah Kaur,2026-04-08,Thailand,Mainstream,45-54
CUST100126,Nur Aisyah Rahman,2024-09-23,Singapore,Mainstream,45-54
CUST100127,Aina Bin Abdullah,2025-10-09,Malaysia,Budget,35-44
CUST100128,Aina Lim,2024-12-01,Singapore,Budget,25-34
CUST100129,Nur Aisyah Chong,2025-11-29,Malaysia,Budget,18-24
CUST100130,Xin Yi Bin Abdullah,2024-08-31,Singapore,Mainstream,45-54
CUST100131,Kumar Muthu,2024-11-01,Indonesia,Budget,25-34
CUST100132,Nabila Chong,2025-12-17,Malaysia,Mainstream,25-34
CUST100133,Farhan Wong,2025-08-08,Malaysia,Mainstream,35-44
CUST100134,Zhi Hao Chong,2024-12-27,Singapore,Mainstream,45-54
CUST100135,Kumar Tan,2026-02-14,Indonesia,Mainstream,35-44
CUST100136,Nur Aisyah Goh,2026-07-12,Malaysia,Budget,18-24
CUST100137,Farhan Kaur,2025-12-31,Malaysia,Budget,55+
CUST100138,Mei Ling Chua,2025-05-24,Singapore,Mainstream,18-24
CUST100139,Hui Ling Lim,2026-04-21,Singapore,Budget,55+
CUST100140,Kumar Kaur,2025-11-28,Malaysia,Mainstream,25-34
CUST100141,Aina Kaur,2024-09-27,Thailand,Premium,55+
CUST100142,Farhan Goh,2026-06-05,Singapore,Budget,55+
CUST100143,Nur Aisyah Chong,2026-06-23,Indonesia,Budget,25-34
CUST100144,Ahmad Kaur,2025-09-23,Singapore,Budget,45-54
CUST100145,Haziq Rahman,2026-07-20,Indonesia,Budget,18-24
CUST100146,Nabila Rahman,2026-07-09,Singapore,Premium,18-24
CUST100147,Ahmad Kaur,2026-03-18,Malaysia,Premium,25-34
CUST100148,Haziq Lee,2026-05-16,Malaysia,Budget,35-44
CUST100149,Kumar Tan,2024-12-15,Singapore,Premium,18-24
CUST100150,Jia Xin Osman,2026-05-01,Singapore,Budget,35-44
CUST100151,Wei Ming Muthu,2025-07-12,Malaysia,Premium,55+
CUST100152,Ahmad Bin Abdullah,2025-03-02,Malaysia,Mainstream,45-54
CUST100153,Priya Chong,2025-04-29,Thailand,Budget,25-34
CUST100154,Priya Lim,2025-04-08,Malaysia,Mainstream,35-44
CUST100155,Aina Yusof,2025-11-10,Thailand,Mainstream,25-34
CUST100156,Arif Rahman,2024-10-19,Malaysia,Budget,25-34
CUST100157,Siti Nair,2026-06-09,Singapore,Budget,55+
CUST100158,Ravi Yusof,2026-05-12,Singapore,Mainstream,55+
CUST100159,Chen Wei Chua,2024-11-12,Malaysia,Budget,25-34
CUST100160,Priya Lim,2026-06-10,Singapore,Budget,25-34
CUST100161,Zhi Hao Muthu,2026-03-11,Thailand,Budget,25-34
CUST100162,Nabila Binte Ismail,2026-03-25,Indonesia,Mainstream,25-34
CUST100163,Siti Tan,2026-07-05,Malaysia,Budget,18-24
CUST100164,Arif Chong,2026-05-05,Malaysia,Mainstream,18-24
CUST100165,Ahmad Wong,2025-06-06,Malaysia,Budget,25-34
CUST100166,Priya Osman,2025-04-03,Malaysia,Budget,25-34
CUST100167,Mei Ling Osman,2026-05-30,Singapore,Mainstream,45-54
CUST100168,Nabila Rahman,2024-09-10,Singapore,Budget,45-54
CUST100169,Siti Goh,2026-05-21,Singapore,Mainstream,35-44
CUST100170,Zhi Hao Rahman,2025-03-15,Singapore,Budget,25-34
CUST100171,Zhi Hao Kaur,2024-12-22,Indonesia,Mainstream,45-54
CUST100172,Chen Wei Binte Ismail,2025-07-14,Singapore,Budget,25-34
CUST100173,Nabila Goh,2025-08-05,Singapore,Mainstream,45-54
CUST100174,Nur Aisyah Bin Abdullah,2026-05-11,Thailand,Budget,18-24
CUST100175,Ahmad Tan,2026-02-03,Thailand,Premium,55+
CUST100176,Kumar Lee,2024-11-16,Malaysia,Budget,18-24
CUST100177,Nabila Goh,2025-11-17,Malaysia,Budget,45-54
CUST100178,Nur Aisyah Muthu,2026-07-04,Indonesia,Mainstream,18-24
CUST100179,Hui Ling Chua,2025-02-12,Singapore,Budget,45-54
CUST100180,Haziq Muthu,2025-03-17,Malaysia,Mainstream,35-44
CUST100181,Siti Muthu,2026-06-11,Singapore,Mainstream,18-24
CUST100182,Arif Kaur,2026-06-22,Malaysia,Mainstream,45-54
CUST100183,Mei Ling Rahman,2026-05-05,Thailand,Mainstream,18-24
CUST100184,Wei Ming Chua,2026-06-22,Indonesia,Premium,35-44
CUST100185,Priya Nair,2025-05-06,Thailand,Mainstream,25-34
CUST100186,Farhan Wong,2026-04-24,Indonesia,Budget,45-54
CUST100187,Suresh Lim,2025-05-12,Malaysia,Mainstream,45-54
CUST100188,Ravi Chua,2026-03-23,Indonesia,Budget,25-34
CUST100189,Jia Xin Binte Ismail,2024-08-19,Indonesia,Budget,45-54
CUST100190,Wei Ming Goh,2025-02-15,Malaysia,Budget,55+
CUST100191,Chen Wei Binte Ismail,2025-10-29,Singapore,Budget,35-44
CUST100192,Wei Ming Lim,2025-09-20,Malaysia,Budget,25-34
CUST100193,Hui Ling Osman,2026-06-12,Singapore,Budget,25-34
CUST100194,Suresh Bin Abdullah,2026-06-19,Malaysia,Mainstream,25-34
CUST100195,Ravi Bin Abdullah,2025-07-02,Singapore,Mainstream,25-34
CUST100196,Jia Xin Chong,2026-07-13,Malaysia,Premium,25-34
CUST100197,Ravi Muthu,2025-04-20,Singapore,Budget,45-54
CUST100198,Wei Ming Bin Abdullah,2025-10-23,Singapore,Budget,35-44
CUST100199,Kumar Rahman,2026-04-19,Malaysia,Mainstream,35-44
CUST100200,Nabila Chua,2025-07-03,Singapore,Budget,18-24
CUST100201,Priya Goh,2025-06-21,Thailand,Budget,18-24
CUST100202,Mei Ling Kaur,2025-01-31,Malaysia,Mainstream,45-54
CUST100203,Farhan Bin Abdullah,2026-03-07,Malaysia,Mainstream,35-44
CUST100204,Chen Wei Tan,2025-06-25,Singapore,Budget,55+
CUST100205,Nur Aisyah Binte Ismail,2024-11-20,Indonesia,Mainstream,35-44
CUST100206,Kumar Lim,2026-01-13,Malaysia,Mainstream,25-34
CUST100207,Wei Ming Yusof,2024-11-27,Malaysia,Premium,35-44
CUST100208,Nabila Lim,2025-02-16,Singapore,Budget,35-44
CUST100209,Kumar Kaur,2025-09-19,Indonesia,Mainstream,18-24
CUST100210,Chen Wei Yusof,2024-10-23,Thailand,Mainstream,35-44
CUST100211,Xin Yi Chong,2024-08-23,Malaysia,Budget,25-34
CUST100212,Farhan Bin Abdullah,2026-02-07,Singapore,Mainstream,25-34
CUST100213,Suresh Osman,2024-08-13,Singapore,Mainstream,18-24
CUST100214,Wei Ming Yusof,2026-07-28,Singapore,Budget,35-44
CUST100215,Hui Ling Chua,2026-04-26,Indonesia,Mainstream,35-44
CUST100216,Haziq Lim,2026-06-28,Thailand,Budget,25-34
CUST100217,Farhan Lim,2025-11-03,Thailand,Mainstream,45-54
CUST100218,Divya Muthu,2024-09-14,Indonesia,Budget,45-54
CUST100219,Hui Ling Wong,2025-05-17,Singapore,Mainstream,25-34
CUST100220,Nabila Rahman,2025-05-05,Thailand,Budget,18-24
CUST100221,Arif Kaur,2026-05-29,Singapore,Mainstream,25-34
CUST100222,Ahmad Nair,2025-07-18,Singapore,Mainstream,25-34
CUST100223,Priya Goh,2025-10-23,Indonesia,Mainstream,55+
CUST100224,Ahmad Rahman,2025-08-14,Singapore,Mainstream,45-54
CUST100225,Nabila Muthu,2026-01-20,Indonesia,Budget,18-24
CUST100226,Mei Ling Tan,2026-03-04,Thailand,Budget,35-44
CUST100227,Divya Chong,2024-09-03,Indonesia,Mainstream,25-34
CUST100228,Arif Nair,2025-06-17,Indonesia,Budget,18-24
CUST100229,Haziq Lim,2025-10-02,Malaysia,Mainstream,25-34
CUST100230,Ravi Bin Abdullah,2026-06-06,Singapore,Mainstream,18-24
CUST100231,Ravi Lee,2025-01-19,Indonesia,Premium,25-34
CUST100232,Wei Ming Goh,2025-08-19,Malaysia,Budget,25-34
CUST100233,Nur Aisyah Chong,2025-10-20,Thailand,Mainstream,25-34
CUST100234,Nur Aisyah Muthu,2025-03-30,Singapore,Budget,25-34
CUST100235,Ravi Osman,2026-04-24,Singapore,Premium,35-44
CUST100236,Farhan Kaur,2025-07-05,Malaysia,Mainstream,25-34
CUST100237,Zhi Hao Chua,2024-11-06,Indonesia,Mainstream,35-44
CUST100238,Haziq Tan,2025-08-25,Indonesia,Mainstream,25-34
CUST100239,Aina Lim,2026-07-29,Thailand,Budget,55+
CUST100240,Kumar Osman,2026-02-12,Singapore,Mainstream,18-24
CUST100241,Kumar Chua,2026-06-19,Malaysia,Mainstream,35-44
CUST100242,Mei Ling Binte Ismail,2025-07-29,Singapore,Budget,25-34
CUST100243,Priya Kaur,2025-11-05,Singapore,Premium,25-34
CUST100244,Xin Yi Nair,2026-04-24,Malaysia,Premium,35-44
CUST100245,Chen Wei Muthu,2025-03-15,Malaysia,Premium,45-54
CUST100246,Xin Yi Nair,2026-03-23,Malaysia,Mainstream,55+
CUST100247,Kumar Lee,2025-11-22,Malaysia,Budget,35-44
CUST100248,Arif Wong,2024-08-07,Malaysia,Mainstream,25-34
CUST100249,Chen Wei Lee,2026-06-11,Indonesia,Budget,45-54
CUST100250,Arif Nair,2026-01-30,Singapore,Mainstream,25-34
CUST100251,Nabila Muthu,2025-12-09,Singapore,Budget,35-44
CUST100252,Kumar Lee,2025-07-23,Indonesia,Premium,45-54
CUST100253,Ahmad Binte Ismail,2026-02-01,Indonesia,Budget,25-34
CUST100254,Kumar Binte Ismail,2024-08-20,Indonesia,Budget,35-44
CUST100255,Nabila Chua,2026-07-26,Singapore,Budget,18-24
CUST100256,Haziq Osman,2024-09-05,Malaysia,Mainstream,18-24
CUST100257,Nabila Lim,2025-07-04,Thailand,Budget,55+
CUST100258,Suresh Tan,2026-07-02,Malaysia,Budget,25-34
CUST100259,Mei Ling Chong,2026-05-05,Malaysia,Budget,25-34
CUST100260,Jia Xin Bin Abdullah,2026-05-15,Thailand,Budget,35-44
CUST100261,Nur Aisyah Osman,2026-01-01,Singapore,Premium,25-34
CUST100262,Priya Rahman,2025-11-28,Indonesia,Mainstream,18-24
CUST100263,Chen Wei Bin Abdullah,2025-04-17,Thailand,Budget,25-34
CUST100264,Chen Wei Muthu,2025-12-14,Singapore,Budget,35-44
CUST100265,Divya Bin Abdullah,2025-02-15,Indonesia,Budget,25-34
CUST100266,Nur Aisyah Rahman,2025-12-27,Malaysia,Budget,45-54
CUST100267,Divya Bin Abdullah,2026-01-18,Thailand,Budget,25-34
CUST100268,Mei Ling Lim,2026-01-09,Thailand,Budget,55+
CUST100269,Ahmad Tan,2025-12-01,Thailand,Budget,25-34
CUST100270,Ravi Tan,2024-11-25,Singapore,Budget,25-34
CUST100271,Nur Aisyah Bin Abdullah,2026-01-30,Indonesia,Mainstream,55+
CUST100272,Haziq Tan,2026-01-11,Thailand,Budget,45-54
CUST100273,Farhan Chong,2024-08-30,Malaysia,Mainstream,25-34
CUST100274,Ahmad Yusof,2025-04-08,Malaysia,Mainstream,25-34
CUST100275,Haziq Wong,2026-03-12,Singapore,Premium,45-54
CUST100276,Haziq Rahman,2024-11-03,Thailand,Budget,18-24
CUST100277,Nabila Kaur,2026-03-18,Singapore,Mainstream,25-34
CUST100278,Ravi Muthu,2026-04-02,Singapore,Premium,35-44
CUST100279,Xin Yi Osman,2025-09-08,Thailand,Premium,45-54
CUST100280,Ahmad Tan,2025-03-12,Thailand,Mainstream,35-44
CUST100281,Mei Ling Bin Abdullah,2026-03-13,Thailand,Budget,35-44
CUST100282,Suresh Binte Ismail,2025-01-26,Malaysia,Premium,55+
CUST100283,Siti Binte Ismail,2026-04-06,Singapore,Mainstream,18-24
CUST100284,Zhi Hao Chong,2025-01-05,Malaysia,Budget,45-54
CUST100285,Chen Wei Lee,2026-05-21,Singapore,Budget,18-24
CUST100286,Kumar Tan,2025-08-24,Thailand,Premium,35-44
CUST100287,Wei Ming Wong,2025-04-18,Malaysia,Budget,35-44
CUST100288,Chen Wei Kaur,2026-01-17,Malaysia,Mainstream,25-34
CUST100289,Suresh Lim,2025-05-09,Singapore,Budget,35-44
CUST100290,Hui Ling Osman,2025-03-14,Malaysia,Mainstream,45-54
CUST100291,Arif Tan,2025-04-11,Thailand,Budget,35-44
CUST100292,Farhan Muthu,2025-10-13,Indonesia,Mainstream,18-24
CUST100293,Aina Lim,2025-01-11,Singapore,Mainstream,18-24
CUST100294,Haziq Osman,2025-02-10,Singapore,Premium,35-44
CUST100295,Haziq Muthu,2025-12-03,Malaysia,Budget,35-44
CUST100296,Siti Goh,2025-02-09,Singapore,Budget,25-34
CUST100297,Priya Osman,2024-09-27,Thailand,Budget,25-34
CUST100298,Divya Chua,2024-12-10,Indonesia,Budget,35-44
CUST100299,Zhi Hao Nair,2025-02-09,Singapore,Premium,25-34
CUST100300,Zhi Hao Chua,2025-01-16,Indonesia,Budget,18-24
CUST100301,Ravi Bin Abdullah,2024-12-19,Malaysia,Budget,25-34
CUST100302,Haziq Chong,2025-12-30,Singapore,Mainstream,35-44
CUST100303,Priya Kaur,2025-02-18,Malaysia,Budget,55+
CUST100304,Nabila Osman,2026-03-06,Singapore,Budget,35-44
CUST100305,Haziq Lee,2025-11-10,Malaysia,Mainstream,25-34
CUST100306,Xin Yi Wong,2024-09-15,Indonesia,Budget,45-54
CUST100307,Aina Nair,2026-01-04,Thailand,Mainstream,25-34
CUST100308,Siti Binte Ismail,2024-11-21,Singapore,Mainstream,55+
CUST100309,Hui Ling Bin Abdullah,2025-09-24,Malaysia,Budget,25-34
CUST100310,Farhan Kaur,2026-02-26,Singapore,Mainstream,45-54
CUST100311,Nur Aisyah Lee,2026-05-20,Malaysia,Premium,45-54
CUST100312,Zhi Hao Binte Ismail,2025-06-24,Singapore,Budget,45-54
CUST100313,Priya Wong,2025-09-03,Malaysia,Mainstream,18-24
CUST100314,Ahmad Wong,2025-07-21,Singapore,Budget,45-54
CUST100315,Ravi Rahman,2026-06-28,Thailand,Mainstream,35-44
CUST100316,Farhan Wong,2026-01-15,Thailand,Mainstream,25-34
CUST100317,Nur Aisyah Yusof,2026-07-27,Singapore,Budget,35-44
CUST100318,Siti Rahman,2025-12-21,Indonesia,Mainstream,35-44
CUST100319,Xin Yi Goh,2024-09-18,Singapore,Budget,55+
CUST100320,Aina Muthu,2026-04-09,Indonesia,Mainstream,45-54
CUST100321,Suresh Kaur,2025-03-13,Singapore,Mainstream,25-34
CUST100322,Xin Yi Rahman,2026-07-25,Singapore,Budget,35-44
CUST100323,Mei Ling Chong,2025-06-14,Indonesia,Budget,25-34
CUST100324,Nabila Osman,2024-09-25,Malaysia,Premium,25-34
CUST100325,Mei Ling Nair,2025-11-22,Malaysia,Budget,45-54
CUST100326,Siti Osman,2026-03-08,Malaysia,Budget,35-44
CUST100327,Divya Kaur,2025-06-08,Singapore,Budget,45-54
CUST100328,Xin Yi Nair,2026-01-07,Singapore,Mainstream,35-44
CUST100329,Hui Ling Rahman,2024-10-17,Malaysia,Budget,25-34
CUST100330,Nur Aisyah Chua,2024-11-17,Malaysia,Mainstream,35-44
CUST100331,Wei Ming Binte Ismail,2025-04-09,Singapore,Mainstream,18-24
CUST100332,Divya Yusof,2025-04-19,Malaysia,Budget,55+
CUST100333,Ahmad Osman,2025-05-16,Malaysia,Mainstream,55+
CUST100334,Chen Wei Lim,2025-02-08,Indonesia,Budget,45-54
CUST100335,Nabila Nair,2025-08-28,Indonesia,Budget,45-54
CUST100336,Zhi Hao Lim,2024-08-21,Malaysia,Mainstream,35-44
CUST100337,Zhi Hao Yusof,2025-11-19,Malaysia,Budget,35-44
CUST100338,Divya Lim,2026-07-23,Malaysia,Premium,45-54
CUST100339,Ahmad Goh,2025-03-07,Singapore,Mainstream,25-34
CUST100340,Ravi Bin Abdullah,2025-04-02,Singapore,Budget,45-54
CUST100341,Nabila Goh,2024-08-12,Singapore,Premium,25-34
CUST100342,Nur Aisyah Osman,2025-10-14,Indonesia,Mainstream,45-54
CUST100343,Farhan Chong,2025-09-22,Singapore,Budget,35-44
CUST100344,Farhan Chua,2025-06-14,Malaysia,Mainstream,45-54
CUST100345,Nabila Chua,2025-10-16,Malaysia,Premium,35-44
CUST100346,Chen Wei Goh,2025-01-03,Malaysia,Budget,35-44
CUST100347,Hui Ling Binte Ismail,2025-09-20,Indonesia,Budget,55+
CUST100348,Ravi Chong,2025-01-03,Indonesia,Mainstream,25-34
CUST100349,Hui Ling Lim,2025-09-22,Singapore,Budget,25-34
CUST100350,Ahmad Nair,2026-02-15,Indonesia,Budget,18-24
CUST100351,Nur Aisyah Bin Abdullah,2024-08-05,Malaysia,Mainstream,35-44
CUST100352,Arif Chong,2025-07-10,Singapore,Premium,35-44
CUST100353,Wei Ming Chong,2025-03-01,Indonesia,Mainstream,35-44
CUST100354,Mei Ling Lee,2025-05-24,Indonesia,Budget,18-24
CUST100355,Aina Kaur,2025-11-09,Singapore,Budget,18-24
CUST100356,Ravi Chua,2024-08-19,Thailand,Budget,45-54
CUST100357,Chen Wei Chua,2025-10-31,Malaysia,Budget,35-44
CUST100358,Ahmad Kaur,2024-08-04,Malaysia,Mainstream,18-24
CUST100359,Siti Chong,2025-09-18,Singapore,Budget,18-24
CUST100360,Arif Muthu,2026-07-13,Singapore,Mainstream,25-34
CUST100361,Haziq Lim,2026-07-03,Malaysia,Mainstream,45-54
CUST100362,Xin Yi Lim,2024-08-18,Malaysia,Mainstream,35-44
CUST100363,Ravi Lim,2025-07-09,Malaysia,Premium,35-44
CUST100364,Mei Ling Nair,2025-10-20,Indonesia,Mainstream,35-44
CUST100365,Ravi Lee,2024-12-14,Singapore,Premium,45-54
CUST100366,Chen Wei Chua,2025-05-05,Indonesia,Mainstream,25-34
CUST100367,Siti Yusof,2025-04-03,Indonesia,Mainstream,25-34
CUST100368,Ravi Wong,2025-03-16,Indonesia,Budget,25-34
CUST100369,Ravi Muthu,2026-03-07,Indonesia,Budget,55+
CUST100370,Haziq Chua,2026-05-26,Thailand,Premium,35-44
CUST100371,Zhi Hao Rahman,2025-02-13,Singapore,Budget,35-44
CUST100372,Xin Yi Wong,2026-07-14,Indonesia,Premium,45-54
CUST100373,Ahmad Rahman,2025-02-19,Thailand,Budget,25-34
CUST100374,Priya Bin Abdullah,2026-04-26,Malaysia,Mainstream,25-34
CUST100375,Nabila Bin Abdullah,2026-01-19,Singapore,Budget,35-44
CUST100376,Hui Ling Goh,2025-02-28,Thailand,Premium,55+
CUST100377,Divya Lee,2025-05-01,Singapore,Budget,25-34
CUST100378,Ravi Wong,2025-01-05,Singapore,Budget,25-34
CUST100379,Arif Yusof,2025-05-10,Singapore,Premium,45-54
CUST100380,Nur Aisyah Chong,2026-06-25,Malaysia,Budget,35-44
CUST100381,Chen Wei Goh,2024-11-23,Malaysia,Budget,35-44
CUST100382,Jia Xin Chua,2026-02-22,Malaysia,Premium,25-34
CUST100383,Zhi Hao Kaur,2026-04-21,Thailand,Mainstream,25-34
CUST100384,Arif Wong,2024-10-26,Malaysia,Budget,25-34
CUST100385,Aina Goh,2026-03-09,Malaysia,Mainstream,25-34
CUST100386,Wei Ming Yusof,2025-07-03,Thailand,Budget,45-54
CUST100387,Haziq Goh,2025-08-09,Indonesia,Budget,35-44
CUST100388,Farhan Lim,2025-01-14,Singapore,Mainstream,45-54
CUST100389,Kumar Osman,2026-06-27,Singapore,Budget,25-34
CUST100390,Suresh Nair,2026-05-13,Malaysia,Mainstream,25-34
CUST100391,Arif Lim,2025-09-29,Indonesia,Budget,45-54
CUST100392,Mei Ling Chong,2025-08-18,Malaysia,Premium,25-34
CUST100393,Wei Ming Yusof,2024-12-31,Singapore,Mainstream,18-24
CUST100394,Ahmad Tan,2025-05-13,Indonesia,Budget,25-34
CUST100395,Hui Ling Lee,2026-04-12,Indonesia,Premium,25-34
CUST100396,Ravi Osman,2024-08-14,Malaysia,Mainstream,18-24
CUST100397,Farhan Rahman,2025-08-28,Thailand,Budget,25-34
CUST100398,Nabila Lee,2024-08-24,Indonesia,Premium,45-54
CUST100399,Priya Lee,2024-08-06,Indonesia,Budget,18-24
CUST100400,Wei Ming Rahman,2026-06-22,Indonesia,Budget,35-44
CUST100401,Ahmad Muthu,2025-07-25,Indonesia,Budget,35-44
CUST100402,Ravi Chua,2025-09-24,Malaysia,Budget,35-44
CUST100403,Ahmad Lim,2025-07-31,Malaysia,Mainstream,35-44
CUST100404,Jia Xin Goh,2025-12-15,Indonesia,Mainstream,18-24
CUST100405,Wei Ming Muthu,2025-06-17,Malaysia,Premium,18-24
CUST100406,Aina Rahman,2025-08-04,Malaysia,Budget,35-44
CUST100407,Xin Yi Osman,2026-03-16,Singapore,Budget,55+
CUST100408,Wei Ming Lim,2025-12-31,Indonesia,Budget,25-34
CUST100409,Aina Goh,2026-04-13,Malaysia,Budget,35-44
CUST100410,Wei Ming Nair,2024-11-21,Singapore,Premium,55+
CUST100411,Arif Nair,2025-03-22,Malaysia,Mainstream,45-54
CUST100412,Zhi Hao Lim,2025-10-20,Singapore,Mainstream,45-54
CUST100413,Aina Muthu,2025-10-14,Thailand,Mainstream,35-44
CUST100414,Suresh Tan,2026-06-02,Thailand,Budget,45-54
CUST100415,Siti Binte Ismail,2025-12-30,Malaysia,Budget,35-44
CUST100416,Mei Ling Bin Abdullah,2024-09-23,Malaysia,Budget,35-44
CUST100417,Suresh Chua,2026-07-07,Indonesia,Mainstream,45-54
CUST100418,Haziq Bin Abdullah,2026-04-14,Malaysia,Budget,25-34
CUST100419,Wei Ming Muthu,2024-11-19,Thailand,Budget,55+
CUST100420,Kumar Nair,2025-07-15,Singapore,Mainstream,55+
CUST100421,Chen Wei Tan,2026-07-06,Singapore,Budget,35-44
CUST100422,Wei Ming Tan,2025-08-06,Malaysia,Mainstream,25-34
CUST100423,Nur Aisyah Tan,2025-01-28,Singapore,Budget,45-54
CUST100424,Haziq Nair,2025-11-20,Malaysia,Mainstream,25-34
CUST100425,Nabila Osman,2025-10-24,Indonesia,Budget,35-44
CUST100426,Nabila Binte Ismail,2025-04-25,Singapore,Premium,18-24
CUST100427,Kumar Osman,2025-05-18,Malaysia,Mainstream,45-54
CUST100428,Siti Tan,2024-10-08,Indonesia,Budget,55+
CUST100429,Aina Osman,2026-01-30,Indonesia,Mainstream,18-24
CUST100430,Nabila Muthu,2026-01-09,Malaysia,Mainstream,35-44
CUST100431,Arif Chua,2026-04-07,Singapore,Mainstream,45-54
CUST100432,Haziq Yusof,2025-03-31,Malaysia,Premium,18-24
CUST100433,Haziq Osman,2025-07-05,Malaysia,Mainstream,25-34
CUST100434,Farhan Tan,2025-11-18,Indonesia,Budget,25-34
CUST100435,Mei Ling Binte Ismail,2025-03-09,Malaysia,Budget,45-54
CUST100436,Arif Lim,2025-10-28,Singapore,Budget,35-44
CUST100437,Aina Kaur,2026-03-09,Indonesia,Mainstream,18-24
CUST100438,Ahmad Chua,2025-06-30,Malaysia,Premium,25-34
CUST100439,Ahmad Nair,2025-09-14,Singapore,Mainstream,25-34
CUST100440,Hui Ling Osman,2025-10-07,Malaysia,Budget,18-24
CUST100441,Farhan Bin Abdullah,2025-09-08,Thailand,Premium,35-44
CUST100442,Haziq Chua,2024-09-30,Indonesia,Mainstream,18-24
CUST100443,Hui Ling Bin Abdullah,2026-02-22,Singapore,Budget,45-54
CUST100444,Wei Ming Rahman,2026-01-09,Indonesia,Premium,35-44
CUST100445,Hui Ling Yusof,2025-06-12,Singapore,Budget,45-54
CUST100446,Ahmad Goh,2026-06-25,Malaysia,Mainstream,25-34
CUST100447,Ravi Nair,2026-04-14,Malaysia,Mainstream,35-44
CUST100448,Ahmad Tan,2025-06-11,Singapore,Premium,45-54
CUST100449,Hui Ling Nair,2025-07-22,Singapore,Budget,35-44
CUST100450,Wei Ming Tan,2025-04-09,Thailand,Budget,18-24
CUST100451,Siti Muthu,2026-05-08,Singapore,Mainstream,18-24
CUST100452,Mei Ling Yusof,2024-11-13,Indonesia,Premium,35-44
CUST100453,Farhan Bin Abdullah,2025-08-09,Indonesia,Budget,35-44
CUST100454,Jia Xin Lim,2026-04-07,Malaysia,Budget,55+
CUST100455,Xin Yi Bin Abdullah,2025-12-14,Singapore,Premium,45-54
CUST100456,Jia Xin Goh,2026-02-13,Singapore,Mainstream,35-44
CUST100457,Divya Lee,2025-09-02,Singapore,Budget,55+
CUST100458,Ahmad Chua,2025-08-21,Malaysia,Budget,35-44
CUST100459,Kumar Nair,2025-09-16,Thailand,Mainstream,18-24
CUST100460,Suresh Chong,2025-08-27,Thailand,Mainstream,18-24
CUST100461,Farhan Bin Abdullah,2024-10-05,Singapore,Mainstream,45-54
CUST100462,Siti Goh,2024-08-28,Singapore,Mainstream,25-34
CUST100463,Ahmad Rahman,2025-08-06,Singapore,Budget,55+
CUST100464,Farhan Chong,2024-08-25,Thailand,Mainstream,18-24
CUST100465,Ahmad Yusof,2024-12-09,Singapore,Budget,25-34
CUST100466,Kumar Nair,2024-12-08,Singapore,Premium,45-54
CUST100467,Farhan Goh,2026-02-15,Malaysia,Budget,45-54
CUST100468,Nur Aisyah Bin Abdullah,2025-09-12,Malaysia,Budget,45-54
CUST100469,Mei Ling Kaur,2025-11-14,Singapore,Budget,18-24
CUST100470,Aina Lee,2026-05-20,Indonesia,Budget,25-34
CUST100471,Chen Wei Kaur,2026-06-05,Singapore,Budget,35-44
CUST100472,Arif Lim,2025-05-01,Singapore,Mainstream,55+
CUST100473,Nabila Bin Abdullah,2025-09-25,Singapore,Premium,25-34
CUST100474,Chen Wei Rahman,2024-12-04,Malaysia,Mainstream,35-44
CUST100475,Hui Ling Rahman,2025-03-28,Thailand,Mainstream,18-24
CUST100476,Zhi Hao Lee,2026-05-28,Malaysia,Budget,35-44
CUST100477,Xin Yi Nair,2024-11-25,Indonesia,Mainstream,18-24
CUST100478,Farhan Nair,2025-08-01,Singapore,Budget,55+
CUST100479,Nabila Lee,2025-06-11,Indonesia,Budget,18-24
CUST100480,Nur Aisyah Lee,2024-08-24,Thailand,Budget,35-44
CUST100481,Haziq Binte Ismail,2025-04-18,Malaysia,Budget,45-54
CUST100482,Chen Wei Chong,2026-07-13,Thailand,Mainstream,25-34
CUST100483,Zhi Hao Rahman,2026-03-22,Malaysia,Budget,25-34
CUST100484,Chen Wei Tan,2025-09-21,Indonesia,Budget,35-44
CUST100485,Kumar Lee,2026-07-02,Singapore,Mainstream,35-44
CUST100486,Mei Ling Kaur,2026-03-29,Malaysia,Budget,35-44
CUST100487,Arif Binte Ismail,2024-12-29,Malaysia,Mainstream,35-44
CUST100488,Hui Ling Chong,2026-04-16,Thailand,Budget,25-34
CUST100489,Jia Xin Chong,2026-03-30,Thailand,Premium,55+
CUST100490,Divya Yusof,2025-07-26,Malaysia,Mainstream,25-34
CUST100491,Ahmad Nair,2026-05-24,Thailand,Budget,35-44
CUST100492,Divya Nair,2026-01-24,Thailand,Premium,55+
CUST100493,Zhi Hao Rahman,2024-09-13,Malaysia,Budget,55+
CUST100494,Siti Chua,2025-04-25,Singapore,Budget,25-34
CUST100495,Priya Chong,2024-08-25,Singapore,Mainstream,25-34
CUST100496,Nur Aisyah Lee,2025-11-13,Singapore,Mainstream,35-44
CUST100497,Ahmad Nair,2025-05-06,Singapore,Budget,25-34
CUST100498,Ahmad Wong,2026-02-05,Thailand,Budget,35-44
CUST100499,Nabila Kaur,2025-10-26,Singapore,Budget,35-44
CUST100500,Haziq Chua,2026-03-24,Indonesia,Mainstream,25-34
CUST100501,Divya Muthu,2024-11-28,Malaysia,Premium,25-34
CUST100502,Arif Muthu,2026-03-17,Malaysia,Budget,35-44
CUST100503,Suresh Kaur,2026-03-02,Singapore,Premium,45-54
CUST100504,Ravi Kaur,2025-08-25,Malaysia,Budget,25-34
CUST100505,Kumar Chua,2025-09-19,Malaysia,Mainstream,18-24
CUST100506,Siti Rahman,2025-12-12,Malaysia,Premium,25-34
CUST100507,Ahmad Osman,2025-11-11,Singapore,Mainstream,35-44
CUST100508,Jia Xin Kaur,2025-12-26,Indonesia,Budget,45-54
CUST100509,Wei Ming Lim,2024-10-01,Singapore,Budget,45-54
CUST100510,Hui Ling Lim,2025-06-01,Malaysia,Budget,55+
CUST100511,Suresh Osman,2024-09-26,Malaysia,Mainstream,35-44
CUST100512,Haziq Tan,2024-08-08,Singapore,Premium,45-54
CUST100513,Hui Ling Rahman,2025-04-10,Indonesia,Budget,25-34
CUST100514,Divya Wong,2024-12-04,Singapore,Budget,35-44
CUST100515,Mei Ling Bin Abdullah,2026-05-10,Thailand,Budget,35-44
CUST100516,Ravi Rahman,2024-09-04,Thailand,Mainstream,45-54
CUST100517,Hui Ling Chua,2025-08-11,Malaysia,Mainstream,45-54
CUST100518,Chen Wei Tan,2025-02-24,Singapore,Budget,25-34
CUST100519,Farhan Osman,2026-01-31,Singapore,Mainstream,45-54
CUST100520,Ravi Osman,2026-05-21,Thailand,Budget,45-54
CUST100521,Farhan Wong,2024-10-22,Malaysia,Mainstream,55+
CUST100522,Ravi Bin Abdullah,2025-09-04,Singapore,Budget,25-34
CUST100523,Siti Nair,2026-04-19,Malaysia,Budget,55+
CUST100524,Aina Lim,2025-04-05,Singapore,Mainstream,45-54
CUST100525,Ahmad Wong,2026-06-20,Malaysia,Mainstream,35-44
CUST100526,Ahmad Goh,2025-09-04,Malaysia,Budget,25-34
CUST100527,Hui Ling Goh,2025-03-02,Singapore,Mainstream,45-54
CUST100528,Farhan Chua,2025-02-19,Indonesia,Mainstream,45-54
CUST100529,Farhan Rahman,2025-09-02,Singapore,Budget,35-44
CUST100530,Xin Yi Yusof,2025-11-01,Malaysia,Premium,55+
CUST100531,Arif Yusof,2024-11-24,Malaysia,Premium,25-34
CUST100532,Xin Yi Wong,2026-03-17,Thailand,Budget,35-44
CUST100533,Chen Wei Nair,2026-06-05,Malaysia,Premium,25-34
CUST100534,Priya Tan,2026-04-06,Thailand,Mainstream,25-34
CUST100535,Aina Binte Ismail,2024-12-22,Malaysia,Budget,25-34
CUST100536,Xin Yi Kaur,2025-08-20,Thailand,Mainstream,25-34
CUST100537,Mei Ling Bin Abdullah,2026-07-02,Singapore,Budget,25-34
CUST100538,Ravi Bin Abdullah,2026-03-28,Indonesia,Mainstream,18-24
CUST100539,Farhan Osman,2026-07-09,Singapore,Premium,18-24
CUST100540,Chen Wei Goh,2024-12-12,Thailand,Budget,35-44
CUST100541,Nabila Chong,2025-08-27,Thailand,Mainstream,25-34
CUST100542,Siti Osman,2026-06-10,Malaysia,Budget,18-24
CUST100543,Haziq Goh,2026-02-18,Malaysia,Mainstream,18-24
CUST100544,Aina Bin Abdullah,2025-05-05,Malaysia,Mainstream,25-34
CUST100545,Ahmad Lee,2025-05-22,Singapore,Budget,18-24
CUST100546,Haziq Wong,2024-12-08,Indonesia,Mainstream,55+
CUST100547,Priya Lim,2026-07-11,Indonesia,Budget,35-44
CUST100548,Haziq Chua,2026-06-09,Malaysia,Mainstream,25-34
CUST100549,Wei Ming Lee,2026-07-04,Singapore,Mainstream,35-44
CUST100550,Mei Ling Kaur,2025-10-15,Thailand,Mainstream,18-24
CUST100551,Chen Wei Bin Abdullah,2025-02-14,Singapore,Budget,35-44
CUST100552,Priya Bin Abdullah,2025-04-02,Malaysia,Mainstream,55+
CUST100553,Siti Muthu,2026-02-26,Singapore,Mainstream,18-24
CUST100554,Chen Wei Tan,2025-04-06,Singapore,Mainstream,25-34
CUST100555,Zhi Hao Binte Ismail,2025-04-06,Singapore,Mainstream,35-44
CUST100556,Nur Aisyah Rahman,2026-03-12,Malaysia,Premium,25-34
CUST100557,Nur Aisyah Kaur,2025-01-28,Malaysia,Budget,18-24
CUST100558,Nabila Chong,2025-09-24,Malaysia,Budget,35-44
CUST100559,Ravi Kaur,2026-06-16,Indonesia,Premium,35-44
CUST100560,Wei Ming Lim,2025-10-17,Indonesia,Budget,25-34
CUST100561,Kumar Binte Ismail,2025-01-14,Singapore,Premium,45-54
CUST100562,Haziq Osman,2025-03-08,Singapore,Mainstream,18-24
CUST100563,Suresh Nair,2026-01-15,Malaysia,Premium,25-34
CUST100564,Divya Nair,2025-01-23,Indonesia,Mainstream,35-44
CUST100565,Farhan Yusof,2025-10-18,Malaysia,Mainstream,35-44
CUST100566,Xin Yi Chua,2025-08-28,Singapore,Mainstream,35-44
CUST100567,Zhi Hao Tan,2026-05-27,Indonesia,Mainstream,35-44
CUST100568,Ravi Wong,2024-08-01,Singapore,Budget,35-44
CUST100569,Ravi Chong,2024-11-24,Malaysia,Budget,45-54
CUST100570,Suresh Wong,2026-03-09,Singapore,Budget,35-44
CUST100571,Chen Wei Osman,2025-06-15,Indonesia,Premium,25-34
CUST100572,Priya Kaur,2025-01-06,Malaysia,Budget,45-54
CUST100573,Ahmad Chua,2025-07-26,Indonesia,Mainstream,25-34
CUST100574,Aina Osman,2026-02-26,Singapore,Mainstream,45-54
CUST100575,Jia Xin Kaur,2024-08-21,Malaysia,Budget,25-34
CUST100576,Farhan Muthu,2026-01-14,Singapore,Premium,35-44
CUST100577,Priya Chong,2025-11-27,Indonesia,Budget,35-44
CUST100578,Arif Osman,2025-10-31,Singapore,Mainstream,35-44
CUST100579,Jia Xin Wong,2024-10-17,Singapore,Mainstream,18-24
CUST100580,Divya Kaur,2025-07-29,Indonesia,Budget,25-34
CUST100581,Haziq Kaur,2025-02-19,Singapore,Budget,45-54
CUST100582,Ahmad Lim,2024-10-10,Singapore,Mainstream,55+
CUST100583,Wei Ming Wong,2024-09-20,Indonesia,Budget,25-34
CUST100584,Nabila Muthu,2024-11-11,Indonesia,Mainstream,18-24
CUST100585,Zhi Hao Nair,2024-10-05,Thailand,Mainstream,25-34
CUST100586,Jia Xin Bin Abdullah,2024-09-05,Singapore,Budget,35-44
CUST100587,Wei Ming Wong,2024-08-05,Malaysia,Budget,18-24
CUST100588,Priya Bin Abdullah,2025-04-16,Indonesia,Budget,45-54
CUST100589,Kumar Tan,2026-04-24,Singapore,Mainstream,35-44
CUST100590,Zhi Hao Muthu,2026-05-08,Indonesia,Mainstream,25-34
CUST100591,Aina Lee,2024-12-25,Singapore,Budget,25-34
CUST100592,Farhan Rahman,2025-12-11,Thailand,Mainstream,18-24
CUST100593,Arif Chong,2024-12-19,Malaysia,Mainstream,35-44
CUST100594,Divya Tan,2024-09-15,Malaysia,Mainstream,35-44
CUST100595,Farhan Rahman,2025-04-15,Malaysia,Budget,25-34
CUST100596,Nur Aisyah Yusof,2025-01-18,Singapore,Budget,35-44
CUST100597,Ahmad Nair,2026-01-07,Singapore,Budget,25-34
CUST100598,Ravi Goh,2025-09-15,Indonesia,Mainstream,35-44
CUST100599,Haziq Nair,2024-08-24,Malaysia,Mainstream,45-54
CUST100600,Suresh Kaur,2024-12-10,Malaysia,Budget,25-34
CUST100601,Nabila Chua,2026-03-02,Singapore,Budget,25-34
CUST100602,Aina Muthu,2024-09-14,Indonesia,Mainstream,45-54
CUST100603,Ahmad Yusof,2025-07-30,Malaysia,Budget,25-34
CUST100604,Kumar Goh,2024-11-20,Singapore,Mainstream,25-34
CUST100605,Zhi Hao Chua,2025-07-14,Thailand,Budget,45-54
CUST100606,Mei Ling Muthu,2025-05-15,Malaysia,Budget,35-44
CUST100607,Hui Ling Lim,2026-04-02,Malaysia,Mainstream,55+
CUST100608,Ahmad Yusof,2025-11-24,Thailand,Budget,35-44
CUST100609,Haziq Lee,2025-02-17,Malaysia,Mainstream,35-44
CUST100610,Zhi Hao Chong,2024-11-22,Thailand,Budget,18-24
CUST100611,Nabila Nair,2026-05-26,Indonesia,Budget,25-34
CUST100612,Farhan Goh,2026-06-03,Malaysia,Mainstream,35-44
CUST100613,Arif Goh,2025-03-11,Singapore,Budget,25-34
CUST100614,Nur Aisyah Rahman,2025-09-06,Singapore,Mainstream,25-34
CUST100615,Haziq Chua,2024-11-17,Malaysia,Mainstream,25-34
CUST100616,Nabila Chua,2026-06-10,Singapore,Premium,18-24
CUST100617,Zhi Hao Wong,2025-11-16,Singapore,Budget,35-44
CUST100618,Wei Ming Lim,2026-07-04,Malaysia,Budget,35-44
CUST100619,Kumar Tan,2025-02-27,Indonesia,Budget,25-34
CUST100620,Ahmad Chua,2024-11-10,Singapore,Premium,45-54
CUST100621,Nabila Kaur,2026-04-06,Indonesia,Budget,18-24
CUST100622,Suresh Goh,2025-12-05,Thailand,Budget,18-24
CUST100623,Suresh Lee,2024-11-19,Indonesia,Mainstream,55+
CUST100624,Priya Goh,2026-06-29,Indonesia,Budget,55+
CUST100625,Siti Lee,2024-09-03,Indonesia,Mainstream,25-34
CUST100626,Hui Ling Chua,2024-10-20,Singapore,Mainstream,25-34
CUST100627,Zhi Hao Lim,2026-04-09,Malaysia,Mainstream,45-54
CUST100628,Siti Chong,2026-04-19,Thailand,Mainstream,35-44
CUST100629,Ahmad Osman,2025-03-11,Indonesia,Budget,18-24
CUST100630,Kumar Muthu,2026-07-22,Indonesia,Mainstream,18-24
CUST100631,Farhan Osman,2025-07-25,Thailand,Mainstream,18-24
CUST100632,Siti Tan,2026-06-11,Singapore,Budget,45-54
CUST100633,Hui Ling Wong,2025-07-07,Singapore,Premium,35-44
CUST100634,Nabila Tan,2025-11-16,Malaysia,Mainstream,25-34
CUST100635,Jia Xin Lim,2025-03-01,Singapore,Premium,25-34
CUST100636,Chen Wei Yusof,2024-10-25,Malaysia,Mainstream,18-24
CUST100637,Xin Yi Yusof,2025-08-07,Indonesia,Budget,35-44
CUST100638,Aina Chua,2025-04-17,Malaysia,Budget,45-54
CUST100639,Wei Ming Osman,2025-05-17,Singapore,Budget,35-44
CUST100640,Ravi Chua,2024-08-10,Indonesia,Budget,45-54
CUST100641,Jia Xin Osman,2026-02-11,Singapore,Budget,25-34
CUST100642,Jia Xin Tan,2026-02-05,Thailand,Budget,35-44
CUST100643,Chen Wei Binte Ismail,2025-10-26,Singapore,Budget,25-34
CUST100644,Arif Nair,2025-02-07,Thailand,Mainstream,18-24
CUST100645,Siti Osman,2024-11-05,Malaysia,Budget,35-44
CUST100646,Farhan Tan,2026-01-08,Malaysia,Mainstream,45-54
CUST100647,Nabila Kaur,2026-05-10,Malaysia,Mainstream,18-24
CUST100648,Kumar Yusof,2025-05-11,Singapore,Mainstream,35-44
CUST100649,Ahmad Tan,2025-05-19,Malaysia,Budget,45-54
CUST100650,Xin Yi Lee,2025-10-29,Indonesia,Mainstream,45-54
CUST100651,Aina Muthu,2026-03-17,Indonesia,Mainstream,35-44
CUST100652,Zhi Hao Yusof,2024-11-16,Singapore,Premium,25-34
CUST100653,Kumar Binte Ismail,2024-11-19,Indonesia,Budget,45-54
CUST100654,Farhan Osman,2025-01-30,Thailand,Budget,25-34
CUST100655,Ahmad Wong,2025-06-02,Indonesia,Mainstream,25-34
CUST100656,Xin Yi Osman,2026-01-20,Malaysia,Budget,18-24
CUST100657,Chen Wei Rahman,2025-10-08,Singapore,Mainstream,25-34
CUST100658,Ravi Chong,2026-06-10,Thailand,Mainstream,35-44
CUST100659,Farhan Wong,2026-01-28,Malaysia,Mainstream,45-54
CUST100660,Arif Rahman,2025-09-04,Malaysia,Premium,25-34
CUST100661,Ahmad Muthu,2025-09-14,Indonesia,Mainstream,55+
CUST100662,Suresh Bin Abdullah,2026-06-01,Singapore,Premium,35-44
CUST100663,Aina Lim,2024-08-29,Indonesia,Mainstream,35-44
CUST100664,Aina Wong,2026-01-15,Singapore,Budget,25-34
CUST100665,Farhan Yusof,2025-07-23,Indonesia,Mainstream,25-34
CUST100666,Farhan Osman,2025-08-24,Thailand,Mainstream,35-44
CUST100667,Ahmad Goh,2025-08-21,Thailand,Premium,35-44
CUST100668,Zhi Hao Rahman,2024-11-20,Thailand,Budget,25-34
CUST100669,Xin Yi Lee,2025-01-31,Thailand,Budget,35-44
CUST100670,Ahmad Bin Abdullah,2024-11-03,Singapore,Mainstream,25-34
CUST100671,Arif Chong,2025-10-26,Thailand,Budget,25-34
CUST100672,Nur Aisyah Goh,2026-01-17,Thailand,Mainstream,25-34
CUST100673,Suresh Yusof,2025-09-20,Malaysia,Mainstream,18-24
CUST100674,Ravi Chong,2025-06-15,Malaysia,Budget,25-34
CUST100675,Hui Ling Wong,2025-11-26,Singapore,Budget,45-54
CUST100676,Mei Ling Muthu,2025-08-28,Malaysia,Mainstream,45-54
CUST100677,Siti Kaur,2026-04-10,Indonesia,Budget,18-24
CUST100678,Priya Bin Abdullah,2025-05-29,Malaysia,Mainstream,18-24
CUST100679,Arif Wong,2025-02-23,Malaysia,Mainstream,35-44
CUST100680,Hui Ling Lim,2025-07-10,Malaysia,Mainstream,25-34
CUST100681,Jia Xin Binte Ismail,2024-10-30,Singapore,Budget,45-54
CUST100682,Divya Tan,2024-08-02,Thailand,Budget,35-44
CUST100683,Priya Lee,2024-10-06,Singapore,Mainstream,45-54
CUST100684,Nabila Nair,2026-05-23,Singapore,Budget,18-24
CUST100685,Suresh Wong,2024-10-25,Singapore,Budget,55+
CUST100686,Farhan Lee,2025-11-28,Thailand,Premium,45-54
CUST100687,Suresh Goh,2025-09-03,Thailand,Budget,35-44
CUST100688,Nabila Chua,2025-10-02,Singapore,Budget,55+
CUST100689,Ahmad Chong,2026-01-03,Singapore,Premium,35-44
CUST100690,Nabila Rahman,2024-10-27,Malaysia,Budget,18-24
CUST100691,Priya Muthu,2025-04-20,Singapore,Budget,35-44
CUST100692,Jia Xin Binte Ismail,2024-08-23,Indonesia,Budget,45-54
CUST100693,Divya Rahman,2024-09-01,Singapore,Mainstream,45-54
CUST100694,Suresh Muthu,2025-09-26,Malaysia,Premium,35-44
CUST100695,Priya Kaur,2025-02-14,Malaysia,Mainstream,35-44
CUST100696,Nabila Chua,2025-07-28,Malaysia,Premium,25-34
CUST100697,Siti Chong,2025-08-02,Malaysia,Budget,25-34
CUST100698,Zhi Hao Nair,2025-02-05,Singapore,Mainstream,35-44
CUST100699,Wei Ming Rahman,2025-03-14,Singapore,Budget,25-34
CUST100700,Suresh Binte Ismail,2024-10-02,Singapore,Premium,25-34
CUST100701,Kumar Rahman,2025-01-12,Singapore,Premium,45-54
CUST100702,Nur Aisyah Bin Abdullah,2025-05-01,Thailand,Budget,35-44
CUST100703,Priya Muthu,2024-09-26,Singapore,Mainstream,35-44
CUST100704,Wei Ming Rahman,2026-05-16,Singapore,Mainstream,25-34
CUST100705,Hui Ling Chong,2025-01-18,Singapore,Budget,25-34
CUST100706,Kumar Chua,2025-10-16,Indonesia,Mainstream,35-44
CUST100707,Divya Chua,2025-09-16,Thailand,Premium,45-54
CUST100708,Zhi Hao Lee,2025-01-05,Indonesia,Budget,25-34
CUST100709,Suresh Kaur,2026-01-11,Malaysia,Budget,45-54
CUST100710,Chen Wei Goh,2024-10-22,Indonesia,Premium,45-54
CUST100711,Divya Yusof,2025-07-30,Malaysia,Budget,45-54
CUST100712,Kumar Osman,2025-11-17,Thailand,Budget,35-44
CUST100713,Aina Muthu,2025-12-02,Indonesia,Mainstream,25-34
CUST100714,Kumar Chua,2025-09-25,Singapore,Mainstream,45-54
CUST100715,Mei Ling Bin Abdullah,2024-09-09,Malaysia,Budget,35-44
CUST100716,Nur Aisyah Chong,2026-05-16,Singapore,Budget,25-34
CUST100717,Priya Lim,2025-07-24,Singapore,Mainstream,25-34
CUST100718,Farhan Nair,2024-11-27,Indonesia,Mainstream,25-34
CUST100719,Priya Goh,2025-08-19,Singapore,Mainstream,35-44
CUST100720,Xin Yi Kaur,2025-06-11,Indonesia,Premium,45-54
CUST100721,Chen Wei Lee,2025-11-17,Thailand,Budget,25-34
CUST100722,Arif Tan,2026-04-21,Malaysia,Premium,25-34
CUST100723,Chen Wei Goh,2025-04-19,Malaysia,Mainstream,55+
CUST100724,Ravi Lim,2024-09-26,Malaysia,Premium,25-34
CUST100725,Kumar Tan,2025-07-15,Indonesia,Budget,18-24
CUST100726,Hui Ling Binte Ismail,2025-09-17,Singapore,Budget,45-54
CUST100727,Divya Tan,2026-04-26,Singapore,Mainstream,55+
CUST100728,Nabila Lee,2024-09-08,Malaysia,Premium,35-44
CUST100729,Kumar Kaur,2024-11-02,Thailand,Premium,25-34
CUST100730,Xin Yi Rahman,2024-10-09,Singapore,Budget,35-44
CUST100731,Wei Ming Tan,2025-11-09,Malaysia,Mainstream,45-54
CUST100732,Suresh Lim,2025-04-29,Thailand,Budget,45-54
CUST100733,Zhi Hao Wong,2025-09-17,Singapore,Mainstream,18-24
CUST100734,Xin Yi Tan,2026-02-08,Singapore,Mainstream,45-54
CUST100735,Suresh Yusof,2026-03-01,Malaysia,Mainstream,35-44
CUST100736,Farhan Binte Ismail,2025-10-22,Singapore,Budget,18-24
CUST100737,Nabila Rahman,2025-06-21,Singapore,Premium,18-24
CUST100738,Mei Ling Wong,2026-05-01,Malaysia,Budget,18-24
CUST100739,Siti Lee,2025-03-04,Indonesia,Mainstream,55+
CUST100740,Nur Aisyah Tan,2025-08-29,Malaysia,Mainstream,25-34
CUST100741,Kumar Lim,2024-10-24,Malaysia,Mainstream,35-44
CUST100742,Farhan Osman,2026-01-07,Malaysia,Mainstream,18-24
CUST100743,Nur Aisyah Tan,2026-06-22,Malaysia,Mainstream,45-54
CUST100744,Arif Kaur,2025-12-14,Indonesia,Budget,35-44
CUST100745,Kumar Kaur,2024-08-18,Indonesia,Budget,55+
CUST100746,Wei Ming Rahman,2025-12-06,Indonesia,Mainstream,35-44
CUST100747,Farhan Lee,2025-03-03,Thailand,Mainstream,45-54
CUST100748,Divya Chua,2024-11-21,Indonesia,Mainstream,35-44
CUST100749,Mei Ling Osman,2026-01-03,Singapore,Budget,35-44
CUST100750,Ahmad Binte Ismail,2025-04-16,Thailand,Budget,55+
CUST100751,Siti Rahman,2026-03-02,Thailand,Mainstream,35-44
CUST100752,Divya Binte Ismail,2025-11-07,Singapore,Mainstream,45-54
CUST100753,Chen Wei Kaur,2025-12-25,Singapore,Mainstream,18-24
CUST100754,Suresh Yusof,2025-03-26,Malaysia,Mainstream,35-44
CUST100755,Priya Binte Ismail,2024-10-28,Malaysia,Budget,55+
CUST100756,Ravi Rahman,2026-01-26,Indonesia,Budget,45-54
CUST100757,Siti Muthu,2025-12-29,Malaysia,Budget,35-44
CUST100758,Mei Ling Tan,2024-12-07,Singapore,Mainstream,35-44
CUST100759,Mei Ling Lee,2025-08-26,Singapore,Budget,45-54
CUST100760,Suresh Yusof,2025-07-20,Thailand,Budget,25-34
CUST100761,Nur Aisyah Bin Abdullah,2025-03-01,Singapore,Premium,55+
CUST100762,Zhi Hao Tan,2026-04-20,Indonesia,Budget,25-34
CUST100763,Priya Bin Abdullah,2024-10-31,Singapore,Mainstream,18-24
CUST100764,Wei Ming Muthu,2025-11-05,Malaysia,Budget,45-54
CUST100765,Hui Ling Tan,2025-04-05,Malaysia,Budget,25-34
CUST100766,Chen Wei Bin Abdullah,2025-09-17,Singapore,Budget,25-34
CUST100767,Haziq Tan,2025-01-26,Indonesia,Premium,25-34
CUST100768,Nur Aisyah Lim,2025-05-09,Indonesia,Mainstream,55+
CUST100769,Ravi Nair,2026-03-25,Singapore,Mainstream,35-44
CUST100770,Mei Ling Binte Ismail,2026-03-14,Malaysia,Premium,55+
CUST100771,Hui Ling Chong,2024-10-27,Indonesia,Budget,25-34
CUST100772,Siti Chong,2025-07-15,Indonesia,Mainstream,25-34
CUST100773,Aina Osman,2026-01-09,Malaysia,Budget,25-34
CUST100774,Mei Ling Tan,2026-04-16,Indonesia,Mainstream,25-34
CUST100775,Kumar Osman,2026-04-27,Singapore,Mainstream,18-24
CUST100776,Ahmad Nair,2024-09-26,Singapore,Budget,18-24
CUST100777,Mei Ling Bin Abdullah,2024-08-16,Indonesia,Premium,25-34
CUST100778,Suresh Chua,2025-10-15,Indonesia,Mainstream,35-44
CUST100779,Nabila Osman,2026-03-04,Indonesia,Budget,25-34
CUST100780,Kumar Binte Ismail,2025-09-27,Singapore,Budget,35-44
CUST100781,Siti Muthu,2026-04-21,Malaysia,Mainstream,25-34
CUST100782,Divya Lee,2025-06-23,Indonesia,Mainstream,35-44
CUST100783,Nabila Nair,2025-04-29,Singapore,Budget,45-54
CUST100784,Chen Wei Goh,2024-08-09,Malaysia,Mainstream,45-54
CUST100785,Hui Ling Wong,2025-12-09,Malaysia,Budget,45-54
CUST100786,Ravi Osman,2026-03-07,Singapore,Premium,25-34
CUST100787,Arif Rahman,2026-04-23,Malaysia,Budget,25-34
CUST100788,Ahmad Chua,2025-10-27,Singapore,Mainstream,45-54
CUST100789,Arif Nair,2025-05-17,Thailand,Mainstream,55+
CUST100790,Kumar Binte Ismail,2026-06-11,Singapore,Mainstream,35-44
CUST100791,Ahmad Lee,2025-01-21,Singapore,Premium,35-44
CUST100792,Zhi Hao Rahman,2025-08-28,Singapore,Premium,45-54
CUST100793,Haziq Lim,2024-12-27,Singapore,Budget,55+
CUST100794,Suresh Tan,2025-08-25,Singapore,Budget,25-34
CUST100795,Ravi Wong,2026-04-07,Malaysia,Mainstream,25-34
CUST100796,Jia Xin Tan,2026-07-14,Singapore,Budget,45-54
CUST100797,Ravi Bin Abdullah,2025-06-18,Singapore,Mainstream,35-44
CUST100798,Aina Yusof,2025-07-01,Singapore,Budget,18-24
CUST100799,Haziq Yusof,2024-12-13,Malaysia,Premium,25-34
CUST100800,Priya Chua,2024-10-27,Singapore,Mainstream,35-44
CUST100801,Haziq Rahman,2026-04-03,Malaysia,Mainstream,35-44
CUST100802,Arif Muthu,2025-12-12,Indonesia,Budget,45-54
CUST100803,Arif Chong,2026-02-28,Indonesia,Premium,25-34
CUST100804,Siti Lim,2026-05-13,Singapore,Mainstream,25-34
CUST100805,Xin Yi Bin Abdullah,2026-07-28,Thailand,Mainstream,35-44
CUST100806,Aina Yusof,2026-05-30,Indonesia,Mainstream,18-24
CUST100807,Hui Ling Bin Abdullah,2025-07-12,Singapore,Budget,35-44
CUST100808,Xin Yi Kaur,2026-04-10,Malaysia,Budget,35-44
CUST100809,Arif Goh,2026-03-09,Indonesia,Budget,25-34
CUST100810,Kumar Tan,2026-05-04,Singapore,Mainstream,45-54
CUST100811,Chen Wei Tan,2025-02-16,Malaysia,Mainstream,18-24
CUST100812,Divya Goh,2025-04-21,Malaysia,Budget,45-54
CUST100813,Divya Chong,2024-08-26,Singapore,Premium,35-44
CUST100814,Jia Xin Lim,2026-05-09,Thailand,Budget,35-44
CUST100815,Divya Muthu,2026-02-27,Singapore,Mainstream,45-54
CUST100816,Hui Ling Muthu,2025-08-31,Singapore,Mainstream,25-34
CUST100817,Farhan Chong,2025-04-12,Singapore,Budget,45-54
CUST100818,Nur Aisyah Nair,2026-04-26,Malaysia,Budget,25-34
CUST100819,Nur Aisyah Rahman,2026-02-25,Thailand,Mainstream,55+
CUST100820,Ravi Tan,2025-09-25,Indonesia,Mainstream,18-24
CUST100821,Farhan Chong,2026-07-16,Thailand,Budget,35-44
CUST100822,Arif Rahman,2025-10-14,Malaysia,Mainstream,25-34
CUST100823,Priya Nair,2025-01-22,Malaysia,Mainstream,25-34
CUST100824,Nabila Osman,2025-07-10,Malaysia,Budget,18-24
CUST100825,Nur Aisyah Tan,2025-09-16,Singapore,Mainstream,25-34
CUST100826,Hui Ling Chong,2025-08-07,Thailand,Budget,18-24
CUST100827,Nur Aisyah Binte Ismail,2024-09-06,Malaysia,Premium,18-24
CUST100828,Haziq Muthu,2025-07-15,Malaysia,Mainstream,35-44
CUST100829,Haziq Binte Ismail,2025-07-04,Malaysia,Budget,25-34
CUST100830,Zhi Hao Nair,2024-09-18,Indonesia,Mainstream,18-24
CUST100831,Nur Aisyah Chong,2026-04-06,Singapore,Budget,55+
CUST100832,Ahmad Wong,2026-05-20,Indonesia,Premium,35-44
CUST100833,Xin Yi Yusof,2025-09-04,Indonesia,Mainstream,25-34
CUST100834,Ahmad Yusof,2025-12-09,Indonesia,Budget,25-34
CUST100835,Xin Yi Chong,2026-03-03,Singapore,Mainstream,35-44
CUST100836,Kumar Chua,2026-05-03,Singapore,Budget,35-44
CUST100837,Ravi Goh,2024-10-27,Malaysia,Premium,45-54
CUST100838,Arif Lee,2025-05-07,Thailand,Premium,35-44
CUST100839,Chen Wei Kaur,2025-03-12,Thailand,Mainstream,55+
CUST100840,Chen Wei Tan,2026-05-04,Malaysia,Mainstream,35-44
CUST100841,Wei Ming Chua,2025-11-22,Singapore,Mainstream,55+
CUST100842,Jia Xin Kaur,2025-05-02,Singapore,Budget,35-44
CUST100843,Farhan Lee,2025-07-09,Malaysia,Budget,35-44
CUST100844,Chen Wei Lim,2025-03-09,Singapore,Premium,35-44
CUST100845,Xin Yi Muthu,2025-03-28,Malaysia,Budget,45-54
CUST100846,Aina Wong,2025-10-01,Indonesia,Budget,18-24
CUST100847,Nur Aisyah Yusof,2025-01-04,Malaysia,Budget,18-24
CUST100848,Mei Ling Bin Abdullah,2026-01-21,Malaysia,Premium,25-34
CUST100849,Jia Xin Goh,2026-06-01,Singapore,Premium,25-34
CUST100850,Kumar Bin Abdullah,2024-10-01,Singapore,Budget,45-54
CUST100851,Aina Bin Abdullah,2026-07-13,Indonesia,Budget,35-44
CUST100852,Chen Wei Osman,2026-01-03,Malaysia,Mainstream,18-24
CUST100853,Nabila Muthu,2026-05-07,Singapore,Budget,25-34
CUST100854,Siti Binte Ismail,2026-02-10,Singapore,Premium,25-34
CUST100855,Priya Kaur,2025-10-14,Singapore,Premium,45-54
CUST100856,Suresh Chua,2026-04-26,Indonesia,Mainstream,55+
CUST100857,Zhi Hao Muthu,2025-08-23,Malaysia,Budget,25-34
CUST100858,Zhi Hao Wong,2024-09-21,Malaysia,Mainstream,25-34
CUST100859,Farhan Kaur,2026-04-21,Malaysia,Premium,55+
CUST100860,Hui Ling Chua,2024-09-21,Singapore,Budget,35-44
CUST100861,Aina Yusof,2025-10-02,Malaysia,Premium,45-54
CUST100862,Ahmad Chua,2025-05-23,Singapore,Budget,25-34
CUST100863,Chen Wei Chong,2025-09-10,Thailand,Premium,25-34
CUST100864,Farhan Lim,2025-12-10,Singapore,Mainstream,35-44
CUST100865,Xin Yi Muthu,2026-05-11,Malaysia,Budget,18-24
CUST100866,Aina Osman,2025-05-22,Singapore,Mainstream,45-54
CUST100867,Suresh Chua,2024-09-28,Indonesia,Budget,45-54
CUST100868,Ahmad Lim,2025-07-14,Singapore,Budget,25-34
CUST100869,Wei Ming Binte Ismail,2025-05-18,Thailand,Premium,35-44
CUST100870,Farhan Chua,2025-04-16,Singapore,Budget,45-54
CUST100871,Mei Ling Tan,2025-10-19,Indonesia,Premium,55+
CUST100872,Siti Goh,2026-05-02,Indonesia,Budget,25-34
CUST100873,Nabila Wong,2025-07-24,Singapore,Mainstream,45-54
CUST100874,Haziq Yusof,2024-11-02,Singapore,Premium,25-34
CUST100875,Chen Wei Muthu,2025-12-12,Malaysia,Mainstream,45-54
CUST100876,Zhi Hao Wong,2024-10-31,Indonesia,Premium,35-44
CUST100877,Zhi Hao Rahman,2024-11-13,Thailand,Premium,25-34
CUST100878,Priya Nair,2026-02-01,Singapore,Mainstream,35-44
CUST100879,Divya Chong,2025-06-05,Malaysia,Mainstream,35-44
CUST100880,Jia Xin Lee,2025-01-30,Singapore,Budget,35-44
CUST100881,Wei Ming Nair,2025-08-02,Singapore,Budget,25-34
CUST100882,Divya Goh,2025-03-06,Malaysia,Budget,35-44
CUST100883,Ahmad Kaur,2024-10-03,Singapore,Mainstream,45-54
CUST100884,Hui Ling Bin Abdullah,2025-04-28,Singapore,Mainstream,25-34
CUST100885,Priya Wong,2024-11-25,Thailand,Mainstream,25-34
CUST100886,Jia Xin Wong,2024-12-22,Indonesia,Premium,45-54
CUST100887,Xin Yi Lim,2024-12-13,Indonesia,Budget,35-44
CUST100888,Priya Bin Abdullah,2024-11-14,Singapore,Premium,25-34
CUST100889,Priya Yusof,2026-02-15,Thailand,Budget,45-54
CUST100890,Wei Ming Wong,2026-07-16,Malaysia,Budget,18-24
CUST100891,Wei Ming Goh,2026-04-09,Malaysia,Mainstream,45-54
CUST100892,Ravi Binte Ismail,2026-01-28,Singapore,Budget,35-44
CUST100893,Nur Aisyah Lim,2025-03-13,Thailand,Mainstream,18-24
CUST100894,Mei Ling Chua,2025-07-22,Malaysia,Mainstream,55+
CUST100895,Divya Muthu,2025-08-21,Indonesia,Mainstream,45-54
CUST100896,Priya Rahman,2026-07-23,Indonesia,Budget,25-34
CUST100897,Mei Ling Binte Ismail,2025-03-17,Indonesia,Budget,55+
CUST100898,Nabila Bin Abdullah,2025-11-06,Indonesia,Budget,55+
CUST100899,Mei Ling Kaur,2025-01-20,Thailand,Mainstream,45-54
CUST100900,Hui Ling Kaur,2026-05-08,Singapore,Budget,18-24
CUST100901,Mei Ling Binte Ismail,2025-12-26,Singapore,Budget,25-34
CUST100902,Arif Tan,2026-06-20,Indonesia,Mainstream,45-54
CUST100903,Wei Ming Kaur,2026-01-03,Malaysia,Premium,55+
CUST100904,Hui Ling Goh,2024-09-23,Malaysia,Mainstream,25-34
CUST100905,Siti Nair,2025-08-05,Indonesia,Budget,25-34
CUST100906,Aina Kaur,2025-09-12,Malaysia,Mainstream,25-34
CUST100907,Suresh Lim,2026-01-11,Indonesia,Budget,35-44
CUST100908,Siti Binte Ismail,2026-01-17,Singapore,Budget,35-44
CUST100909,Arif Rahman,2025-03-29,Thailand,Budget,18-24
CUST100910,Priya Chua,2024-08-09,Singapore,Premium,35-44
CUST100911,Priya Muthu,2025-01-30,Malaysia,Mainstream,35-44
CUST100912,Xin Yi Muthu,2025-02-06,Thailand,Budget,25-34
CUST100913,Arif Goh,2025-08-19,Singapore,Mainstream,45-54
CUST100914,Zhi Hao Goh,2026-05-18,Singapore,Premium,18-24
CUST100915,Jia Xin Goh,2025-02-16,Singapore,Budget,18-24
CUST100916,Divya Lim,2024-12-16,Malaysia,Mainstream,35-44
CUST100917,Farhan Bin Abdullah,2025-07-22,Malaysia,Budget,35-44
CUST100918,Chen Wei Rahman,2026-05-24,Singapore,Budget,25-34
CUST100919,Siti Chong,2025-02-24,Thailand,Premium,55+
CUST100920,Farhan Lim,2024-09-25,Singapore,Budget,25-34
CUST100921,Haziq Osman,2026-02-15,Malaysia,Mainstream,25-34
CUST100922,Ravi Nair,2026-04-04,Malaysia,Budget,45-54
CUST100923,Farhan Chong,2025-02-05,Singapore,Mainstream,55+
CUST100924,Ahmad Bin Abdullah,2025-11-29,Singapore,Mainstream,35-44
CUST100925,Hui Ling Binte Ismail,2025-02-22,Thailand,Premium,18-24
CUST100926,Mei Ling Bin Abdullah,2025-03-03,Indonesia,Mainstream,25-34
CUST100927,Arif Osman,2026-01-16,Singapore,Mainstream,25-34
CUST100928,Jia Xin Chong,2026-06-29,Indonesia,Budget,35-44
CUST100929,Ahmad Chua,2025-06-19,Malaysia,Budget,35-44
CUST100930,Ravi Rahman,2025-10-05,Singapore,Mainstream,25-34
CUST100931,Haziq Wong,2024-11-12,Indonesia,Mainstream,35-44
CUST100932,Haziq Lee,2025-11-10,Malaysia,Budget,45-54
CUST100933,Arif Chua,2026-01-28,Singapore,Premium,25-34
CUST100934,Wei Ming Chua,2024-11-09,Thailand,Budget,25-34
CUST100935,Wei Ming Binte Ismail,2025-02-07,Singapore,Budget,45-54
CUST100936,Zhi Hao Goh,2025-05-04,Singapore,Premium,18-24
CUST100937,Farhan Lim,2024-09-01,Singapore,Mainstream,25-34
CUST100938,Siti Muthu,2025-01-04,Indonesia,Mainstream,18-24
CUST100939,Ravi Lim,2024-11-04,Indonesia,Budget,35-44
CUST100940,Jia Xin Binte Ismail,2024-12-23,Thailand,Budget,35-44
CUST100941,Nur Aisyah Osman,2025-10-09,Singapore,Mainstream,35-44
CUST100942,Zhi Hao Bin Abdullah,2026-06-14,Indonesia,Budget,25-34
CUST100943,Aina Lee,2025-05-12,Malaysia,Mainstream,35-44
CUST100944,Hui Ling Lee,2025-01-17,Singapore,Budget,25-34
CUST100945,Nur Aisyah Binte Ismail,2024-08-05,Singapore,Budget,45-54
CUST100946,Suresh Yusof,2025-03-19,Indonesia,Budget,55+
CUST100947,Arif Osman,2025-06-10,Singapore,Budget,35-44
CUST100948,Divya Muthu,2025-06-04,Malaysia,Budget,25-34
CUST100949,Ravi Wong,2026-05-07,Malaysia,Mainstream,45-54
CUST100950,Ahmad Kaur,2026-07-24,Singapore,Mainstream,25-34
CUST100951,Ravi Binte Ismail,2026-06-26,Thailand,Budget,25-34
CUST100952,Priya Binte Ismail,2024-10-07,Indonesia,Mainstream,55+
CUST100953,Kumar Bin Abdullah,2024-12-30,Malaysia,Budget,25-34
CUST100954,Wei Ming Goh,2026-01-21,Indonesia,Budget,18-24
CUST100955,Hui Ling Muthu,2025-09-23,Malaysia,Premium,35-44
CUST100956,Wei Ming Chua,2025-08-10,Indonesia,Mainstream,35-44
CUST100957,Priya Kaur,2026-01-30,Singapore,Mainstream,35-44
CUST100958,Kumar Kaur,2025-09-24,Malaysia,Budget,25-34
CUST100959,Mei Ling Kaur,2025-11-18,Singapore,Budget,35-44
CUST100960,Jia Xin Chong,2025-03-09,Malaysia,Mainstream,25-34
CUST100961,Haziq Lee,2025-01-23,Malaysia,Mainstream,55+
CUST100962,Jia Xin Lim,2026-05-19,Singapore,Mainstream,25-34
CUST100963,Jia Xin Lim,2025-08-24,Thailand,Premium,18-24
CUST100964,Nur Aisyah Goh,2024-08-05,Singapore,Budget,35-44
CUST100965,Hui Ling Kaur,2024-11-02,Singapore,Mainstream,25-34
CUST100966,Haziq Goh,2024-12-27,Malaysia,Mainstream,35-44
CUST100967,Arif Bin Abdullah,2025-02-08,Malaysia,Budget,25-34
CUST100968,Jia Xin Chong,2026-07-26,Singapore,Budget,25-34
CUST100969,Nabila Binte Ismail,2024-08-17,Malaysia,Mainstream,25-34
CUST100970,Nur Aisyah Binte Ismail,2025-02-08,Indonesia,Budget,25-34
CUST100971,Suresh Tan,2024-10-19,Singapore,Mainstream,18-24
CUST100972,Jia Xin Lim,2024-10-04,Thailand,Mainstream,25-34
CUST100973,Nur Aisyah Muthu,2026-01-25,Singapore,Mainstream,25-34
CUST100974,Wei Ming Rahman,2026-07-19,Malaysia,Mainstream,45-54
CUST100975,Chen Wei Nair,2025-04-04,Singapore,Mainstream,35-44
CUST100976,Hui Ling Lee,2025-08-28,Indonesia,Mainstream,25-34
CUST100977,Nabila Lee,2026-07-15,Indonesia,Premium,18-24
CUST100978,Ahmad Kaur,2026-01-13,Singapore,Budget,18-24
CUST100979,Aina Bin Abdullah,2024-08-05,Singapore,Premium,25-34
CUST100980,Haziq Goh,2025-11-06,Singapore,Budget,35-44
CUST100981,Arif Osman,2026-01-20,Singapore,Budget,25-34
CUST100982,Haziq Chua,2025-04-08,Thailand,Mainstream,55+
CUST100983,Jia Xin Kaur,2025-03-31,Malaysia,Budget,45-54
CUST100984,Haziq Bin Abdullah,2025-11-29,Malaysia,Budget,18-24
CUST100985,Haziq Muthu,2024-11-17,Thailand,Budget,25-34
CUST100986,Aina Wong,2025-06-01,Indonesia,Mainstream,18-24
CUST100987,Divya Tan,2026-04-03,Indonesia,Mainstream,18-24
CUST100988,Chen Wei Wong,2025-12-04,Singapore,Budget,35-44
CUST100989,Hui Ling Chua,2024-11-18,Singapore,Mainstream,18-24
CUST100990,Aina Nair,2026-05-25,Singapore,Budget,18-24
CUST100991,Hui Ling Chua,2026-07-21,Singapore,Premium,18-24
CUST100992,Zhi Hao Chua,2025-04-06,Malaysia,Budget,35-44
CUST100993,Haziq Binte Ismail,2025-09-10,Singapore,Mainstream,18-24
CUST100994,Siti Muthu,2026-01-26,Malaysia,Mainstream,55+
CUST100995,Ahmad Lee,2025-08-19,Malaysia,Mainstream,25-34
CUST100996,Kumar Nair,2026-03-17,Singapore,Premium,25-34
CUST100997,Xin Yi Tan,2025-10-29,Singapore,Budget,35-44
CUST100998,Divya Goh,2026-02-09,Malaysia,Mainstream,35-44
CUST100999,Kumar Rahman,2025-05-27,Malaysia,Budget,25-34
CUST101000,Suresh Tan,2025-03-25,Indonesia,Mainstream,35-44
CUST101001,Jia Xin Lee,2024-09-30,Indonesia,Budget,25-34
CUST101002,Xin Yi Lim,2026-06-10,Singapore,Budget,25-34
CUST101003,Farhan Bin Abdullah,2025-12-03,Singapore,Budget,18-24
CUST101004,Xin Yi Nair,2026-01-17,Singapore,Budget,35-44
CUST101005,Mei Ling Wong,2025-06-02,Singapore,Premium,35-44
CUST101006,Nur Aisyah Muthu,2025-07-05,Malaysia,Mainstream,35-44
CUST101007,Zhi Hao Rahman,2024-10-27,Thailand,Budget,55+
CUST101008,Farhan Yusof,2024-09-27,Singapore,Mainstream,35-44
CUST101009,Ravi Lee,2025-01-11,Singapore,Mainstream,45-54
CUST101010,Priya Nair,2026-03-06,Indonesia,Budget,25-34
CUST101011,Aina Chong,2026-06-30,Malaysia,Budget,35-44
CUST101012,Hui Ling Kaur,2024-10-11,Singapore,Mainstream,35-44
CUST101013,Zhi Hao Goh,2024-09-09,Singapore,Budget,25-34
CUST101014,Ahmad Wong,2026-01-28,Thailand,Mainstream,25-34
CUST101015,Divya Bin Abdullah,2026-06-25,Singapore,Budget,35-44
CUST101016,Hui Ling Yusof,2025-03-20,Malaysia,Budget,18-24
CUST101017,Nabila Osman,2025-05-26,Indonesia,Mainstream,25-34
CUST101018,Divya Tan,2024-10-19,Singapore,Mainstream,45-54
CUST101019,Nabila Lee,2025-06-04,Indonesia,Premium,25-34
CUST101020,Kumar Muthu,2025-01-20,Singapore,Budget,18-24
CUST101021,Ravi Chua,2025-01-01,Singapore,Mainstream,18-24
CUST101022,Kumar Goh,2026-07-22,Singapore,Premium,55+
CUST101023,Mei Ling Kaur,2026-04-12,Thailand,Mainstream,55+
CUST101024,Xin Yi Nair,2025-01-06,Singapore,Premium,35-44
CUST101025,Nur Aisyah Rahman,2026-03-21,Singapore,Premium,25-34
CUST101026,Jia Xin Goh,2026-03-01,Thailand,Mainstream,25-34
CUST101027,Ravi Wong,2025-01-26,Singapore,Premium,25-34
CUST101028,Ravi Chua,2026-03-02,Thailand,Mainstream,45-54
CUST101029,Jia Xin Lee,2026-04-11,Indonesia,Mainstream,35-44
CUST101030,Suresh Chong,2026-07-20,Malaysia,Premium,45-54
CUST101031,Arif Yusof,2025-08-21,Indonesia,Mainstream,25-34
CUST101032,Divya Kaur,2025-04-21,Indonesia,Budget,45-54
CUST101033,Ravi Muthu,2025-02-10,Singapore,Budget,25-34
CUST101034,Priya Lee,2024-10-06,Thailand,Budget,25-34
CUST101035,Nur Aisyah Nair,2025-04-10,Thailand,Premium,35-44
CUST101036,Farhan Wong,2025-01-23,Thailand,Budget,35-44
CUST101037,Aina Lee,2026-02-26,Malaysia,Budget,45-54
CUST101038,Mei Ling Lee,2025-11-23,Malaysia,Mainstream,25-34
CUST101039,Kumar Lim,2025-12-20,Malaysia,Budget,55+
CUST101040,Haziq Lim,2026-06-12,Singapore,Premium,25-34
CUST101041,Priya Yusof,2024-08-21,Malaysia,Mainstream,25-34
CUST101042,Arif Nair,2026-02-03,Malaysia,Budget,25-34
CUST101043,Ravi Nair,2025-09-05,Indonesia,Budget,18-24
CUST101044,Priya Tan,2025-11-11,Singapore,Mainstream,45-54
CUST101045,Suresh Rahman,2026-06-27,Malaysia,Mainstream,18-24
CUST101046,Haziq Bin Abdullah,2024-10-08,Malaysia,Mainstream,25-34
CUST101047,Nur Aisyah Chua,2026-02-19,Malaysia,Budget,25-34
CUST101048,Chen Wei Osman,2026-05-17,Thailand,Premium,35-44
CUST101049,Xin Yi Binte Ismail,2025-11-22,Indonesia,Mainstream,55+
CUST101050,Chen Wei Yusof,2026-04-16,Singapore,Mainstream,45-54
CUST101051,Nur Aisyah Lim,2024-07-30,Singapore,Budget,25-34
CUST101052,Suresh Rahman,2026-03-14,Indonesia,Premium,25-34
CUST101053,Xin Yi Bin Abdullah,2025-12-21,Malaysia,Mainstream,25-34
CUST101054,Kumar Rahman,2026-01-13,Indonesia,Budget,55+
CUST101055,Kumar Yusof,2026-07-10,Singapore,Premium,18-24
CUST101056,Chen Wei Muthu,2026-07-20,Singapore,Premium,55+
CUST101057,Ravi Binte Ismail,2025-07-20,Malaysia,Mainstream,45-54
CUST101058,Nabila Chong,2026-02-10,Indonesia,Mainstream,35-44
CUST101059,Ahmad Yusof,2026-05-29,Thailand,Budget,45-54
CUST101060,Xin Yi Goh,2025-12-29,Thailand,Mainstream,25-34
CUST101061,Divya Nair,2026-01-10,Malaysia,Budget,25-34
CUST101062,Ravi Binte Ismail,2025-09-23,Indonesia,Mainstream,25-34
CUST101063,Priya Nair,2024-08-04,Singapore,Budget,25-34
CUST101064,Hui Ling Rahman,2025-12-17,Malaysia,Budget,35-44
CUST101065,Ravi Goh,2025-03-02,Thailand,Premium,35-44
CUST101066,Ahmad Wong,2025-01-15,Malaysia,Budget,45-54
CUST101067,Farhan Yusof,2026-06-23,Thailand,Mainstream,45-54
CUST101068,Ahmad Tan,2025-07-29,Singapore,Budget,25-34
CUST101069,Ahmad Lee,2025-09-05,Singapore,Budget,25-34
CUST101070,Ravi Muthu,2025-07-24,Malaysia,Budget,25-34
CUST101071,Nabila Nair,2026-03-26,Thailand,Budget,18-24
CUST101072,Jia Xin Lee,2025-08-24,Singapore,Mainstream,35-44
CUST101073,Nur Aisyah Goh,2026-05-01,Indonesia,Budget,35-44
CUST101074,Haziq Osman,2024-09-07,Singapore,Mainstream,35-44
CUST101075,Priya Rahman,2025-05-27,Indonesia,Mainstream,35-44
CUST101076,Suresh Chong,2026-07-04,Malaysia,Budget,45-54
CUST101077,Ravi Kaur,2025-07-25,Singapore,Budget,35-44
CUST101078,Farhan Nair,2024-09-21,Indonesia,Budget,55+
CUST101079,Haziq Wong,2025-02-02,Indonesia,Budget,45-54
CUST101080,Haziq Binte Ismail,2026-01-11,Malaysia,Budget,35-44
CUST101081,Farhan Muthu,2024-10-16,Singapore,Mainstream,18-24
CUST101082,Nabila Muthu,2026-03-16,Singapore,Mainstream,45-54
CUST101083,Priya Osman,2026-01-30,Thailand,Premium,25-34
CUST101084,Chen Wei Goh,2026-04-07,Indonesia,Mainstream,25-34
CUST101085,Wei Ming Chua,2024-09-24,Indonesia,Mainstream,25-34
CUST101086,Nabila Chua,2025-02-21,Indonesia,Budget,25-34
CUST101087,Siti Chua,2025-07-16,Indonesia,Budget,18-24
CUST101088,Arif Kaur,2025-03-29,Singapore,Mainstream,25-34
CUST101089,Zhi Hao Lee,2026-01-22,Malaysia,Budget,45-54
CUST101090,Aina Binte Ismail,2026-06-08,Indonesia,Budget,35-44
CUST101091,Zhi Hao Nair,2024-11-19,Singapore,Premium,55+
CUST101092,Zhi Hao Rahman,2024-08-25,Singapore,Budget,45-54
CUST101093,Priya Binte Ismail,2026-07-04,Malaysia,Budget,25-34
CUST101094,Mei Ling Chong,2026-06-22,Thailand,Premium,45-54
CUST101095,Jia Xin Lee,2025-06-16,Indonesia,Budget,35-44
CUST101096,Kumar Binte Ismail,2026-06-28,Singapore,Budget,25-34
CUST101097,Aina Osman,2025-02-18,Thailand,Budget,55+
CUST101098,Kumar Osman,2024-09-07,Singapore,Budget,55+
CUST101099,Divya Bin Abdullah,2026-01-06,Singapore,Premium,18-24
CUST101100,Jia Xin Tan,2025-12-27,Thailand,Mainstream,45-54
CUST101101,Wei Ming Wong,2024-11-06,Indonesia,Mainstream,18-24
CUST101102,Mei Ling Chua,2025-11-11,Thailand,Budget,55+
CUST101103,Arif Osman,2026-02-04,Indonesia,Budget,35-44
CUST101104,Siti Bin Abdullah,2026-05-29,Indonesia,Mainstream,25-34
CUST101105,Aina Chua,2024-11-23,Singapore,Budget,45-54
CUST101106,Zhi Hao Lim,2024-09-22,Singapore,Budget,35-44
CUST101107,Arif Wong,2026-06-02,Thailand,Mainstream,18-24
CUST101108,Mei Ling Goh,2024-12-20,Thailand,Premium,45-54
CUST101109,Kumar Bin Abdullah,2026-04-04,Malaysia,Premium,45-54
CUST101110,Chen Wei Bin Abdullah,2026-04-19,Malaysia,Mainstream,35-44
CUST101111,Wei Ming Lee,2025-10-24,Singapore,Mainstream,35-44
CUST101112,Farhan Nair,2025-09-14,Singapore,Mainstream,18-24
CUST101113,Suresh Muthu,2024-11-13,Thailand,Premium,25-34
CUST101114,Kumar Goh,2025-03-06,Singapore,Budget,35-44
CUST101115,Zhi Hao Lim,2026-04-15,Malaysia,Budget,25-34
CUST101116,Chen Wei Bin Abdullah,2025-05-29,Thailand,Budget,25-34
CUST101117,Divya Chua,2024-10-28,Malaysia,Premium,55+
CUST101118,Siti Rahman,2025-04-02,Malaysia,Premium,45-54
CUST101119,Mei Ling Muthu,2026-02-12,Singapore,Mainstream,35-44
CUST101120,Siti Nair,2026-04-26,Singapore,Budget,35-44
CUST101121,Mei Ling Lim,2025-09-02,Singapore,Premium,45-54
CUST101122,Ravi Osman,2025-08-19,Singapore,Budget,45-54
CUST101123,Divya Bin Abdullah,2025-11-14,Singapore,Budget,18-24
CUST101124,Nur Aisyah Lee,2026-05-11,Singapore,Mainstream,25-34
CUST101125,Ahmad Chong,2026-05-04,Singapore,Mainstream,25-34
CUST101126,Siti Kaur,2025-07-08,Singapore,Premium,18-24
CUST101127,Kumar Yusof,2024-09-08,Thailand,Budget,25-34
CUST101128,Xin Yi Nair,2025-05-19,Singapore,Budget,35-44
CUST101129,Wei Ming Goh,2025-09-13,Malaysia,Mainstream,45-54
CUST101130,Wei Ming Goh,2024-09-18,Thailand,Budget,55+
CUST101131,Wei Ming Kaur,2025-03-13,Singapore,Premium,25-34
CUST101132,Arif Lim,2025-02-20,Malaysia,Budget,25-34
CUST101133,Aina Yusof,2025-06-05,Indonesia,Budget,25-34
CUST101134,Arif Goh,2025-01-19,Malaysia,Budget,25-34
CUST101135,Priya Rahman,2025-07-28,Singapore,Mainstream,18-24
CUST101136,Kumar Lee,2025-05-01,Indonesia,Premium,55+
CUST101137,Nur Aisyah Lee,2025-05-05,Indonesia,Budget,18-24
CUST101138,Siti Tan,2025-01-26,Malaysia,Budget,45-54
CUST101139,Jia Xin Yusof,2024-10-12,Singapore,Premium,25-34
CUST101140,Xin Yi Wong,2025-12-27,Singapore,Mainstream,35-44
CUST101141,Priya Chua,2025-03-06,Indonesia,Budget,45-54
CUST101142,Aina Osman,2026-07-06,Singapore,Budget,55+
CUST101143,Chen Wei Osman,2025-07-06,Singapore,Premium,25-34
CUST101144,Chen Wei Lee,2024-10-11,Malaysia,Mainstream,55+
CUST101145,Jia Xin Rahman,2025-04-15,Thailand,Budget,25-34
CUST101146,Siti Chua,2026-01-15,Singapore,Budget,45-54
CUST101147,Ravi Osman,2025-05-13,Singapore,Budget,18-24
CUST101148,Nur Aisyah Kaur,2025-11-10,Malaysia,Budget,35-44
CUST101149,Siti Muthu,2025-09-16,Indonesia,Budget,35-44
CUST101150,Kumar Bin Abdullah,2026-02-13,Malaysia,Budget,45-54
CUST101151,Divya Muthu,2025-04-29,Thailand,Budget,45-54
CUST101152,Chen Wei Lim,2026-03-07,Singapore,Budget,25-34
CUST101153,Priya Bin Abdullah,2025-09-09,Singapore,Mainstream,45-54
CUST101154,Priya Chong,2024-09-12,Malaysia,Mainstream,25-34
CUST101155,Kumar Lim,2025-01-22,Singapore,Mainstream,25-34
CUST101156,Ahmad Tan,2025-09-30,Malaysia,Budget,18-24
CUST101157,Siti Tan,2024-08-21,Indonesia,Premium,25-34
CUST101158,Hui Ling Lee,2026-07-19,Singapore,Premium,18-24
CUST101159,Suresh Chua,2024-08-28,Indonesia,Premium,35-44
CUST101160,Hui Ling Tan,2025-11-14,Singapore,Budget,18-24
CUST101161,Priya Nair,2024-12-07,Malaysia,Budget,35-44
CUST101162,Ravi Osman,2024-09-06,Malaysia,Mainstream,18-24
CUST101163,Priya Bin Abdullah,2025-05-16,Malaysia,Budget,35-44
CUST101164,Wei Ming Bin Abdullah,2025-05-10,Singapore,Budget,25-34
CUST101165,Hui Ling Osman,2025-01-28,Thailand,Budget,25-34
CUST101166,Kumar Osman,2026-02-04,Thailand,Mainstream,35-44
CUST101167,Divya Chong,2026-03-22,Indonesia,Mainstream,55+
CUST101168,Mei Ling Osman,2025-11-21,Thailand,Budget,55+
CUST101169,Wei Ming Lim,2025-08-14,Singapore,Premium,25-34
CUST101170,Farhan Wong,2025-02-02,Malaysia,Mainstream,55+
CUST101171,Ahmad Chua,2026-01-23,Singapore,Budget,35-44
CUST101172,Divya Binte Ismail,2025-06-12,Thailand,Budget,45-54
CUST101173,Priya Chua,2026-07-27,Singapore,Budget,18-24
CUST101174,Siti Kaur,2026-07-07,Singapore,Premium,18-24
CUST101175,Ahmad Chua,2024-08-23,Indonesia,Mainstream,18-24
CUST101176,Ravi Lee,2024-11-16,Singapore,Mainstream,45-54
CUST101177,Priya Wong,2024-11-06,Indonesia,Mainstream,18-24
CUST101178,Farhan Binte Ismail,2025-12-02,Singapore,Budget,25-34
CUST101179,Zhi Hao Binte Ismail,2025-07-20,Indonesia,Premium,35-44
CUST101180,Zhi Hao Chua,2025-03-24,Thailand,Premium,55+
CUST101181,Nabila Lim,2026-01-25,Malaysia,Mainstream,35-44
CUST101182,Xin Yi Lim,2025-02-01,Singapore,Mainstream,35-44
CUST101183,Priya Bin Abdullah,2025-03-11,Singapore,Budget,25-34
CUST101184,Nur Aisyah Bin Abdullah,2025-10-05,Singapore,Budget,55+
CUST101185,Wei Ming Osman,2025-09-15,Singapore,Budget,18-24
CUST101186,Hui Ling Wong,2025-12-17,Malaysia,Mainstream,25-34
CUST101187,Aina Goh,2024-12-20,Singapore,Mainstream,25-34
CUST101188,Suresh Bin Abdullah,2024-08-08,Singapore,Premium,25-34
CUST101189,Nabila Nair,2024-07-30,Singapore,Budget,35-44
CUST101190,Nur Aisyah Lee,2025-01-12,Thailand,Budget,35-44
CUST101191,Chen Wei Wong,2025-11-17,Singapore,Budget,25-34
CUST101192,Nur Aisyah Muthu,2025-01-05,Singapore,Premium,18-24
CUST101193,Nabila Goh,2026-02-01,Malaysia,Mainstream,18-24
CUST101194,Nabila Muthu,2024-10-13,Singapore,Mainstream,18-24
CUST101195,Mei Ling Bin Abdullah,2026-01-15,Thailand,Mainstream,45-54
CUST101196,Zhi Hao Binte Ismail,2025-10-08,Singapore,Mainstream,35-44
CUST101197,Mei Ling Nair,2026-05-22,Indonesia,Budget,18-24
CUST101198,Chen Wei Rahman,2026-05-31,Malaysia,Budget,18-24
CUST101199,Kumar Chua,2025-10-15,Indonesia,Budget,45-54
CUST101200,Wei Ming Chong,2025-06-23,Indonesia,Budget,45-54
CUST101201,Ravi Chong,2026-07-17,Indonesia,Mainstream,55+
CUST101202,Jia Xin Osman,2024-11-19,Malaysia,Budget,25-34
CUST101203,Jia Xin Yusof,2026-05-07,Malaysia,Mainstream,35-44
CUST101204,Mei Ling Tan,2024-07-31,Indonesia,Mainstream,18-24
CUST101205,Ahmad Tan,2026-01-12,Malaysia,Mainstream,45-54
CUST101206,Chen Wei Nair,2025-10-26,Malaysia,Premium,25-34
CUST101207,Jia Xin Kaur,2026-04-04,Singapore,Budget,35-44
CUST101208,Zhi Hao Binte Ismail,2024-12-05,Singapore,Mainstream,18-24
CUST101209,Kumar Lee,2025-02-10,Malaysia,Budget,45-54
CUST101210,Kumar Chua,2026-06-02,Singapore,Mainstream,25-34
CUST101211,Arif Osman,2026-05-13,Malaysia,Mainstream,45-54
CUST101212,Priya Chong,2025-05-11,Singapore,Budget,25-34
CUST101213,Nur Aisyah Wong,2024-11-04,Malaysia,Budget,45-54
CUST101214,Xin Yi Rahman,2026-05-10,Indonesia,Mainstream,18-24
CUST101215,Arif Kaur,2026-02-18,Malaysia,Mainstream,35-44
CUST101216,Nur Aisyah Rahman,2025-06-26,Indonesia,Mainstream,45-54
CUST101217,Mei Ling Chong,2026-05-11,Singapore,Budget,25-34
CUST101218,Zhi Hao Yusof,2025-12-19,Singapore,Mainstream,25-34
CUST101219,Haziq Tan,2026-07-22,Indonesia,Mainstream,25-34
CUST101220,Jia Xin Tan,2025-07-30,Indonesia,Budget,25-34
CUST101221,Wei Ming Binte Ismail,2025-02-22,Indonesia,Mainstream,35-44
CUST101222,Divya Muthu,2025-10-02,Indonesia,Mainstream,18-24
CUST101223,Xin Yi Nair,2026-01-23,Indonesia,Mainstream,18-24
CUST101224,Xin Yi Bin Abdullah,2025-09-23,Indonesia,Budget,25-34
CUST101225,Haziq Muthu,2025-07-23,Indonesia,Budget,25-34
CUST101226,Hui Ling Kaur,2026-03-31,Indonesia,Premium,25-34
CUST101227,Haziq Kaur,2026-05-09,Singapore,Premium,35-44
CUST101228,Haziq Goh,2026-03-19,Singapore,Budget,18-24
CUST101229,Mei Ling Tan,2024-08-09,Malaysia,Premium,55+
CUST101230,Priya Binte Ismail,2025-02-17,Malaysia,Budget,45-54
CUST101231,Mei Ling Chong,2026-04-29,Indonesia,Premium,25-34
CUST101232,Mei Ling Bin Abdullah,2025-12-22,Singapore,Budget,45-54
CUST101233,Priya Yusof,2025-10-02,Singapore,Budget,35-44
CUST101234,Wei Ming Binte Ismail,2026-03-19,Indonesia,Premium,35-44
CUST101235,Suresh Lim,2024-11-15,Singapore,Budget,25-34
CUST101236,Farhan Binte Ismail,2024-09-11,Indonesia,Mainstream,35-44
CUST101237,Arif Lee,2026-02-01,Singapore,Mainstream,18-24
CUST101238,Ahmad Bin Abdullah,2026-07-17,Malaysia,Budget,35-44
CUST101239,Hui Ling Bin Abdullah,2026-01-16,Malaysia,Premium,18-24
CUST101240,Aina Osman,2025-05-30,Singapore,Mainstream,25-34
CUST101241,Nur Aisyah Rahman,2024-12-16,Singapore,Premium,35-44
CUST101242,Priya Wong,2025-11-24,Singapore,Premium,25-34
CUST101243,Siti Tan,2026-01-11,Singapore,Budget,25-34
CUST101244,Ahmad Wong,2026-01-29,Singapore,Budget,45-54
CUST101245,Priya Binte Ismail,2026-07-27,Indonesia,Budget,25-34
CUST101246,Chen Wei Nair,2026-07-19,Singapore,Mainstream,18-24
CUST101247,Farhan Binte Ismail,2025-09-20,Malaysia,Budget,25-34
CUST101248,Haziq Muthu,2025-05-05,Singapore,Budget,55+
CUST101249,Wei Ming Muthu,2026-07-20,Thailand,Mainstream,35-44
CUST101250,Aina Lim,2026-03-05,Indonesia,Budget,35-44
CUST101251,Xin Yi Lim,2024-10-03,Thailand,Mainstream,45-54
CUST101252,Hui Ling Lim,2024-08-06,Thailand,Mainstream,35-44
CUST101253,Mei Ling Nair,2025-04-17,Singapore,Budget,45-54
CUST101254,Farhan Lim,2025-07-14,Indonesia,Budget,35-44
CUST101255,Nur Aisyah Osman,2025-05-30,Singapore,Budget,45-54
CUST101256,Nabila Chua,2025-11-01,Thailand,Mainstream,35-44
CUST101257,Arif Osman,2026-03-04,Malaysia,Budget,25-34
CUST101258,Aina Kaur,2025-10-28,Malaysia,Mainstream,18-24
CUST101259,Arif Goh,2025-03-06,Thailand,Mainstream,18-24
CUST101260,Farhan Tan,2025-04-02,Indonesia,Budget,35-44
CUST101261,Siti Lee,2025-03-22,Thailand,Premium,55+
CUST101262,Hui Ling Rahman,2025-05-11,Singapore,Premium,45-54
CUST101263,Mei Ling Goh,2026-06-15,Singapore,Budget,45-54
CUST101264,Hui Ling Chong,2025-04-28,Singapore,Premium,35-44
CUST101265,Chen Wei Osman,2024-10-24,Malaysia,Budget,45-54
CUST101266,Chen Wei Bin Abdullah,2025-04-12,Malaysia,Mainstream,35-44
CUST101267,Haziq Goh,2025-06-02,Singapore,Budget,25-34
CUST101268,Priya Kaur,2026-02-16,Indonesia,Mainstream,35-44
CUST101269,Ahmad Kaur,2024-12-28,Singapore,Mainstream,25-34
CUST101270,Kumar Goh,2025-09-03,Indonesia,Premium,25-34
CUST101271,Nabila Wong,2026-01-19,Thailand,Premium,25-34
CUST101272,Haziq Wong,2025-08-06,Malaysia,Budget,25-34
CUST101273,Xin Yi Chong,2026-05-01,Malaysia,Mainstream,25-34
CUST101274,Mei Ling Lim,2024-09-21,Singapore,Budget,25-34
CUST101275,Aina Rahman,2025-03-04,Singapore,Budget,55+
CUST101276,Siti Bin Abdullah,2025-12-03,Indonesia,Budget,25-34
CUST101277,Nabila Lim,2024-12-27,Malaysia,Premium,45-54
CUST101278,Xin Yi Osman,2026-06-20,Singapore,Mainstream,18-24
CUST101279,Wei Ming Chong,2025-10-21,Thailand,Budget,55+
CUST101280,Divya Wong,2025-04-10,Indonesia,Premium,45-54
CUST101281,Aina Lee,2026-07-12,Indonesia,Mainstream,45-54
CUST101282,Farhan Lee,2025-02-27,Malaysia,Budget,35-44
CUST101283,Haziq Nair,2024-12-09,Thailand,Mainstream,35-44
CUST101284,Jia Xin Muthu,2025-05-22,Singapore,Mainstream,25-34
CUST101285,Haziq Muthu,2026-03-01,Singapore,Mainstream,25-34
CUST101286,Ravi Wong,2025-01-29,Thailand,Mainstream,45-54
CUST101287,Xin Yi Rahman,2025-11-24,Thailand,Mainstream,18-24
CUST101288,Kumar Lee,2025-02-07,Malaysia,Budget,18-24
CUST101289,Nabila Chong,2025-04-27,Singapore,Mainstream,45-54
CUST101290,Jia Xin Lee,2026-05-22,Singapore,Budget,18-24
CUST101291,Kumar Nair,2026-05-18,Indonesia,Budget,35-44
CUST101292,Jia Xin Chong,2026-07-18,Indonesia,Budget,25-34
CUST101293,Jia Xin Rahman,2026-06-07,Singapore,Mainstream,25-34
CUST101294,Nabila Wong,2025-12-23,Singapore,Budget,25-34
CUST101295,Hui Ling Wong,2026-07-11,Indonesia,Budget,35-44
CUST101296,Ahmad Lim,2024-09-12,Indonesia,Budget,45-54
CUST101297,Priya Bin Abdullah,2024-09-28,Malaysia,Premium,45-54
CUST101298,Ahmad Yusof,2026-03-25,Malaysia,Budget,25-34
CUST101299,Nabila Wong,2025-12-14,Thailand,Budget,25-34
CUST101300,Suresh Binte Ismail,2025-02-03,Singapore,Budget,45-54
CUST101301,Xin Yi Chong,2025-04-03,Malaysia,Mainstream,18-24
CUST101302,Xin Yi Chua,2025-05-31,Malaysia,Budget,18-24
CUST101303,Ahmad Binte Ismail,2024-08-06,Malaysia,Budget,35-44
CUST101304,Ahmad Osman,2025-04-26,Thailand,Premium,45-54
CUST101305,Nabila Muthu,2025-03-28,Malaysia,Mainstream,25-34
CUST101306,Nur Aisyah Chong,2025-07-28,Malaysia,Mainstream,18-24
CUST101307,Arif Yusof,2025-07-11,Singapore,Mainstream,55+
CUST101308,Nabila Tan,2025-12-29,Indonesia,Premium,55+
CUST101309,Aina Goh,2025-07-14,Singapore,Premium,35-44
CUST101310,Haziq Wong,2024-09-27,Singapore,Mainstream,35-44
CUST101311,Arif Muthu,2025-10-27,Malaysia,Mainstream,55+
CUST101312,Chen Wei Chong,2026-04-23,Malaysia,Premium,35-44
CUST101313,Nabila Tan,2025-05-18,Thailand,Premium,45-54
CUST101314,Zhi Hao Tan,2025-01-02,Indonesia,Budget,25-34
CUST101315,Chen Wei Yusof,2024-08-29,Indonesia,Premium,25-34
CUST101316,Chen Wei Chong,2025-06-29,Singapore,Mainstream,45-54
CUST101317,Hui Ling Tan,2024-12-31,Malaysia,Mainstream,35-44
CUST101318,Priya Chua,2026-01-28,Thailand,Budget,25-34
CUST101319,Nur Aisyah Osman,2025-09-23,Malaysia,Budget,35-44
CUST101320,Siti Kaur,2025-09-27,Indonesia,Mainstream,45-54
CUST101321,Siti Lee,2025-11-29,Malaysia,Mainstream,25-34
CUST101322,Mei Ling Tan,2025-02-22,Singapore,Budget,45-54
CUST101323,Divya Chua,2024-10-23,Malaysia,Mainstream,18-24
CUST101324,Chen Wei Rahman,2025-12-03,Singapore,Budget,35-44
CUST101325,Suresh Muthu,2026-04-21,Singapore,Mainstream,55+
CUST101326,Nabila Wong,2024-12-04,Singapore,Mainstream,45-54
CUST101327,Suresh Chong,2024-11-16,Singapore,Mainstream,45-54
CUST101328,Hui Ling Rahman,2024-09-15,Malaysia,Budget,35-44
CUST101329,Aina Bin Abdullah,2026-01-24,Thailand,Budget,25-34
CUST101330,Farhan Chua,2025-02-20,Malaysia,Budget,35-44
CUST101331,Arif Kaur,2025-02-22,Indonesia,Mainstream,25-34
CUST101332,Siti Chong,2024-12-30,Malaysia,Premium,35-44
CUST101333,Siti Goh,2024-12-18,Singapore,Mainstream,35-44
CUST101334,Hui Ling Goh,2024-09-02,Singapore,Mainstream,35-44
CUST101335,Xin Yi Osman,2025-08-15,Thailand,Budget,25-34
CUST101336,Suresh Bin Abdullah,2026-06-04,Malaysia,Budget,25-34
CUST101337,Chen Wei Chong,2026-03-11,Thailand,Premium,25-34
CUST101338,Nabila Muthu,2024-10-20,Singapore,Mainstream,25-34
CUST101339,Divya Wong,2024-11-20,Indonesia,Budget,25-34
CUST101340,Arif Lim,2026-07-21,Indonesia,Mainstream,18-24
CUST101341,Jia Xin Osman,2025-11-03,Thailand,Mainstream,45-54
CUST101342,Ahmad Kaur,2026-02-01,Singapore,Budget,18-24
CUST101343,Siti Chong,2025-12-07,Thailand,Budget,45-54
CUST101344,Zhi Hao Goh,2025-04-19,Malaysia,Mainstream,25-34
CUST101345,Ravi Nair,2025-07-22,Indonesia,Budget,45-54
CUST101346,Chen Wei Lee,2025-08-12,Malaysia,Budget,35-44
CUST101347,Chen Wei Wong,2025-09-15,Malaysia,Mainstream,55+
CUST101348,Arif Lee,2025-04-17,Malaysia,Premium,45-54
CUST101349,Arif Lim,2025-03-18,Indonesia,Budget,35-44
CUST101350,Suresh Chua,2026-06-28,Singapore,Budget,25-34
CUST101351,Siti Osman,2026-04-20,Malaysia,Mainstream,35-44
CUST101352,Hui Ling Rahman,2025-11-22,Malaysia,Budget,25-34
CUST101353,Ravi Rahman,2025-09-14,Indonesia,Premium,45-54
CUST101354,Ravi Muthu,2024-08-01,Malaysia,Mainstream,45-54
CUST101355,Hui Ling Tan,2024-10-17,Indonesia,Budget,25-34
CUST101356,Chen Wei Kaur,2025-04-12,Malaysia,Mainstream,35-44
CUST101357,Ahmad Lee,2026-07-03,Indonesia,Budget,25-34
CUST101358,Farhan Yusof,2026-05-17,Indonesia,Mainstream,35-44
CUST101359,Divya Bin Abdullah,2025-08-30,Indonesia,Premium,35-44
CUST101360,Zhi Hao Yusof,2025-05-27,Indonesia,Budget,35-44
CUST101361,Arif Wong,2025-04-03,Malaysia,Budget,45-54
CUST101362,Xin Yi Nair,2026-04-17,Singapore,Premium,25-34
CUST101363,Arif Tan,2024-10-19,Indonesia,Mainstream,45-54
CUST101364,Divya Lee,2025-08-03,Singapore,Budget,35-44
CUST101365,Nabila Kaur,2025-05-22,Singapore,Budget,25-34
CUST101366,Chen Wei Binte Ismail,2026-07-01,Indonesia,Budget,25-34
CUST101367,Farhan Bin Abdullah,2024-12-05,Malaysia,Mainstream,18-24
CUST101368,Divya Bin Abdullah,2025-06-28,Malaysia,Budget,35-44
CUST101369,Mei Ling Wong,2026-02-17,Thailand,Budget,45-54
CUST101370,Nur Aisyah Lim,2025-12-09,Singapore,Budget,18-24
CUST101371,Ahmad Goh,2025-11-14,Singapore,Mainstream,18-24
CUST101372,Nur Aisyah Lee,2026-07-10,Singapore,Premium,35-44
CUST101373,Siti Osman,2024-09-10,Singapore,Mainstream,25-34
CUST101374,Farhan Goh,2024-12-20,Indonesia,Mainstream,25-34
CUST101375,Siti Lim,2024-10-21,Indonesia,Mainstream,35-44
CUST101376,Divya Nair,2025-11-13,Malaysia,Budget,25-34
CUST101377,Nabila Muthu,2025-06-17,Singapore,Budget,45-54
CUST101378,Suresh Nair,2025-08-29,Malaysia,Budget,25-34
CUST101379,Jia Xin Lee,2025-08-16,Singapore,Budget,35-44
CUST101380,Arif Lee,2025-05-26,Indonesia,Premium,25-34
CUST101381,Jia Xin Tan,2025-09-03,Malaysia,Budget,25-34
CUST101382,Siti Chong,2025-01-11,Singapore,Premium,35-44
CUST101383,Jia Xin Goh,2026-06-17,Indonesia,Budget,35-44
CUST101384,Mei Ling Goh,2026-03-11,Indonesia,Mainstream,55+
CUST101385,Aina Tan,2024-10-16,Singapore,Budget,18-24
CUST101386,Siti Yusof,2024-10-23,Malaysia,Budget,35-44
CUST101387,Ahmad Rahman,2024-12-09,Malaysia,Budget,35-44
CUST101388,Ahmad Muthu,2025-11-02,Singapore,Mainstream,18-24
CUST101389,Jia Xin Tan,2025-08-30,Singapore,Mainstream,45-54
CUST101390,Priya Goh,2026-07-11,Indonesia,Mainstream,25-34
CUST101391,Xin Yi Osman,2026-01-07,Thailand,Premium,45-54
CUST101392,Chen Wei Lim,2025-02-14,Malaysia,Mainstream,35-44
CUST101393,Kumar Tan,2025-11-21,Malaysia,Premium,25-34
CUST101394,Wei Ming Osman,2025-08-13,Malaysia,Budget,35-44
CUST101395,Chen Wei Bin Abdullah,2026-05-01,Malaysia,Budget,25-34
CUST101396,Ravi Chong,2025-08-01,Singapore,Budget,35-44
CUST101397,Hui Ling Muthu,2025-02-18,Malaysia,Mainstream,45-54
CUST101398,Suresh Chong,2025-06-07,Thailand,Mainstream,35-44
CUST101399,Ravi Wong,2025-06-18,Indonesia,Mainstream,25-34
CUST101400,Xin Yi Lee,2024-09-30,Thailand,Premium,25-34
CUST101401,Nabila Tan,2026-02-09,Singapore,Budget,35-44
CUST101402,Nur Aisyah Goh,2025-12-23,Malaysia,Mainstream,35-44
CUST101403,Kumar Rahman,2025-05-01,Malaysia,Mainstream,35-44
CUST101404,Xin Yi Bin Abdullah,2025-08-13,Singapore,Mainstream,25-34
CUST101405,Ahmad Rahman,2024-08-14,Singapore,Budget,45-54
CUST101406,Nur Aisyah Goh,2026-06-16,Indonesia,Budget,45-54
CUST101407,Nur Aisyah Lim,2026-05-01,Indonesia,Budget,35-44
CUST101408,Aina Muthu,2025-11-22,Malaysia,Mainstream,25-34
CUST101409,Arif Yusof,2025-08-29,Singapore,Mainstream,25-34
CUST101410,Ahmad Osman,2024-10-17,Malaysia,Budget,25-34
CUST101411,Arif Goh,2025-08-03,Singapore,Mainstream,45-54
CUST101412,Zhi Hao Osman,2025-09-13,Singapore,Mainstream,45-54
CUST101413,Jia Xin Goh,2026-03-30,Malaysia,Premium,45-54
CUST101414,Zhi Hao Lim,2025-09-15,Singapore,Mainstream,25-34
CUST101415,Chen Wei Chua,2025-07-06,Thailand,Mainstream,35-44
CUST101416,Priya Chong,2025-05-29,Malaysia,Mainstream,45-54
CUST101417,Jia Xin Chong,2025-05-13,Singapore,Mainstream,25-34
CUST101418,Nabila Muthu,2025-09-19,Singapore,Budget,18-24
CUST101419,Siti Goh,2026-04-06,Indonesia,Budget,18-24
CUST101420,Farhan Yusof,2026-04-09,Singapore,Premium,35-44
CUST101421,Xin Yi Kaur,2026-04-08,Singapore,Mainstream,25-34
CUST101422,Mei Ling Lee,2025-05-04,Malaysia,Mainstream,25-34
CUST101423,Suresh Wong,2024-11-11,Singapore,Mainstream,35-44
CUST101424,Kumar Wong,2024-10-23,Malaysia,Mainstream,45-54
CUST101425,Nur Aisyah Wong,2025-12-14,Malaysia,Budget,45-54
CUST101426,Arif Lim,2026-06-01,Singapore,Budget,45-54
CUST101427,Ravi Lim,2025-04-25,Indonesia,Budget,45-54
CUST101428,Divya Chua,2026-07-01,Malaysia,Budget,35-44
CUST101429,Ravi Lee,2025-04-28,Malaysia,Budget,45-54
CUST101430,Nur Aisyah Muthu,2025-10-23,Singapore,Mainstream,25-34
CUST101431,Haziq Nair,2024-11-24,Malaysia,Budget,45-54
CUST101432,Hui Ling Tan,2025-04-29,Singapore,Mainstream,45-54
CUST101433,Priya Bin Abdullah,2025-02-04,Malaysia,Premium,35-44
CUST101434,Suresh Binte Ismail,2025-10-06,Singapore,Budget,25-34
CUST101435,Kumar Goh,2024-11-23,Thailand,Mainstream,25-34
CUST101436,Haziq Binte Ismail,2025-07-11,Singapore,Mainstream,25-34
CUST101437,Jia Xin Kaur,2025-04-29,Thailand,Premium,18-24
CUST101438,Aina Goh,2025-11-08,Thailand,Mainstream,18-24
CUST101439,Suresh Goh,2025-09-04,Malaysia,Budget,25-34
CUST101440,Wei Ming Binte Ismail,2024-11-23,Singapore,Budget,18-24
CUST101441,Divya Tan,2025-10-15,Malaysia,Premium,45-54
CUST101442,Jia Xin Bin Abdullah,2026-07-14,Thailand,Budget,35-44
CUST101443,Chen Wei Tan,2025-10-26,Malaysia,Mainstream,45-54
CUST101444,Arif Bin Abdullah,2025-10-16,Malaysia,Budget,25-34
CUST101445,Arif Chong,2025-09-27,Singapore,Mainstream,25-34
CUST101446,Jia Xin Muthu,2026-06-08,Indonesia,Mainstream,25-34
CUST101447,Kumar Chong,2026-04-26,Singapore,Budget,45-54
CUST101448,Aina Nair,2025-12-05,Singapore,Budget,18-24
CUST101449,Xin Yi Binte Ismail,2025-09-23,Singapore,Budget,35-44
CUST101450,Ahmad Osman,2026-07-08,Malaysia,Mainstream,25-34
CUST101451,Suresh Nair,2025-10-18,Thailand,Mainstream,25-34
CUST101452,Aina Osman,2025-12-08,Indonesia,Budget,18-24
CUST101453,Zhi Hao Goh,2026-07-04,Singapore,Mainstream,35-44
CUST101454,Arif Wong,2026-01-28,Malaysia,Budget,18-24
CUST101455,Arif Lim,2026-01-10,Indonesia,Mainstream,45-54
CUST101456,Mei Ling Binte Ismail,2026-04-16,Malaysia,Mainstream,18-24
CUST101457,Farhan Lee,2025-01-27,Singapore,Premium,25-34
CUST101458,Zhi Hao Goh,2026-06-07,Malaysia,Premium,18-24
CUST101459,Haziq Wong,2025-06-03,Malaysia,Budget,55+
CUST101460,Priya Chua,2025-03-31,Thailand,Budget,35-44
CUST101461,Arif Chong,2024-12-18,Indonesia,Premium,35-44
CUST101462,Farhan Bin Abdullah,2025-06-26,Singapore,Budget,35-44
CUST101463,Zhi Hao Rahman,2025-06-28,Indonesia,Budget,45-54
CUST101464,Nur Aisyah Nair,2025-01-20,Singapore,Budget,18-24
CUST101465,Nur Aisyah Yusof,2024-11-13,Thailand,Mainstream,45-54
CUST101466,Nur Aisyah Lee,2026-02-26,Malaysia,Mainstream,45-54
CUST101467,Haziq Binte Ismail,2024-12-25,Singapore,Premium,18-24
CUST101468,Xin Yi Yusof,2025-08-26,Malaysia,Budget,18-24
CUST101469,Chen Wei Bin Abdullah,2026-05-19,Singapore,Budget,35-44
CUST101470,Ravi Goh,2025-05-08,Singapore,Budget,18-24
CUST101471,Xin Yi Bin Abdullah,2024-08-15,Malaysia,Mainstream,25-34
CUST101472,Haziq Lim,2026-04-18,Indonesia,Budget,25-34
CUST101473,Divya Kaur,2026-07-19,Indonesia,Premium,25-34
CUST101474,Ahmad Kaur,2024-09-28,Malaysia,Mainstream,35-44
CUST101475,Wei Ming Kaur,2025-05-20,Singapore,Mainstream,35-44
CUST101476,Chen Wei Lee,2026-02-20,Malaysia,Mainstream,35-44
CUST101477,Kumar Goh,2024-12-28,Malaysia,Mainstream,35-44
CUST101478,Hui Ling Kaur,2025-10-15,Singapore,Mainstream,25-34
CUST101479,Ahmad Kaur,2025-11-29,Thailand,Budget,35-44
CUST101480,Chen Wei Lee,2025-12-30,Thailand,Mainstream,45-54
CUST101481,Nabila Lim,2025-05-19,Singapore,Mainstream,25-34
CUST101482,Ravi Chong,2026-04-22,Indonesia,Mainstream,35-44
CUST101483,Siti Binte Ismail,2025-11-07,Malaysia,Budget,45-54
CUST101484,Ravi Nair,2025-12-19,Singapore,Premium,35-44
CUST101485,Zhi Hao Tan,2026-06-15,Malaysia,Premium,25-34
CUST101486,Divya Goh,2025-01-18,Singapore,Mainstream,18-24
CUST101487,Wei Ming Kaur,2026-07-23,Singapore,Premium,35-44
CUST101488,Mei Ling Muthu,2024-08-28,Thailand,Mainstream,35-44
CUST101489,Kumar Kaur,2026-05-21,Malaysia,Budget,45-54
CUST101490,Ravi Tan,2025-11-10,Singapore,Mainstream,35-44
CUST101491,Haziq Osman,2026-05-19,Malaysia,Budget,18-24
CUST101492,Ravi Nair,2025-11-04,Thailand,Mainstream,45-54
CUST101493,Ravi Chua,2025-05-10,Malaysia,Mainstream,35-44
CUST101494,Chen Wei Lee,2026-05-27,Thailand,Budget,55+
CUST101495,Mei Ling Nair,2025-07-11,Thailand,Budget,45-54
CUST101496,Nur Aisyah Osman,2025-01-12,Singapore,Mainstream,25-34
CUST101497,Xin Yi Nair,2025-08-31,Indonesia,Mainstream,35-44
CUST101498,Priya Wong,2026-05-08,Indonesia,Premium,35-44
CUST101499,Farhan Nair,2025-03-11,Indonesia,Budget,25-34
CUST101500,Xin Yi Yusof,2026-03-15,Malaysia,Mainstream,35-44
CUST101501,Chen Wei Goh,2026-07-17,Singapore,Budget,25-34
CUST101502,Ravi Wong,2025-09-14,Singapore,Budget,18-24
CUST101503,Divya Lee,2026-01-13,Malaysia,Mainstream,35-44
CUST101504,Zhi Hao Osman,2026-07-09,Indonesia,Budget,25-34
CUST101505,Jia Xin Kaur,2025-01-08,Indonesia,Mainstream,45-54
CUST101506,Wei Ming Chua,2025-05-18,Malaysia,Budget,35-44
CUST101507,Mei Ling Lee,2024-10-03,Singapore,Budget,45-54
CUST101508,Ahmad Binte Ismail,2025-08-13,Singapore,Mainstream,35-44
CUST101509,Divya Chua,2025-09-13,Indonesia,Budget,45-54
CUST101510,Priya Lim,2024-11-21,Malaysia,Budget,25-34
CUST101511,Jia Xin Bin Abdullah,2026-05-31,Indonesia,Budget,55+
CUST101512,Jia Xin Nair,2025-11-07,Singapore,Budget,25-34
CUST101513,Arif Chua,2024-12-23,Malaysia,Mainstream,45-54
CUST101514,Siti Muthu,2025-12-28,Thailand,Budget,35-44
CUST101515,Ravi Rahman,2024-10-21,Singapore,Mainstream,25-34
CUST101516,Divya Lim,2026-01-03,Singapore,Mainstream,35-44
CUST101517,Hui Ling Goh,2025-10-01,Indonesia,Mainstream,25-34
CUST101518,Haziq Bin Abdullah,2024-10-12,Malaysia,Mainstream,25-34
CUST101519,Kumar Bin Abdullah,2026-02-02,Thailand,Mainstream,25-34
CUST101520,Jia Xin Rahman,2024-08-22,Thailand,Premium,25-34
CUST101521,Priya Kaur,2026-06-27,Indonesia,Budget,55+
CUST101522,Nur Aisyah Muthu,2026-01-16,Singapore,Mainstream,35-44
CUST101523,Ravi Chua,2025-05-24,Malaysia,Budget,25-34
CUST101524,Nur Aisyah Yusof,2025-05-22,Thailand,Mainstream,45-54
CUST101525,Haziq Bin Abdullah,2024-10-03,Malaysia,Mainstream,35-44
CUST101526,Xin Yi Wong,2024-08-28,Thailand,Budget,35-44
CUST101527,Xin Yi Kaur,2025-03-22,Indonesia,Budget,35-44
CUST101528,Haziq Bin Abdullah,2025-04-04,Singapore,Budget,18-24
CUST101529,Jia Xin Rahman,2025-12-10,Malaysia,Budget,25-34
CUST101530,Siti Rahman,2024-12-18,Indonesia,Mainstream,45-54
CUST101531,Jia Xin Lim,2025-04-16,Singapore,Budget,45-54
CUST101532,Ravi Chong,2026-07-12,Singapore,Mainstream,45-54
CUST101533,Haziq Yusof,2024-11-29,Indonesia,Premium,18-24
CUST101534,Arif Lim,2025-11-09,Singapore,Budget,45-54
CUST101535,Farhan Kaur,2025-08-16,Singapore,Budget,25-34
CUST101536,Siti Chua,2025-08-09,Indonesia,Budget,35-44
CUST101537,Divya Chua,2024-12-08,Indonesia,Premium,25-34
CUST101538,Arif Osman,2026-01-15,Malaysia,Budget,45-54
CUST101539,Siti Lee,2025-10-16,Thailand,Budget,55+
CUST101540,Farhan Osman,2026-07-01,Thailand,Premium,25-34
CUST101541,Kumar Binte Ismail,2025-11-17,Malaysia,Mainstream,45-54
CUST101542,Priya Wong,2026-05-26,Singapore,Budget,35-44
CUST101543,Nur Aisyah Bin Abdullah,2025-05-30,Indonesia,Premium,25-34
CUST101544,Siti Kaur,2024-10-15,Singapore,Premium,25-34
CUST101545,Priya Wong,2025-08-24,Indonesia,Mainstream,35-44
CUST101546,Ravi Binte Ismail,2024-10-02,Malaysia,Budget,25-34
CUST101547,Chen Wei Chua,2024-08-15,Malaysia,Mainstream,18-24
CUST101548,Nur Aisyah Rahman,2026-06-20,Malaysia,Budget,45-54
CUST101549,Nur Aisyah Rahman,2025-07-18,Malaysia,Mainstream,35-44
CUST101550,Jia Xin Lim,2025-07-09,Thailand,Budget,45-54
CUST101551,Wei Ming Lee,2025-10-21,Singapore,Mainstream,35-44
CUST101552,Ravi Rahman,2024-11-30,Thailand,Mainstream,35-44
CUST101553,Suresh Wong,2025-10-14,Singapore,Premium,45-54
CUST101554,Chen Wei Binte Ismail,2026-06-19,Indonesia,Mainstream,18-24
CUST101555,Ahmad Chua,2025-06-25,Thailand,Budget,25-34
CUST101556,Hui Ling Muthu,2026-03-04,Malaysia,Budget,35-44
CUST101557,Jia Xin Kaur,2025-11-12,Singapore,Mainstream,55+
CUST101558,Zhi Hao Nair,2025-07-28,Indonesia,Budget,25-34
CUST101559,Wei Ming Muthu,2025-02-17,Indonesia,Budget,55+
CUST101560,Zhi Hao Goh,2026-01-07,Singapore,Mainstream,45-54
CUST101561,Mei Ling Nair,2025-10-25,Malaysia,Budget,35-44
CUST101562,Farhan Muthu,2026-06-10,Indonesia,Budget,25-34
CUST101563,Haziq Muthu,2025-10-22,Singapore,Mainstream,18-24
CUST101564,Ahmad Chua,2025-06-01,Malaysia,Premium,35-44
CUST101565,Jia Xin Lee,2025-05-05,Malaysia,Mainstream,18-24
CUST101566,Xin Yi Lim,2025-12-27,Singapore,Budget,25-34
CUST101567,Ravi Tan,2026-06-15,Indonesia,Mainstream,25-34
CUST101568,Divya Kaur,2025-06-03,Singapore,Premium,55+
CUST101569,Mei Ling Kaur,2025-04-07,Thailand,Budget,25-34
CUST101570,Mei Ling Lee,2026-05-28,Malaysia,Mainstream,35-44
CUST101571,Mei Ling Chong,2025-07-26,Malaysia,Mainstream,25-34
CUST101572,Xin Yi Chong,2026-05-21,Malaysia,Mainstream,18-24
CUST101573,Zhi Hao Osman,2025-09-02,Malaysia,Budget,25-34
CUST101574,Nabila Lim,2025-04-18,Indonesia,Premium,45-54
CUST101575,Ravi Binte Ismail,2025-02-19,Indonesia,Budget,35-44
CUST101576,Nur Aisyah Chua,2025-02-23,Indonesia,Budget,25-34
CUST101577,Hui Ling Osman,2025-01-22,Malaysia,Budget,45-54
CUST101578,Xin Yi Goh,2026-02-03,Singapore,Mainstream,18-24
CUST101579,Aina Muthu,2024-11-19,Singapore,Budget,45-54
CUST101580,Arif Muthu,2025-11-16,Indonesia,Mainstream,18-24
CUST101581,Nur Aisyah Rahman,2025-10-29,Malaysia,Premium,45-54
CUST101582,Arif Lee,2025-01-01,Malaysia,Budget,55+
CUST101583,Ravi Rahman,2025-12-03,Malaysia,Mainstream,45-54
CUST101584,Haziq Nair,2026-06-05,Malaysia,Premium,18-24
CUST101585,Zhi Hao Goh,2025-02-23,Indonesia,Budget,35-44
CUST101586,Farhan Wong,2025-04-02,Malaysia,Mainstream,45-54
CUST101587,Nabila Chong,2025-05-31,Thailand,Premium,35-44
CUST101588,Zhi Hao Rahman,2026-04-16,Singapore,Mainstream,25-34
CUST101589,Siti Bin Abdullah,2025-04-24,Malaysia,Mainstream,35-44
CUST101590,Siti Bin Abdullah,2026-03-07,Singapore,Premium,18-24
CUST101591,Ravi Tan,2025-06-19,Indonesia,Mainstream,35-44
CUST101592,Zhi Hao Goh,2025-07-24,Malaysia,Budget,18-24
CUST101593,Xin Yi Lee,2025-01-11,Malaysia,Budget,35-44
CUST101594,Hui Ling Osman,2024-08-16,Indonesia,Mainstream,25-34
CUST101595,Wei Ming Yusof,2026-03-13,Malaysia,Budget,25-34
CUST101596,Aina Bin Abdullah,2026-05-07,Singapore,Budget,18-24
CUST101597,Ravi Bin Abdullah,2025-06-19,Malaysia,Budget,55+
CUST101598,Siti Osman,2024-09-03,Singapore,Mainstream,35-44
CUST101599,Nabila Binte Ismail,2026-04-05,Thailand,Mainstream,35-44
CUST101600,Chen Wei Muthu,2025-08-08,Indonesia,Budget,45-54
CUST101601,Xin Yi Bin Abdullah,2025-10-05,Indonesia,Budget,35-44
CUST101602,Kumar Yusof,2025-12-09,Thailand,Budget,25-34
CUST101603,Nabila Osman,2025-04-01,Indonesia,Budget,35-44
CUST101604,Farhan Binte Ismail,2025-12-26,Malaysia,Mainstream,25-34
CUST101605,Nabila Rahman,2025-08-04,Singapore,Budget,35-44
CUST101606,Priya Goh,2024-11-19,Malaysia,Premium,25-34
CUST101607,Divya Binte Ismail,2025-10-25,Thailand,Budget,55+
CUST101608,Wei Ming Lee,2026-07-14,Thailand,Budget,35-44
CUST101609,Nabila Lee,2024-10-21,Indonesia,Premium,25-34
CUST101610,Aina Binte Ismail,2026-01-10,Singapore,Budget,35-44
CUST101611,Xin Yi Chua,2025-01-11,Singapore,Budget,18-24
CUST101612,Zhi Hao Chua,2025-01-19,Thailand,Budget,25-34
CUST101613,Divya Wong,2025-07-10,Singapore,Mainstream,45-54
CUST101614,Ravi Osman,2026-05-26,Malaysia,Budget,45-54
CUST101615,Haziq Binte Ismail,2024-09-04,Malaysia,Mainstream,35-44
CUST101616,Aina Tan,2025-03-19,Singapore,Mainstream,35-44
CUST101617,Divya Chong,2025-09-23,Indonesia,Premium,25-34
CUST101618,Jia Xin Goh,2024-11-13,Thailand,Mainstream,18-24
CUST101619,Suresh Tan,2024-12-31,Indonesia,Mainstream,35-44
CUST101620,Siti Binte Ismail,2025-01-20,Malaysia,Mainstream,35-44
CUST101621,Suresh Kaur,2026-03-29,Malaysia,Mainstream,18-24
CUST101622,Ravi Osman,2025-04-24,Thailand,Mainstream,18-24
CUST101623,Xin Yi Lim,2026-01-02,Malaysia,Mainstream,18-24
CUST101624,Arif Wong,2026-06-02,Malaysia,Budget,25-34
CUST101625,Priya Chua,2025-11-25,Indonesia,Mainstream,18-24
CUST101626,Nur Aisyah Wong,2026-05-15,Singapore,Budget,25-34
CUST101627,Siti Bin Abdullah,2026-05-13,Singapore,Mainstream,35-44
CUST101628,Nur Aisyah Bin Abdullah,2025-02-14,Thailand,Budget,25-34
CUST101629,Divya Lee,2025-07-28,Malaysia,Budget,25-34
CUST101630,Farhan Kaur,2025-10-12,Singapore,Budget,35-44
CUST101631,Ravi Osman,2026-03-11,Singapore,Budget,45-54
CUST101632,Ahmad Nair,2025-01-13,Thailand,Budget,25-34
CUST101633,Ravi Yusof,2025-04-23,Malaysia,Budget,25-34
CUST101634,Arif Goh,2025-05-28,Malaysia,Mainstream,35-44
CUST101635,Nur Aisyah Lee,2026-03-13,Singapore,Budget,25-34
CUST101636,Aina Lee,2026-04-30,Thailand,Premium,25-34
CUST101637,Siti Muthu,2026-04-30,Thailand,Mainstream,25-34
CUST101638,Hui Ling Binte Ismail,2026-07-11,Malaysia,Budget,25-34
CUST101639,Nabila Yusof,2024-08-21,Singapore,Budget,45-54
CUST101640,Hui Ling Chua,2025-11-03,Indonesia,Budget,45-54
CUST101641,Nabila Lim,2025-04-05,Indonesia,Budget,25-34
CUST101642,Farhan Kaur,2024-08-11,Indonesia,Mainstream,25-34
CUST101643,Arif Binte Ismail,2024-09-14,Thailand,Mainstream,55+
CUST101644,Nur Aisyah Bin Abdullah,2025-12-07,Malaysia,Mainstream,35-44
CUST101645,Farhan Lee,2025-08-06,Singapore,Budget,55+
CUST101646,Siti Rahman,2025-08-25,Malaysia,Mainstream,45-54
CUST101647,Nur Aisyah Chua,2026-07-05,Indonesia,Budget,25-34
CUST101648,Siti Muthu,2025-01-15,Singapore,Mainstream,25-34
CUST101649,Ahmad Osman,2025-06-05,Singapore,Premium,25-34
CUST101650,Zhi Hao Binte Ismail,2025-10-31,Indonesia,Budget,45-54
CUST101651,Zhi Hao Rahman,2025-06-17,Malaysia,Mainstream,25-34
CUST101652,Arif Binte Ismail,2025-02-08,Indonesia,Mainstream,35-44
CUST101653,Kumar Bin Abdullah,2026-07-19,Singapore,Mainstream,35-44
CUST101654,Wei Ming Goh,2025-04-14,Singapore,Budget,45-54
CUST101655,Ahmad Lee,2024-11-08,Singapore,Mainstream,45-54
CUST101656,Chen Wei Binte Ismail,2025-02-14,Indonesia,Budget,18-24
CUST101657,Farhan Osman,2025-05-03,Indonesia,Budget,25-34
CUST101658,Zhi Hao Wong,2026-05-24,Malaysia,Mainstream,35-44
CUST101659,Kumar Tan,2025-02-01,Malaysia,Budget,45-54
CUST101660,Hui Ling Bin Abdullah,2025-01-28,Singapore,Budget,35-44
CUST101661,Xin Yi Nair,2025-08-03,Indonesia,Premium,35-44
CUST101662,Farhan Chua,2025-05-30,Thailand,Budget,45-54
CUST101663,Nur Aisyah Binte Ismail,2025-05-04,Indonesia,Mainstream,25-34
CUST101664,Jia Xin Muthu,2026-05-02,Singapore,Mainstream,18-24
CUST101665,Zhi Hao Osman,2026-01-23,Malaysia,Budget,45-54
CUST101666,Siti Osman,2024-12-28,Singapore,Mainstream,35-44
CUST101667,Hui Ling Binte Ismail,2024-08-18,Singapore,Mainstream,45-54
CUST101668,Ahmad Tan,2026-01-13,Singapore,Mainstream,25-34
CUST101669,Suresh Muthu,2025-10-10,Singapore,Mainstream,35-44
CUST101670,Ahmad Rahman,2024-09-29,Singapore,Premium,25-34
CUST101671,Hui Ling Nair,2026-04-02,Indonesia,Premium,25-34
CUST101672,Ahmad Chua,2026-01-20,Singapore,Budget,18-24
CUST101673,Zhi Hao Lim,2026-06-19,Indonesia,Budget,35-44
CUST101674,Arif Chua,2026-02-08,Thailand,Mainstream,25-34
CUST101675,Nur Aisyah Goh,2025-04-21,Malaysia,Premium,25-34
CUST101676,Arif Yusof,2025-11-17,Malaysia,Mainstream,25-34
CUST101677,Nabila Lee,2024-08-11,Indonesia,Budget,25-34
CUST101678,Hui Ling Muthu,2024-10-17,Singapore,Premium,35-44
CUST101679,Nur Aisyah Kaur,2024-10-14,Malaysia,Budget,35-44
CUST101680,Nabila Chua,2025-02-14,Malaysia,Budget,35-44
CUST101681,Wei Ming Osman,2025-03-04,Indonesia,Mainstream,25-34
CUST101682,Nur Aisyah Chua,2025-07-22,Indonesia,Budget,35-44
CUST101683,Zhi Hao Rahman,2024-08-05,Indonesia,Mainstream,18-24
CUST101684,Farhan Lim,2026-05-21,Indonesia,Budget,35-44
CUST101685,Nabila Binte Ismail,2025-02-17,Malaysia,Mainstream,45-54
CUST101686,Priya Kaur,2026-04-18,Indonesia,Premium,25-34
CUST101687,Aina Kaur,2025-11-24,Thailand,Budget,55+
CUST101688,Ahmad Chong,2026-01-24,Malaysia,Mainstream,25-34
CUST101689,Suresh Wong,2025-05-17,Thailand,Mainstream,35-44
CUST101690,Haziq Chua,2025-01-01,Thailand,Budget,35-44
CUST101691,Nabila Muthu,2026-06-01,Malaysia,Mainstream,35-44
CUST101692,Xin Yi Binte Ismail,2025-05-16,Singapore,Mainstream,35-44
CUST101693,Xin Yi Chua,2026-02-18,Singapore,Budget,18-24
CUST101694,Kumar Yusof,2026-06-03,Indonesia,Premium,35-44
CUST101695,Kumar Kaur,2025-09-28,Singapore,Budget,35-44
CUST101696,Xin Yi Bin Abdullah,2025-05-31,Malaysia,Budget,35-44
CUST101697,Priya Chua,2026-03-04,Malaysia,Budget,18-24
CUST101698,Mei Ling Goh,2025-10-18,Thailand,Mainstream,25-34
CUST101699,Wei Ming Yusof,2024-09-01,Indonesia,Premium,55+
CUST101700,Haziq Muthu,2025-11-18,Indonesia,Budget,25-34
CUST101701,Nur Aisyah Goh,2024-08-02,Malaysia,Budget,25-34
CUST101702,Jia Xin Wong,2024-11-28,Singapore,Budget,25-34
CUST101703,Jia Xin Nair,2025-11-01,Indonesia,Mainstream,35-44
CUST101704,Aina Kaur,2025-06-03,Singapore,Budget,35-44
CUST101705,Hui Ling Goh,2025-02-27,Malaysia,Budget,55+
CUST101706,Siti Lim,2025-08-24,Thailand,Budget,35-44
CUST101707,Divya Lee,2025-10-05,Malaysia,Mainstream,25-34
CUST101708,Zhi Hao Muthu,2025-12-01,Malaysia,Mainstream,18-24
CUST101709,Hui Ling Rahman,2026-04-19,Indonesia,Mainstream,25-34
CUST101710,Ahmad Chua,2026-07-11,Indonesia,Budget,35-44
CUST101711,Zhi Hao Wong,2025-11-26,Malaysia,Mainstream,55+
CUST101712,Zhi Hao Goh,2024-12-26,Malaysia,Mainstream,18-24
CUST101713,Mei Ling Muthu,2026-02-09,Singapore,Mainstream,25-34
CUST101714,Xin Yi Rahman,2026-03-20,Malaysia,Budget,35-44
CUST101715,Siti Chua,2025-12-02,Singapore,Budget,35-44
CUST101716,Siti Wong,2025-05-18,Malaysia,Mainstream,35-44
CUST101717,Siti Nair,2026-02-23,Indonesia,Budget,25-34
CUST101718,Kumar Nair,2026-02-19,Singapore,Mainstream,25-34
CUST101719,Chen Wei Osman,2026-05-08,Malaysia,Budget,35-44
CUST101720,Chen Wei Tan,2025-11-29,Singapore,Budget,25-34
CUST101721,Mei Ling Binte Ismail,2026-02-21,Singapore,Mainstream,35-44
CUST101722,Chen Wei Yusof,2024-11-30,Singapore,Budget,25-34
CUST101723,Priya Chong,2024-10-06,Singapore,Budget,35-44
CUST101724,Zhi Hao Kaur,2025-11-01,Thailand,Mainstream,55+
CUST101725,Mei Ling Tan,2026-05-28,Thailand,Budget,35-44
CUST101726,Mei Ling Wong,2026-05-27,Indonesia,Premium,25-34
CUST101727,Haziq Osman,2025-12-04,Malaysia,Budget,55+
CUST101728,Xin Yi Tan,2025-08-25,Indonesia,Premium,25-34
CUST101729,Haziq Wong,2025-07-09,Thailand,Mainstream,45-54
CUST101730,Farhan Goh,2025-12-19,Malaysia,Budget,18-24
CUST101731,Suresh Tan,2025-11-13,Singapore,Mainstream,45-54
CUST101732,Jia Xin Chua,2026-01-03,Indonesia,Mainstream,25-34
CUST101733,Ahmad Binte Ismail,2025-07-17,Thailand,Mainstream,25-34
CUST101734,Ahmad Osman,2025-03-08,Singapore,Budget,55+
CUST101735,Siti Chua,2026-06-28,Malaysia,Premium,35-44
CUST101736,Ravi Muthu,2025-08-14,Malaysia,Mainstream,25-34
CUST101737,Kumar Binte Ismail,2025-04-12,Malaysia,Premium,18-24
CUST101738,Ahmad Kaur,2025-03-26,Indonesia,Mainstream,18-24
CUST101739,Farhan Chua,2025-06-13,Malaysia,Mainstream,25-34
CUST101740,Xin Yi Binte Ismail,2025-07-11,Thailand,Mainstream,35-44
CUST101741,Xin Yi Binte Ismail,2025-03-19,Indonesia,Mainstream,35-44
CUST101742,Farhan Tan,2025-10-26,Singapore,Premium,55+
CUST101743,Priya Goh,2025-06-10,Indonesia,Mainstream,45-54
CUST101744,Farhan Yusof,2025-12-08,Indonesia,Budget,55+
CUST101745,Arif Nair,2025-09-13,Malaysia,Mainstream,35-44
CUST101746,Jia Xin Chua,2026-04-30,Malaysia,Budget,25-34
CUST101747,Chen Wei Kaur,2025-11-16,Indonesia,Premium,35-44
CUST101748,Arif Kaur,2026-04-17,Malaysia,Mainstream,25-34
CUST101749,Arif Lee,2026-02-14,Singapore,Mainstream,25-34
CUST101750,Hui Ling Nair,2025-09-26,Singapore,Budget,45-54
CUST101751,Priya Binte Ismail,2025-07-29,Singapore,Mainstream,35-44
CUST101752,Wei Ming Muthu,2024-09-10,Indonesia,Budget,25-34
CUST101753,Haziq Osman,2026-07-10,Singapore,Mainstream,25-34
CUST101754,Hui Ling Wong,2024-10-12,Malaysia,Mainstream,25-34
CUST101755,Nabila Chong,2025-12-02,Malaysia,Mainstream,35-44
CUST101756,Arif Bin Abdullah,2025-02-16,Indonesia,Budget,25-34
CUST101757,Kumar Goh,2025-03-22,Malaysia,Mainstream,45-54
CUST101758,Nur Aisyah Muthu,2024-08-20,Thailand,Mainstream,35-44
CUST101759,Aina Muthu,2026-05-11,Thailand,Premium,25-34
CUST101760,Haziq Rahman,2024-08-22,Singapore,Premium,35-44
CUST101761,Haziq Bin Abdullah,2026-06-14,Indonesia,Mainstream,45-54
CUST101762,Kumar Binte Ismail,2024-10-27,Singapore,Budget,45-54
CUST101763,Arif Lim,2025-04-09,Indonesia,Budget,35-44
CUST101764,Nur Aisyah Lim,2025-08-12,Malaysia,Premium,25-34
CUST101765,Jia Xin Lim,2025-10-12,Singapore,Premium,35-44
CUST101766,Hui Ling Goh,2026-05-22,Singapore,Budget,45-54
CUST101767,Hui Ling Lim,2024-12-21,Malaysia,Mainstream,55+
CUST101768,Wei Ming Lim,2025-02-13,Indonesia,Budget,25-34
CUST101769,Ahmad Osman,2024-09-13,Indonesia,Budget,35-44
CUST101770,Ravi Chong,2025-02-11,Singapore,Premium,25-34
CUST101771,Hui Ling Chua,2024-08-30,Singapore,Premium,18-24
CUST101772,Wei Ming Nair,2024-10-20,Malaysia,Premium,25-34
CUST101773,Farhan Muthu,2025-09-22,Malaysia,Budget,18-24
CUST101774,Priya Nair,2025-03-03,Singapore,Mainstream,35-44
CUST101775,Farhan Kaur,2026-01-18,Singapore,Premium,25-34
CUST101776,Chen Wei Yusof,2024-12-26,Thailand,Mainstream,35-44
CUST101777,Farhan Lee,2025-05-11,Malaysia,Budget,35-44
CUST101778,Ravi Wong,2025-09-11,Indonesia,Mainstream,25-34
CUST101779,Nur Aisyah Kaur,2025-04-27,Malaysia,Budget,35-44
CUST101780,Hui Ling Bin Abdullah,2026-01-08,Malaysia,Mainstream,25-34
CUST101781,Farhan Chua,2025-05-01,Malaysia,Premium,18-24
CUST101782,Xin Yi Binte Ismail,2025-08-17,Singapore,Budget,55+
CUST101783,Farhan Bin Abdullah,2025-12-07,Singapore,Budget,18-24
CUST101784,Xin Yi Binte Ismail,2024-08-16,Thailand,Mainstream,25-34
CUST101785,Xin Yi Osman,2026-06-13,Thailand,Mainstream,35-44
CUST101786,Aina Rahman,2025-01-22,Indonesia,Budget,25-34
CUST101787,Nabila Yusof,2026-02-26,Singapore,Budget,25-34
CUST101788,Zhi Hao Osman,2026-02-17,Singapore,Mainstream,35-44
CUST101789,Suresh Lim,2026-04-08,Singapore,Budget,35-44
CUST101790,Suresh Chua,2026-05-16,Thailand,Mainstream,35-44
CUST101791,Siti Rahman,2026-04-30,Indonesia,Mainstream,45-54
CUST101792,Xin Yi Binte Ismail,2024-11-29,Malaysia,Budget,18-24
CUST101793,Mei Ling Yusof,2024-09-21,Thailand,Mainstream,25-34
CUST101794,Aina Muthu,2025-05-29,Singapore,Mainstream,25-34
CUST101795,Arif Rahman,2026-07-19,Malaysia,Mainstream,18-24
CUST101796,Nabila Chong,2024-11-05,Singapore,Mainstream,55+
CUST101797,Siti Rahman,2025-05-16,Singapore,Budget,35-44
CUST101798,Priya Chong,2025-07-14,Thailand,Budget,25-34
CUST101799,Kumar Nair,2024-09-06,Thailand,Mainstream,25-34
CUST101800,Farhan Nair,2025-10-03,Singapore,Mainstream,25-34
CUST101801,Nur Aisyah Nair,2025-11-09,Singapore,Budget,35-44
CUST101802,Chen Wei Bin Abdullah,2025-01-06,Malaysia,Budget,25-34
CUST101803,Priya Yusof,2025-07-10,Singapore,Mainstream,55+
CUST101804,Zhi Hao Yusof,2025-02-21,Malaysia,Budget,25-34
CUST101805,Divya Yusof,2025-03-09,Malaysia,Premium,25-34
CUST101806,Zhi Hao Lim,2024-11-24,Singapore,Mainstream,55+
CUST101807,Xin Yi Lee,2025-12-10,Singapore,Budget,45-54
CUST101808,Hui Ling Lee,2026-06-07,Singapore,Mainstream,25-34
CUST101809,Farhan Lim,2025-08-15,Thailand,Budget,35-44
CUST101810,Nabila Binte Ismail,2025-04-13,Malaysia,Premium,45-54
CUST101811,Priya Lee,2024-12-10,Malaysia,Premium,35-44
CUST101812,Haziq Chua,2026-01-16,Singapore,Mainstream,35-44
CUST101813,Xin Yi Binte Ismail,2025-01-31,Indonesia,Mainstream,35-44
CUST101814,Haziq Osman,2024-11-29,Singapore,Premium,55+
CUST101815,Mei Ling Chong,2024-12-16,Singapore,Mainstream,35-44
CUST101816,Wei Ming Chua,2024-12-17,Indonesia,Premium,25-34
CUST101817,Nabila Kaur,2024-08-08,Indonesia,Budget,35-44
CUST101818,Ahmad Kaur,2025-04-03,Singapore,Premium,35-44
CUST101819,Hui Ling Nair,2025-11-01,Malaysia,Mainstream,35-44
CUST101820,Ravi Muthu,2025-09-14,Thailand,Budget,25-34
CUST101821,Chen Wei Kaur,2025-01-30,Singapore,Premium,35-44
CUST101822,Nabila Kaur,2026-02-07,Singapore,Mainstream,25-34
CUST101823,Zhi Hao Nair,2025-05-15,Malaysia,Premium,55+
CUST101824,Nabila Chua,2025-06-06,Singapore,Budget,25-34
CUST101825,Arif Lim,2025-03-30,Malaysia,Mainstream,35-44
CUST101826,Farhan Kaur,2025-09-25,Indonesia,Mainstream,35-44
CUST101827,Aina Kaur,2025-02-04,Malaysia,Budget,18-24
CUST101828,Ahmad Muthu,2026-06-07,Malaysia,Mainstream,25-34
CUST101829,Priya Kaur,2025-01-28,Malaysia,Mainstream,18-24
CUST101830,Divya Kaur,2024-12-14,Indonesia,Budget,45-54
CUST101831,Nabila Goh,2024-10-21,Singapore,Mainstream,35-44
CUST101832,Ahmad Lee,2024-09-24,Singapore,Budget,18-24
CUST101833,Divya Bin Abdullah,2025-11-16,Indonesia,Mainstream,35-44
CUST101834,Farhan Binte Ismail,2026-06-26,Singapore,Premium,55+
CUST101835,Arif Lim,2025-04-08,Singapore,Mainstream,25-34
CUST101836,Divya Tan,2026-05-25,Singapore,Mainstream,45-54
CUST101837,Zhi Hao Lee,2026-01-06,Indonesia,Budget,25-34
CUST101838,Jia Xin Chua,2025-03-04,Singapore,Budget,18-24
CUST101839,Ahmad Chua,2025-05-21,Indonesia,Premium,35-44
CUST101840,Ravi Tan,2025-05-13,Indonesia,Budget,25-34
CUST101841,Siti Chong,2025-01-27,Malaysia,Budget,45-54
CUST101842,Nabila Bin Abdullah,2026-03-31,Singapore,Budget,35-44
CUST101843,Arif Goh,2024-12-29,Indonesia,Mainstream,35-44
CUST101844,Nabila Bin Abdullah,2025-05-27,Singapore,Mainstream,35-44
CUST101845,Farhan Nair,2025-09-26,Thailand,Budget,35-44
CUST101846,Nur Aisyah Rahman,2025-08-25,Indonesia,Budget,35-44
CUST101847,Jia Xin Nair,2025-07-23,Singapore,Budget,35-44
CUST101848,Priya Lee,2025-06-23,Indonesia,Budget,45-54
CUST101849,Kumar Chua,2025-11-28,Malaysia,Budget,35-44
CUST101850,Nur Aisyah Binte Ismail,2026-02-17,Malaysia,Mainstream,25-34
CUST101851,Siti Muthu,2026-03-28,Malaysia,Mainstream,25-34
CUST101852,Chen Wei Kaur,2025-11-23,Malaysia,Budget,25-34
CUST101853,Nur Aisyah Chua,2026-01-20,Indonesia,Mainstream,25-34
CUST101854,Mei Ling Osman,2025-07-18,Thailand,Mainstream,25-34
CUST101855,Jia Xin Goh,2024-10-02,Singapore,Budget,25-34
CUST101856,Haziq Binte Ismail,2026-05-12,Malaysia,Budget,18-24
CUST101857,Ravi Rahman,2025-12-16,Indonesia,Mainstream,45-54
CUST101858,Priya Binte Ismail,2026-06-24,Indonesia,Budget,45-54
CUST101859,Aina Binte Ismail,2024-08-17,Malaysia,Mainstream,25-34
CUST101860,Zhi Hao Chong,2025-03-05,Malaysia,Mainstream,55+
CUST101861,Xin Yi Goh,2026-02-03,Indonesia,Premium,55+
CUST101862,Wei Ming Goh,2025-09-30,Singapore,Budget,45-54
CUST101863,Arif Kaur,2025-02-17,Singapore,Budget,18-24
CUST101864,Priya Nair,2024-08-29,Malaysia,Premium,25-34
CUST101865,Ravi Osman,2025-06-06,Singapore,Mainstream,25-34
CUST101866,Farhan Muthu,2026-01-13,Singapore,Budget,35-44
CUST101867,Priya Binte Ismail,2025-03-08,Singapore,Mainstream,35-44
CUST101868,Jia Xin Kaur,2025-03-16,Indonesia,Budget,35-44
CUST101869,Aina Osman,2025-04-15,Thailand,Mainstream,45-54
CUST101870,Siti Rahman,2026-06-26,Malaysia,Premium,55+
CUST101871,Chen Wei Lee,2025-03-01,Singapore,Mainstream,35-44
CUST101872,Siti Goh,2026-07-15,Indonesia,Mainstream,45-54
CUST101873,Farhan Goh,2024-10-06,Singapore,Premium,45-54
CUST101874,Chen Wei Muthu,2024-10-24,Thailand,Mainstream,25-34
CUST101875,Divya Chua,2025-06-13,Malaysia,Budget,45-54
CUST101876,Nabila Rahman,2025-04-14,Singapore,Mainstream,18-24
CUST101877,Wei Ming Rahman,2026-06-10,Malaysia,Budget,25-34
CUST101878,Zhi Hao Chong,2024-10-29,Singapore,Budget,55+
CUST101879,Hui Ling Chong,2026-01-13,Indonesia,Mainstream,25-34
CUST101880,Nur Aisyah Kaur,2026-01-19,Singapore,Budget,25-34
CUST101881,Divya Nair,2025-02-28,Thailand,Budget,55+
CUST101882,Farhan Lee,2024-09-12,Indonesia,Mainstream,25-34
CUST101883,Aina Chua,2025-08-03,Thailand,Budget,25-34
CUST101884,Haziq Wong,2025-07-24,Thailand,Mainstream,18-24
CUST101885,Farhan Rahman,2025-06-24,Singapore,Budget,35-44
CUST101886,Ahmad Lim,2025-12-29,Malaysia,Mainstream,25-34
CUST101887,Farhan Bin Abdullah,2025-05-20,Indonesia,Premium,18-24
CUST101888,Ahmad Osman,2024-08-27,Malaysia,Budget,45-54
CUST101889,Nabila Lee,2025-10-23,Singapore,Mainstream,25-34
CUST101890,Hui Ling Binte Ismail,2025-01-11,Singapore,Budget,35-44
CUST101891,Arif Chua,2025-01-11,Singapore,Budget,18-24
CUST101892,Nabila Chong,2024-11-15,Thailand,Budget,35-44
CUST101893,Nur Aisyah Tan,2025-02-16,Malaysia,Budget,35-44
CUST101894,Nabila Rahman,2024-09-25,Indonesia,Budget,25-34
CUST101895,Arif Bin Abdullah,2025-02-23,Thailand,Mainstream,25-34
CUST101896,Kumar Nair,2024-08-16,Singapore,Mainstream,25-34
CUST101897,Suresh Rahman,2025-02-22,Indonesia,Premium,18-24
CUST101898,Aina Tan,2024-11-26,Singapore,Premium,18-24
CUST101899,Wei Ming Tan,2024-10-18,Singapore,Budget,35-44
CUST101900,Chen Wei Chong,2024-08-11,Singapore,Budget,18-24
CUST101901,Haziq Tan,2025-05-21,Singapore,Budget,25-34
CUST101902,Wei Ming Osman,2025-02-26,Malaysia,Mainstream,25-34
CUST101903,Arif Bin Abdullah,2024-08-23,Malaysia,Premium,45-54
CUST101904,Ahmad Nair,2025-10-25,Singapore,Budget,25-34
CUST101905,Siti Lee,2026-05-03,Singapore,Budget,35-44
CUST101906,Aina Lee,2024-10-22,Indonesia,Budget,35-44
CUST101907,Jia Xin Lim,2025-04-24,Singapore,Premium,25-34
CUST101908,Mei Ling Osman,2025-09-20,Indonesia,Mainstream,25-34
CUST101909,Zhi Hao Muthu,2025-02-21,Thailand,Mainstream,25-34
CUST101910,Arif Tan,2026-07-06,Indonesia,Mainstream,35-44
CUST101911,Ahmad Bin Abdullah,2025-08-15,Malaysia,Budget,25-34
CUST101912,Divya Muthu,2026-01-17,Indonesia,Budget,18-24
CUST101913,Priya Chong,2025-12-31,Indonesia,Mainstream,55+
CUST101914,Aina Bin Abdullah,2024-08-21,Thailand,Mainstream,35-44
CUST101915,Suresh Binte Ismail,2025-06-23,Thailand,Budget,18-24
CUST101916,Haziq Nair,2026-04-18,Malaysia,Budget,45-54
CUST101917,Arif Yusof,2025-11-05,Malaysia,Budget,25-34
CUST101918,Nur Aisyah Chong,2026-02-02,Indonesia,Budget,18-24
CUST101919,Nabila Goh,2024-10-04,Singapore,Budget,25-34
CUST101920,Suresh Kaur,2025-12-29,Malaysia,Budget,55+
CUST101921,Divya Rahman,2025-11-11,Indonesia,Mainstream,25-34
CUST101922,Chen Wei Kaur,2025-11-28,Indonesia,Mainstream,45-54
CUST101923,Xin Yi Wong,2026-03-23,Malaysia,Mainstream,35-44
CUST101924,Ravi Binte Ismail,2025-01-06,Singapore,Mainstream,35-44
CUST101925,Ravi Tan,2025-06-04,Singapore,Premium,25-34
CUST101926,Arif Wong,2025-09-14,Malaysia,Premium,18-24
CUST101927,Mei Ling Yusof,2025-10-13,Thailand,Budget,35-44
CUST101928,Jia Xin Tan,2025-03-30,Thailand,Budget,25-34
CUST101929,Priya Lee,2026-05-20,Malaysia,Budget,35-44
CUST101930,Ahmad Nair,2024-09-17,Singapore,Premium,18-24
CUST101931,Siti Nair,2025-06-12,Indonesia,Budget,45-54
CUST101932,Zhi Hao Chua,2026-02-13,Indonesia,Budget,35-44
CUST101933,Ahmad Osman,2025-07-02,Malaysia,Mainstream,35-44
CUST101934,Siti Yusof,2024-11-15,Malaysia,Mainstream,35-44
CUST101935,Wei Ming Lim,2026-03-25,Singapore,Mainstream,25-34
CUST101936,Suresh Kaur,2025-07-12,Indonesia,Mainstream,25-34
CUST101937,Zhi Hao Nair,2025-05-19,Malaysia,Mainstream,18-24
CUST101938,Aina Binte Ismail,2024-12-15,Malaysia,Premium,35-44
CUST101939,Nur Aisyah Tan,2025-06-10,Thailand,Budget,18-24
CUST101940,Suresh Binte Ismail,2025-02-07,Indonesia,Premium,18-24
CUST101941,Divya Lee,2025-01-11,Thailand,Mainstream,18-24
CUST101942,Nur Aisyah Lee,2024-10-17,Malaysia,Budget,25-34
CUST101943,Hui Ling Bin Abdullah,2025-11-08,Malaysia,Premium,35-44
CUST101944,Arif Osman,2025-03-03,Thailand,Premium,35-44
CUST101945,Divya Muthu,2026-01-29,Thailand,Mainstream,25-34
CUST101946,Farhan Binte Ismail,2024-11-20,Thailand,Premium,25-34
CUST101947,Zhi Hao Muthu,2024-09-03,Indonesia,Budget,35-44
CUST101948,Ahmad Tan,2025-12-27,Malaysia,Budget,35-44
CUST101949,Priya Muthu,2025-06-15,Singapore,Budget,45-54
CUST101950,Ahmad Goh,2024-12-06,Malaysia,Premium,45-54
CUST101951,Ahmad Tan,2026-07-10,Thailand,Mainstream,45-54
CUST101952,Suresh Chua,2025-03-02,Malaysia,Premium,45-54
CUST101953,Ravi Goh,2024-12-07,Indonesia,Mainstream,45-54
CUST101954,Nur Aisyah Muthu,2024-11-01,Thailand,Mainstream,35-44
CUST101955,Siti Goh,2026-03-08,Thailand,Budget,35-44
CUST101956,Nur Aisyah Chong,2025-01-23,Thailand,Budget,35-44
CUST101957,Xin Yi Lim,2025-01-02,Malaysia,Mainstream,25-34
CUST101958,Hui Ling Osman,2026-07-27,Malaysia,Mainstream,25-34
CUST101959,Hui Ling Nair,2025-03-02,Thailand,Budget,55+
CUST101960,Chen Wei Nair,2025-04-28,Singapore,Premium,35-44
CUST101961,Mei Ling Lee,2024-08-21,Singapore,Mainstream,18-24
CUST101962,Zhi Hao Chong,2026-06-28,Thailand,Budget,25-34
CUST101963,Ahmad Bin Abdullah,2024-08-24,Indonesia,Premium,25-34
CUST101964,Aina Chua,2025-06-07,Malaysia,Mainstream,25-34
CUST101965,Ravi Lim,2026-01-10,Singapore,Mainstream,35-44
CUST101966,Ravi Yusof,2025-10-20,Malaysia,Budget,35-44
CUST101967,Nur Aisyah Osman,2025-01-16,Thailand,Budget,35-44
CUST101968,Ahmad Kaur,2024-08-01,Malaysia,Budget,18-24
CUST101969,Ravi Kaur,2025-12-10,Malaysia,Mainstream,25-34
CUST101970,Ahmad Rahman,2024-08-10,Malaysia,Mainstream,18-24
CUST101971,Chen Wei Goh,2025-04-26,Thailand,Premium,25-34
CUST101972,Arif Yusof,2026-03-11,Thailand,Premium,35-44
CUST101973,Wei Ming Wong,2025-05-19,Malaysia,Budget,18-24
CUST101974,Nabila Bin Abdullah,2024-12-21,Malaysia,Premium,55+
CUST101975,Jia Xin Binte Ismail,2026-06-20,Singapore,Budget,35-44
CUST101976,Ravi Lee,2026-06-02,Malaysia,Budget,25-34
CUST101977,Divya Goh,2026-07-26,Singapore,Mainstream,25-34
CUST101978,Ahmad Chua,2025-06-08,Malaysia,Premium,18-24
CUST101979,Hui Ling Binte Ismail,2026-06-17,Malaysia,Premium,18-24
CUST101980,Chen Wei Osman,2024-09-17,Singapore,Mainstream,55+
CUST101981,Aina Wong,2026-04-27,Singapore,Budget,35-44
CUST101982,Nur Aisyah Osman,2026-06-07,Singapore,Budget,45-54
CUST101983,Xin Yi Binte Ismail,2026-01-22,Singapore,Budget,35-44
CUST101984,Divya Nair,2025-01-18,Indonesia,Mainstream,45-54
CUST101985,Mei Ling Muthu,2024-10-05,Singapore,Mainstream,45-54
CUST101986,Arif Binte Ismail,2026-01-27,Singapore,Budget,18-24
CUST101987,Hui Ling Yusof,2025-07-16,Thailand,Mainstream,25-34
CUST101988,Zhi Hao Goh,2025-01-11,Singapore,Mainstream,25-34
CUST101989,Ahmad Bin Abdullah,2024-12-25,Thailand,Mainstream,25-34
CUST101990,Mei Ling Lim,2026-04-09,Malaysia,Budget,35-44
CUST101991,Aina Yusof,2024-11-25,Indonesia,Budget,25-34
CUST101992,Suresh Wong,2024-11-03,Malaysia,Mainstream,45-54
CUST101993,Priya Lim,2025-02-08,Singapore,Mainstream,18-24
CUST101994,Farhan Kaur,2025-07-10,Indonesia,Budget,45-54
CUST101995,Xin Yi Chua,2025-10-17,Indonesia,Budget,25-34
CUST101996,Arif Rahman,2024-10-18,Singapore,Premium,18-24
CUST101997,Ahmad Wong,2024-11-06,Indonesia,Mainstream,45-54
CUST101998,Wei Ming Osman,2025-07-16,Malaysia,Budget,25-34
CUST101999,Ravi Kaur,2025-02-03,Thailand,Mainstream,35-44
CUST102000,Priya Osman,2025-10-11,Indonesia,Mainstream,45-54
CUST102001,Wei Ming Lee,2025-02-02,Singapore,Budget,18-24
CUST102002,Haziq Goh,2026-05-25,Thailand,Budget,25-34
CUST102003,Kumar Nair,2024-10-09,Thailand,Premium,18-24
CUST102004,Nur Aisyah Lim,2025-07-18,Indonesia,Mainstream,18-24
CUST102005,Jia Xin Muthu,2025-05-18,Singapore,Budget,55+
CUST102006,Aina Kaur,2026-03-13,Indonesia,Mainstream,45-54
CUST102007,Kumar Bin Abdullah,2025-07-09,Malaysia,Mainstream,25-34
CUST102008,Kumar Bin Abdullah,2026-07-27,Singapore,Mainstream,35-44
CUST102009,Nur Aisyah Yusof,2024-10-18,Thailand,Budget,55+
CUST102010,Arif Tan,2025-01-29,Malaysia,Budget,25-34
CUST102011,Ahmad Rahman,2025-09-01,Thailand,Budget,18-24
CUST102012,Mei Ling Bin Abdullah,2024-11-26,Indonesia,Premium,45-54
CUST102013,Siti Lee,2024-12-14,Singapore,Mainstream,35-44
CUST102014,Aina Lee,2026-05-04,Thailand,Mainstream,25-34
CUST102015,Ahmad Kaur,2026-06-20,Malaysia,Budget,35-44
CUST102016,Kumar Rahman,2026-01-25,Malaysia,Mainstream,25-34
CUST102017,Farhan Tan,2026-07-29,Malaysia,Mainstream,35-44
CUST102018,Aina Nair,2025-06-06,Singapore,Mainstream,35-44
CUST102019,Priya Wong,2025-07-09,Indonesia,Budget,25-34
CUST102020,Priya Nair,2025-07-02,Malaysia,Mainstream,45-54
CUST102021,Xin Yi Lim,2026-06-06,Thailand,Budget,35-44
CUST102022,Farhan Tan,2024-09-27,Thailand,Budget,35-44
CUST102023,Mei Ling Binte Ismail,2024-08-16,Indonesia,Mainstream,35-44
CUST102024,Priya Lee,2025-05-24,Singapore,Budget,25-34
CUST102025,Priya Wong,2026-07-25,Indonesia,Budget,25-34
CUST102026,Xin Yi Osman,2025-10-13,Singapore,Premium,25-34
CUST102027,Wei Ming Wong,2025-02-20,Indonesia,Budget,35-44
CUST102028,Haziq Kaur,2025-01-29,Malaysia,Mainstream,35-44
CUST102029,Siti Chong,2026-02-02,Thailand,Mainstream,25-34
CUST102030,Arif Tan,2024-12-06,Malaysia,Mainstream,55+
CUST102031,Zhi Hao Kaur,2024-08-22,Singapore,Budget,45-54
CUST102032,Xin Yi Wong,2025-07-23,Thailand,Mainstream,18-24
CUST102033,Suresh Lee,2025-10-24,Malaysia,Mainstream,25-34
CUST102034,Ravi Lim,2025-07-10,Thailand,Budget,35-44
CUST102035,Hui Ling Chua,2026-07-10,Thailand,Mainstream,18-24
CUST102036,Haziq Goh,2025-07-12,Malaysia,Premium,55+
CUST102037,Priya Tan,2026-07-10,Malaysia,Budget,35-44
CUST102038,Nabila Nair,2026-07-04,Malaysia,Budget,18-24
CUST102039,Siti Chua,2025-06-21,Indonesia,Mainstream,25-34
CUST102040,Chen Wei Rahman,2025-07-22,Thailand,Mainstream,25-34
CUST102041,Xin Yi Chua,2024-08-08,Singapore,Mainstream,35-44
CUST102042,Ahmad Nair,2025-07-24,Indonesia,Budget,25-34
CUST102043,Kumar Muthu,2024-08-13,Singapore,Budget,45-54
CUST102044,Nabila Goh,2024-12-17,Malaysia,Mainstream,35-44
CUST102045,Ravi Tan,2025-11-25,Indonesia,Premium,45-54
CUST102046,Jia Xin Lee,2024-09-21,Thailand,Budget,25-34
CUST102047,Nabila Chong,2025-08-11,Malaysia,Premium,25-34
CUST102048,Ahmad Bin Abdullah,2025-05-21,Malaysia,Budget,45-54
CUST102049,Xin Yi Wong,2026-05-17,Singapore,Budget,25-34
CUST102050,Hui Ling Goh,2026-02-24,Singapore,Mainstream,25-34
CUST102051,Nur Aisyah Tan,2025-07-13,Malaysia,Budget,55+
CUST102052,Hui Ling Lee,2026-01-12,Thailand,Mainstream,45-54
CUST102053,Arif Osman,2025-05-18,Malaysia,Budget,45-54
CUST102054,Ahmad Rahman,2026-06-01,Singapore,Mainstream,25-34
CUST102055,Wei Ming Kaur,2026-01-27,Indonesia,Budget,35-44
CUST102056,Nur Aisyah Goh,2025-03-31,Singapore,Mainstream,25-34
CUST102057,Kumar Kaur,2025-05-09,Singapore,Premium,25-34
CUST102058,Wei Ming Lim,2024-08-10,Thailand,Budget,18-24
CUST102059,Siti Tan,2024-10-11,Singapore,Budget,45-54
CUST102060,Ravi Goh,2024-12-15,Malaysia,Premium,25-34
CUST102061,Nabila Binte Ismail,2026-07-29,Malaysia,Budget,35-44
CUST102062,Xin Yi Kaur,2025-05-16,Singapore,Mainstream,45-54
CUST102063,Wei Ming Lim,2026-02-12,Singapore,Mainstream,45-54
CUST102064,Ahmad Lee,2026-01-16,Singapore,Premium,25-34
CUST102065,Wei Ming Muthu,2026-02-26,Singapore,Budget,35-44
CUST102066,Ravi Kaur,2025-08-31,Thailand,Budget,35-44
CUST102067,Nabila Goh,2026-04-30,Malaysia,Budget,25-34
CUST102068,Nabila Binte Ismail,2025-07-06,Malaysia,Budget,18-24
CUST102069,Suresh Kaur,2026-03-30,Malaysia,Budget,35-44
CUST102070,Ravi Osman,2025-07-29,Thailand,Premium,45-54
CUST102071,Nur Aisyah Lee,2025-04-29,Singapore,Budget,55+
CUST102072,Arif Rahman,2026-03-20,Thailand,Budget,25-34
CUST102073,Farhan Osman,2026-05-16,Singapore,Budget,25-34
CUST102074,Suresh Wong,2024-12-18,Thailand,Budget,25-34
CUST102075,Priya Kaur,2025-02-05,Singapore,Mainstream,55+
CUST102076,Chen Wei Goh,2026-01-20,Singapore,Budget,45-54
CUST102077,Siti Bin Abdullah,2024-10-20,Malaysia,Mainstream,55+
CUST102078,Ravi Rahman,2026-02-18,Singapore,Mainstream,35-44
CUST102079,Nur Aisyah Tan,2024-09-21,Indonesia,Budget,25-34
CUST102080,Farhan Wong,2026-05-08,Indonesia,Mainstream,35-44
CUST102081,Divya Binte Ismail,2025-04-04,Indonesia,Budget,25-34
CUST102082,Ravi Yusof,2026-07-16,Singapore,Budget,25-34
CUST102083,Mei Ling Bin Abdullah,2026-03-07,Indonesia,Premium,18-24
CUST102084,Ahmad Yusof,2025-10-07,Singapore,Premium,18-24
CUST102085,Jia Xin Binte Ismail,2026-05-28,Thailand,Budget,25-34
CUST102086,Ahmad Wong,2025-08-30,Indonesia,Mainstream,55+
CUST102087,Farhan Wong,2026-02-10,Malaysia,Budget,35-44
CUST102088,Priya Yusof,2026-05-18,Thailand,Mainstream,45-54
CUST102089,Mei Ling Lee,2024-08-26,Malaysia,Mainstream,25-34
CUST102090,Aina Wong,2024-08-12,Malaysia,Budget,35-44
CUST102091,Arif Osman,2024-08-26,Singapore,Premium,25-34
CUST102092,Hui Ling Chong,2026-04-08,Indonesia,Mainstream,18-24
CUST102093,Kumar Binte Ismail,2025-10-24,Malaysia,Budget,25-34
CUST102094,Wei Ming Muthu,2025-12-02,Singapore,Premium,18-24
CUST102095,Farhan Wong,2025-12-04,Indonesia,Mainstream,45-54
CUST102096,Ravi Tan,2025-09-28,Singapore,Budget,45-54
CUST102097,Divya Kaur,2025-07-22,Indonesia,Mainstream,25-34
CUST102098,Divya Lim,2025-08-09,Singapore,Premium,35-44
CUST102099,Nabila Binte Ismail,2025-12-29,Malaysia,Premium,25-34
CUST102100,Aina Chua,2024-08-13,Thailand,Budget,25-34
CUST102101,Priya Lim,2024-08-13,Singapore,Mainstream,35-44
CUST102102,Kumar Osman,2025-11-30,Indonesia,Premium,45-54
CUST102103,Chen Wei Goh,2026-02-18,Malaysia,Premium,45-54
CUST102104,Siti Nair,2025-07-06,Thailand,Budget,18-24
CUST102105,Nur Aisyah Yusof,2025-11-02,Singapore,Mainstream,35-44
CUST102106,Farhan Yusof,2024-08-08,Indonesia,Premium,18-24
CUST102107,Aina Goh,2025-09-19,Malaysia,Budget,18-24
CUST102108,Mei Ling Wong,2026-06-30,Malaysia,Budget,18-24
CUST102109,Ahmad Bin Abdullah,2026-04-29,Malaysia,Mainstream,18-24
CUST102110,Arif Kaur,2026-06-05,Malaysia,Mainstream,25-34
CUST102111,Haziq Kaur,2025-10-23,Malaysia,Mainstream,25-34
CUST102112,Xin Yi Bin Abdullah,2025-12-10,Singapore,Budget,35-44
CUST102113,Farhan Nair,2024-11-11,Malaysia,Mainstream,25-34
CUST102114,Priya Tan,2024-10-17,Indonesia,Budget,18-24
CUST102115,Hui Ling Muthu,2026-04-18,Malaysia,Mainstream,55+
CUST102116,Zhi Hao Binte Ismail,2024-09-08,Singapore,Budget,45-54
CUST102117,Kumar Tan,2025-05-29,Malaysia,Budget,18-24
CUST102118,Chen Wei Lim,2025-12-18,Malaysia,Premium,25-34
CUST102119,Xin Yi Binte Ismail,2025-10-06,Indonesia,Mainstream,25-34
CUST102120,Priya Rahman,2025-09-10,Thailand,Budget,55+
CUST102121,Haziq Tan,2026-03-27,Malaysia,Budget,25-34
CUST102122,Jia Xin Rahman,2024-11-03,Indonesia,Mainstream,18-24
CUST102123,Kumar Bin Abdullah,2026-07-20,Singapore,Premium,35-44
CUST102124,Chen Wei Wong,2026-06-09,Thailand,Budget,35-44
CUST102125,Farhan Wong,2026-01-11,Singapore,Premium,25-34
CUST102126,Nabila Wong,2026-04-16,Malaysia,Budget,25-34
CUST102127,Priya Rahman,2026-06-14,Singapore,Mainstream,25-34
CUST102128,Priya Lim,2025-10-23,Singapore,Budget,25-34
CUST102129,Zhi Hao Tan,2025-10-27,Indonesia,Budget,25-34
CUST102130,Siti Binte Ismail,2026-04-29,Singapore,Premium,45-54
CUST102131,Kumar Chua,2024-12-15,Singapore,Budget,45-54
CUST102132,Divya Goh,2024-10-23,Singapore,Premium,35-44
CUST102133,Jia Xin Muthu,2025-02-19,Thailand,Budget,35-44
CUST102134,Wei Ming Kaur,2025-07-13,Indonesia,Budget,35-44
CUST102135,Xin Yi Kaur,2024-09-06,Thailand,Premium,25-34
CUST102136,Chen Wei Rahman,2025-11-16,Thailand,Mainstream,35-44
CUST102137,Wei Ming Chua,2025-09-21,Thailand,Budget,18-24
CUST102138,Hui Ling Chua,2026-07-19,Malaysia,Mainstream,18-24
CUST102139,Ravi Osman,2025-02-28,Singapore,Budget,18-24
CUST102140,Mei Ling Muthu,2026-05-23,Singapore,Premium,35-44
CUST102141,Nur Aisyah Lee,2025-03-31,Singapore,Budget,35-44
CUST102142,Arif Chua,2025-01-04,Indonesia,Mainstream,25-34
CUST102143,Ravi Osman,2026-02-21,Singapore,Budget,35-44
CUST102144,Xin Yi Rahman,2025-05-09,Singapore,Mainstream,45-54
CUST102145,Hui Ling Muthu,2025-12-20,Indonesia,Premium,18-24
CUST102146,Mei Ling Lim,2025-10-12,Singapore,Mainstream,25-34
CUST102147,Chen Wei Goh,2025-07-08,Singapore,Budget,45-54
CUST102148,Farhan Chua,2026-01-28,Singapore,Budget,35-44
CUST102149,Wei Ming Lim,2024-12-25,Indonesia,Budget,25-34
CUST102150,Kumar Nair,2025-10-14,Singapore,Premium,25-34
CUST102151,Arif Tan,2025-08-26,Singapore,Budget,55+
CUST102152,Aina Chua,2024-12-12,Singapore,Mainstream,25-34
CUST102153,Ravi Chua,2026-02-13,Indonesia,Budget,45-54
CUST102154,Haziq Nair,2025-09-02,Singapore,Premium,45-54
CUST102155,Ahmad Osman,2024-08-03,Singapore,Mainstream,45-54
CUST102156,Priya Lim,2025-10-11,Thailand,Mainstream,18-24
CUST102157,Xin Yi Rahman,2026-05-06,Thailand,Premium,35-44
CUST102158,Nabila Lee,2026-01-03,Singapore,Premium,25-34
CUST102159,Suresh Tan,2024-08-31,Singapore,Mainstream,25-34
CUST102160,Aina Lee,2025-01-21,Singapore,Mainstream,25-34
CUST102161,Mei Ling Binte Ismail,2024-12-16,Indonesia,Mainstream,25-34
CUST102162,Nabila Wong,2026-01-25,Singapore,Budget,25-34
CUST102163,Suresh Lee,2024-11-24,Thailand,Budget,35-44
CUST102164,Wei Ming Muthu,2025-10-15,Indonesia,Mainstream,25-34
CUST102165,Nur Aisyah Rahman,2024-12-26,Malaysia,Mainstream,25-34
CUST102166,Suresh Muthu,2024-10-24,Singapore,Budget,25-34
CUST102167,Chen Wei Lee,2026-02-28,Thailand,Budget,35-44
CUST102168,Xin Yi Rahman,2024-09-12,Indonesia,Mainstream,18-24
CUST102169,Ravi Kaur,2025-04-24,Indonesia,Budget,35-44
CUST102170,Hui Ling Lee,2025-02-11,Singapore,Mainstream,25-34
CUST102171,Mei Ling Binte Ismail,2025-01-23,Indonesia,Mainstream,35-44
CUST102172,Jia Xin Kaur,2026-03-29,Indonesia,Budget,45-54
CUST102173,Wei Ming Bin Abdullah,2025-01-31,Thailand,Budget,35-44
CUST102174,Xin Yi Wong,2026-02-24,Malaysia,Budget,35-44
CUST102175,Zhi Hao Chong,2026-01-12,Malaysia,Budget,55+
CUST102176,Divya Lee,2026-05-05,Malaysia,Mainstream,18-24
CUST102177,Mei Ling Osman,2026-03-19,Indonesia,Mainstream,25-34
CUST102178,Nabila Binte Ismail,2024-08-14,Thailand,Premium,55+
CUST102179,Aina Goh,2025-12-02,Malaysia,Budget,45-54
CUST102180,Wei Ming Chua,2025-10-20,Singapore,Mainstream,35-44
CUST102181,Mei Ling Goh,2025-08-13,Singapore,Budget,25-34
CUST102182,Divya Osman,2025-02-24,Malaysia,Mainstream,25-34
CUST102183,Nur Aisyah Bin Abdullah,2025-06-06,Thailand,Budget,45-54
CUST102184,Chen Wei Kaur,2025-07-03,Singapore,Mainstream,35-44
CUST102185,Divya Bin Abdullah,2024-11-26,Malaysia,Mainstream,25-34
CUST102186,Siti Osman,2025-08-01,Thailand,Budget,18-24
CUST102187,Priya Chong,2025-01-14,Malaysia,Premium,45-54
CUST102188,Priya Binte Ismail,2024-10-03,Singapore,Budget,35-44
CUST102189,Nur Aisyah Muthu,2025-03-23,Malaysia,Budget,55+
CUST102190,Chen Wei Lim,2026-07-04,Malaysia,Mainstream,25-34
CUST102191,Jia Xin Chong,2026-01-18,Singapore,Mainstream,25-34
CUST102192,Jia Xin Yusof,2025-05-05,Indonesia,Budget,25-34
CUST102193,Kumar Tan,2025-08-14,Malaysia,Budget,35-44
CUST102194,Priya Chong,2026-01-03,Malaysia,Budget,25-34
CUST102195,Nur Aisyah Osman,2025-11-27,Malaysia,Premium,18-24
CUST102196,Wei Ming Lim,2026-06-02,Singapore,Mainstream,25-34
CUST102197,Ahmad Kaur,2026-02-08,Singapore,Budget,25-34
CUST102198,Kumar Binte Ismail,2025-01-04,Singapore,Budget,45-54
CUST102199,Hui Ling Nair,2026-07-22,Singapore,Premium,25-34
CUST102200,Jia Xin Lim,2024-11-26,Indonesia,Premium,25-34
CUST102201,Jia Xin Goh,2025-11-24,Singapore,Budget,35-44
CUST102202,Kumar Muthu,2024-12-17,Indonesia,Mainstream,18-24
CUST102203,Kumar Bin Abdullah,2026-01-24,Singapore,Budget,35-44
CUST102204,Kumar Rahman,2024-12-01,Singapore,Budget,45-54
CUST102205,Arif Chong,2025-06-07,Singapore,Premium,35-44
CUST102206,Priya Yusof,2024-11-15,Malaysia,Premium,35-44
CUST102207,Mei Ling Lee,2026-06-14,Malaysia,Budget,45-54
CUST102208,Mei Ling Bin Abdullah,2024-12-24,Indonesia,Premium,55+
CUST102209,Ravi Lim,2026-01-13,Singapore,Mainstream,45-54
CUST102210,Ravi Goh,2025-11-10,Malaysia,Mainstream,25-34
CUST102211,Xin Yi Lee,2026-06-27,Indonesia,Mainstream,35-44
CUST102212,Priya Muthu,2024-09-01,Singapore,Mainstream,35-44
CUST102213,Kumar Kaur,2025-04-17,Singapore,Premium,25-34
CUST102214,Xin Yi Muthu,2024-08-12,Singapore,Budget,25-34
CUST102215,Chen Wei Lim,2025-06-10,Singapore,Mainstream,45-54
CUST102216,Suresh Lim,2026-04-05,Thailand,Budget,25-34
CUST102217,Divya Muthu,2025-11-25,Malaysia,Mainstream,45-54
CUST102218,Aina Goh,2025-09-11,Malaysia,Budget,55+
CUST102219,Priya Rahman,2026-04-13,Indonesia,Budget,25-34
CUST102220,Priya Wong,2024-09-18,Malaysia,Mainstream,18-24
CUST102221,Aina Lee,2024-08-29,Malaysia,Budget,55+
CUST102222,Ravi Lee,2025-06-13,Singapore,Budget,25-34
CUST102223,Priya Bin Abdullah,2025-05-29,Malaysia,Budget,45-54
CUST102224,Divya Muthu,2025-03-03,Singapore,Mainstream,18-24
CUST102225,Suresh Binte Ismail,2025-03-21,Singapore,Budget,25-34
CUST102226,Mei Ling Yusof,2026-06-14,Singapore,Budget,25-34
CUST102227,Zhi Hao Lim,2025-07-07,Indonesia,Mainstream,25-34
CUST102228,Divya Tan,2025-01-08,Indonesia,Premium,55+
CUST102229,Arif Nair,2024-12-18,Indonesia,Mainstream,25-34
CUST102230,Arif Wong,2025-05-20,Singapore,Budget,25-34
CUST102231,Divya Nair,2024-10-13,Thailand,Premium,35-44
CUST102232,Farhan Lim,2025-05-28,Singapore,Mainstream,55+
CUST102233,Xin Yi Goh,2025-10-23,Indonesia,Mainstream,25-34
CUST102234,Suresh Chua,2025-09-09,Indonesia,Mainstream,45-54
CUST102235,Farhan Muthu,2025-03-13,Malaysia,Budget,18-24
CUST102236,Mei Ling Bin Abdullah,2024-10-20,Malaysia,Mainstream,45-54
CUST102237,Suresh Rahman,2026-02-12,Indonesia,Mainstream,35-44
CUST102238,Chen Wei Wong,2025-12-27,Indonesia,Budget,45-54
CUST102239,Suresh Chong,2025-04-10,Singapore,Budget,35-44
CUST102240,Mei Ling Rahman,2025-01-18,Indonesia,Budget,55+
CUST102241,Haziq Tan,2025-10-11,Singapore,Mainstream,25-34
CUST102242,Mei Ling Wong,2025-04-16,Malaysia,Budget,35-44
CUST102243,Ahmad Binte Ismail,2026-07-25,Malaysia,Mainstream,35-44
CUST102244,Aina Wong,2025-12-29,Indonesia,Mainstream,25-34
CUST102245,Nur Aisyah Bin Abdullah,2024-08-31,Malaysia,Budget,55+
CUST102246,Aina Binte Ismail,2025-06-04,Singapore,Budget,45-54
CUST102247,Priya Nair,2024-11-03,Malaysia,Budget,45-54
CUST102248,Priya Wong,2026-02-21,Singapore,Budget,25-34
CUST102249,Siti Wong,2025-12-29,Malaysia,Mainstream,45-54
CUST102250,Aina Chong,2024-08-17,Malaysia,Mainstream,25-34
CUST102251,Nabila Chua,2024-07-31,Indonesia,Premium,55+
CUST102252,Wei Ming Wong,2024-10-27,Singapore,Premium,18-24
CUST102253,Kumar Chong,2025-12-10,Singapore,Budget,35-44
CUST102254,Kumar Goh,2024-12-21,Malaysia,Mainstream,18-24
CUST102255,Kumar Kaur,2025-08-29,Singapore,Mainstream,35-44
CUST102256,Arif Muthu,2024-11-20,Singapore,Mainstream,25-34
CUST102257,Chen Wei Chua,2024-11-15,Malaysia,Budget,45-54
CUST102258,Jia Xin Tan,2025-09-15,Malaysia,Budget,45-54
CUST102259,Ravi Lee,2025-12-19,Singapore,Mainstream,25-34
CUST102260,Nabila Yusof,2024-08-17,Malaysia,Mainstream,45-54
CUST102261,Ahmad Goh,2025-09-04,Thailand,Budget,35-44
CUST102262,Haziq Lee,2025-09-17,Malaysia,Budget,25-34
CUST102263,Wei Ming Lim,2025-03-31,Singapore,Mainstream,25-34
CUST102264,Farhan Chong,2024-09-14,Singapore,Mainstream,25-34
CUST102265,Wei Ming Lim,2026-04-25,Singapore,Mainstream,18-24
CUST102266,Ravi Chua,2024-08-10,Malaysia,Budget,35-44
CUST102267,Wei Ming Kaur,2025-09-24,Indonesia,Budget,35-44
CUST102268,Hui Ling Yusof,2026-07-11,Singapore,Mainstream,25-34
CUST102269,Haziq Muthu,2025-12-16,Singapore,Mainstream,55+
CUST102270,Divya Nair,2025-08-26,Singapore,Budget,18-24
CUST102271,Chen Wei Nair,2025-03-22,Singapore,Mainstream,45-54
CUST102272,Farhan Chua,2025-06-11,Thailand,Budget,45-54
CUST102273,Divya Osman,2026-04-21,Singapore,Mainstream,45-54
CUST102274,Ahmad Muthu,2025-08-07,Singapore,Budget,35-44
CUST102275,Wei Ming Tan,2026-02-10,Malaysia,Mainstream,25-34
CUST102276,Hui Ling Chong,2026-01-14,Singapore,Premium,45-54
CUST102277,Ravi Binte Ismail,2025-02-25,Singapore,Budget,35-44
CUST102278,Nur Aisyah Osman,2024-12-20,Malaysia,Budget,45-54
CUST102279,Xin Yi Nair,2026-04-06,Singapore,Budget,25-34
CUST102280,Mei Ling Lee,2025-05-16,Singapore,Budget,35-44
CUST102281,Wei Ming Bin Abdullah,2025-09-24,Malaysia,Premium,25-34
CUST102282,Suresh Wong,2025-11-26,Malaysia,Premium,35-44
CUST102283,Ravi Yusof,2025-02-24,Singapore,Budget,45-54
CUST102284,Priya Binte Ismail,2026-01-29,Thailand,Premium,25-34
CUST102285,Aina Lim,2025-01-17,Singapore,Budget,25-34
CUST102286,Mei Ling Muthu,2025-10-10,Thailand,Mainstream,18-24
CUST102287,Ravi Chua,2026-05-21,Thailand,Mainstream,25-34
CUST102288,Hui Ling Bin Abdullah,2024-12-28,Malaysia,Budget,25-34
CUST102289,Kumar Rahman,2024-11-15,Singapore,Mainstream,18-24
CUST102290,Nur Aisyah Goh,2025-06-13,Indonesia,Mainstream,25-34
CUST102291,Nur Aisyah Yusof,2025-02-16,Malaysia,Budget,35-44
CUST102292,Divya Nair,2026-04-13,Singapore,Premium,45-54
CUST102293,Siti Rahman,2025-11-24,Malaysia,Budget,25-34
CUST102294,Zhi Hao Rahman,2025-11-16,Malaysia,Budget,18-24
CUST102295,Aina Tan,2025-01-18,Thailand,Premium,45-54
CUST102296,Hui Ling Yusof,2025-11-15,Indonesia,Budget,25-34
CUST102297,Zhi Hao Tan,2025-02-13,Thailand,Budget,25-34
CUST102298,Suresh Tan,2025-12-18,Indonesia,Budget,35-44
CUST102299,Nabila Yusof,2025-05-17,Malaysia,Budget,55+
CUST102300,Nabila Goh,2026-02-26,Malaysia,Budget,25-34
CUST102301,Priya Chua,2025-06-17,Thailand,Budget,55+
CUST102302,Siti Kaur,2026-06-01,Thailand,Mainstream,25-34
CUST102303,Siti Kaur,2025-02-08,Indonesia,Mainstream,18-24
CUST102304,Suresh Lee,2026-07-08,Indonesia,Premium,25-34
CUST102305,Hui Ling Rahman,2024-07-30,Malaysia,Premium,45-54
CUST102306,Xin Yi Kaur,2024-11-24,Singapore,Budget,35-44
CUST102307,Divya Lee,2025-06-02,Thailand,Premium,35-44
CUST102308,Kumar Chong,2024-10-04,Singapore,Premium,55+
CUST102309,Zhi Hao Muthu,2024-12-16,Singapore,Premium,35-44
CUST102310,Zhi Hao Goh,2026-04-16,Malaysia,Mainstream,18-24
CUST102311,Haziq Lim,2025-02-01,Malaysia,Budget,35-44
CUST102312,Jia Xin Wong,2025-10-27,Malaysia,Budget,25-34
CUST102313,Wei Ming Bin Abdullah,2024-11-12,Singapore,Premium,35-44
CUST102314,Xin Yi Wong,2024-11-06,Singapore,Mainstream,45-54
CUST102315,Arif Rahman,2024-09-01,Singapore,Premium,35-44
CUST102316,Kumar Bin Abdullah,2025-09-03,Singapore,Mainstream,25-34
CUST102317,Arif Chua,2026-03-11,Singapore,Budget,35-44
CUST102318,Haziq Kaur,2026-04-29,Indonesia,Budget,18-24
CUST102319,Zhi Hao Muthu,2026-03-31,Singapore,Premium,25-34
CUST102320,Haziq Tan,2024-08-04,Malaysia,Budget,35-44
CUST102321,Nabila Lim,2025-05-27,Singapore,Mainstream,25-34
CUST102322,Wei Ming Lee,2025-11-15,Malaysia,Premium,18-24
CUST102323,Ravi Lim,2025-09-05,Thailand,Budget,35-44
CUST102324,Kumar Binte Ismail,2026-03-25,Singapore,Budget,25-34
CUST102325,Jia Xin Goh,2025-06-08,Singapore,Mainstream,25-34
CUST102326,Priya Binte Ismail,2025-09-22,Indonesia,Mainstream,55+
CUST102327,Arif Bin Abdullah,2024-12-24,Singapore,Mainstream,18-24
CUST102328,Arif Chong,2026-07-14,Indonesia,Budget,25-34
CUST102329,Farhan Kaur,2024-09-17,Thailand,Budget,45-54
CUST102330,Haziq Chong,2026-06-15,Malaysia,Budget,18-24
CUST102331,Nur Aisyah Wong,2025-09-28,Thailand,Budget,55+
CUST102332,Priya Osman,2025-11-23,Malaysia,Budget,35-44
CUST102333,Priya Bin Abdullah,2025-02-20,Malaysia,Mainstream,35-44
CUST102334,Ravi Lee,2025-04-05,Singapore,Budget,25-34
CUST102335,Hui Ling Yusof,2026-03-08,Singapore,Mainstream,25-34
CUST102336,Siti Muthu,2025-08-05,Singapore,Premium,45-54
CUST102337,Haziq Wong,2025-07-04,Malaysia,Mainstream,18-24
CUST102338,Divya Chong,2025-08-25,Malaysia,Mainstream,45-54
CUST102339,Aina Lim,2026-07-14,Singapore,Budget,45-54
CUST102340,Priya Bin Abdullah,2026-03-21,Malaysia,Mainstream,35-44
CUST102341,Aina Lim,2025-07-27,Singapore,Budget,18-24
CUST102342,Ahmad Yusof,2026-01-20,Singapore,Budget,35-44
CUST102343,Chen Wei Rahman,2025-06-26,Singapore,Mainstream,35-44
CUST102344,Wei Ming Yusof,2026-04-01,Indonesia,Budget,18-24
CUST102345,Wei Ming Tan,2025-02-08,Malaysia,Budget,45-54
CUST102346,Nabila Osman,2026-03-14,Indonesia,Mainstream,18-24
CUST102347,Ravi Osman,2025-04-11,Singapore,Mainstream,55+
CUST102348,Hui Ling Lim,2024-11-26,Malaysia,Budget,18-24
CUST102349,Priya Tan,2025-11-10,Thailand,Budget,25-34
CUST102350,Suresh Tan,2026-04-19,Singapore,Budget,35-44
CUST102351,Ahmad Osman,2026-07-25,Malaysia,Mainstream,18-24
CUST102352,Ravi Binte Ismail,2025-11-08,Singapore,Mainstream,25-34
CUST102353,Mei Ling Chong,2026-05-06,Singapore,Budget,18-24
CUST102354,Xin Yi Lee,2024-10-24,Malaysia,Mainstream,45-54
CUST102355,Kumar Chua,2024-08-18,Singapore,Premium,18-24
CUST102356,Suresh Kaur,2024-08-13,Malaysia,Mainstream,35-44
CUST102357,Wei Ming Kaur,2024-09-24,Thailand,Mainstream,35-44
CUST102358,Suresh Goh,2025-05-27,Singapore,Mainstream,35-44
CUST102359,Farhan Bin Abdullah,2025-12-04,Singapore,Premium,25-34
CUST102360,Divya Osman,2025-09-07,Indonesia,Premium,25-34
CUST102361,Chen Wei Tan,2026-01-22,Malaysia,Budget,55+
CUST102362,Kumar Kaur,2024-11-23,Thailand,Budget,45-54
CUST102363,Hui Ling Muthu,2025-09-14,Singapore,Budget,55+
CUST102364,Arif Nair,2025-10-21,Malaysia,Mainstream,35-44
CUST102365,Chen Wei Yusof,2025-03-13,Thailand,Budget,45-54
CUST102366,Xin Yi Binte Ismail,2025-10-30,Singapore,Premium,55+
CUST102367,Haziq Lee,2025-11-11,Indonesia,Budget,25-34
CUST102368,Hui Ling Wong,2026-02-14,Malaysia,Mainstream,45-54
CUST102369,Priya Kaur,2026-06-10,Indonesia,Budget,18-24
CUST102370,Kumar Lee,2026-07-02,Singapore,Mainstream,18-24
CUST102371,Farhan Rahman,2025-10-08,Malaysia,Budget,35-44
CUST102372,Aina Rahman,2024-08-02,Singapore,Mainstream,25-34
CUST102373,Xin Yi Binte Ismail,2026-01-20,Thailand,Mainstream,25-34
CUST102374,Suresh Wong,2025-04-18,Singapore,Budget,35-44
CUST102375,Wei Ming Bin Abdullah,2025-12-04,Singapore,Mainstream,35-44
CUST102376,Haziq Muthu,2025-12-21,Thailand,Premium,45-54
CUST102377,Siti Nair,2026-04-02,Singapore,Mainstream,25-34
CUST102378,Divya Bin Abdullah,2025-06-13,Malaysia,Mainstream,25-34
CUST102379,Mei Ling Yusof,2025-04-05,Singapore,Mainstream,35-44
CUST102380,Nabila Osman,2025-11-16,Malaysia,Premium,35-44
CUST102381,Hui Ling Binte Ismail,2025-07-10,Singapore,Mainstream,45-54
CUST102382,Farhan Bin Abdullah,2025-08-16,Malaysia,Premium,25-34
CUST102383,Divya Tan,2026-01-13,Malaysia,Mainstream,18-24
CUST102384,Arif Tan,2025-03-12,Singapore,Budget,55+
CUST102385,Kumar Chua,2025-06-20,Singapore,Budget,18-24
CUST102386,Nur Aisyah Goh,2026-06-11,Singapore,Mainstream,35-44
CUST102387,Kumar Tan,2025-08-04,Indonesia,Mainstream,25-34
CUST102388,Priya Chua,2025-10-18,Singapore,Mainstream,25-34
CUST102389,Arif Lim,2024-12-25,Singapore,Premium,45-54
CUST102390,Haziq Chong,2025-12-18,Singapore,Mainstream,25-34
CUST102391,Priya Chua,2024-08-31,Malaysia,Budget,18-24
CUST102392,Haziq Wong,2025-05-07,Indonesia,Mainstream,45-54
CUST102393,Divya Tan,2026-04-25,Malaysia,Budget,18-24
CUST102394,Priya Chong,2025-10-08,Thailand,Mainstream,25-34
CUST102395,Nur Aisyah Goh,2024-10-22,Indonesia,Premium,35-44
CUST102396,Nabila Binte Ismail,2026-01-25,Indonesia,Budget,25-34
CUST102397,Jia Xin Bin Abdullah,2025-03-02,Indonesia,Mainstream,35-44
CUST102398,Ahmad Lim,2025-01-04,Singapore,Mainstream,25-34
CUST102399,Jia Xin Chong,2025-03-11,Thailand,Budget,25-34
CUST102400,Zhi Hao Chong,2026-05-25,Indonesia,Mainstream,25-34
CUST102401,Siti Chua,2025-10-29,Malaysia,Mainstream,45-54
CUST102402,Aina Chua,2025-11-17,Singapore,Mainstream,18-24
CUST102403,Mei Ling Muthu,2025-11-20,Singapore,Budget,55+
CUST102404,Jia Xin Osman,2024-10-26,Malaysia,Budget,25-34
CUST102405,Siti Binte Ismail,2026-07-25,Malaysia,Mainstream,25-34
CUST102406,Ahmad Chong,2025-07-01,Indonesia,Budget,35-44
CUST102407,Ravi Rahman,2024-08-11,Malaysia,Budget,25-34
CUST102408,Suresh Rahman,2024-10-28,Malaysia,Premium,35-44
CUST102409,Ahmad Muthu,2025-05-13,Singapore,Mainstream,45-54
CUST102410,Ahmad Yusof,2024-07-31,Singapore,Mainstream,45-54
CUST102411,Chen Wei Goh,2025-10-09,Singapore,Premium,35-44
CUST102412,Mei Ling Lee,2025-05-09,Indonesia,Budget,35-44
CUST102413,Nur Aisyah Chong,2025-06-28,Malaysia,Budget,25-34
CUST102414,Chen Wei Kaur,2026-06-25,Thailand,Mainstream,45-54
CUST102415,Priya Lim,2026-06-30,Indonesia,Budget,25-34
CUST102416,Jia Xin Binte Ismail,2024-10-13,Indonesia,Budget,18-24
CUST102417,Nabila Kaur,2026-03-25,Malaysia,Mainstream,35-44
CUST102418,Arif Lim,2025-11-12,Indonesia,Budget,25-34
CUST102419,Suresh Muthu,2025-04-30,Thailand,Mainstream,35-44
CUST102420,Xin Yi Lim,2025-06-04,Indonesia,Mainstream,18-24
CUST102421,Hui Ling Bin Abdullah,2025-07-19,Singapore,Mainstream,18-24
CUST102422,Xin Yi Chua,2024-08-14,Indonesia,Budget,35-44
CUST102423,Haziq Lim,2025-01-01,Singapore,Budget,35-44
CUST102424,Nur Aisyah Muthu,2024-09-10,Singapore,Premium,55+
CUST102425,Chen Wei Yusof,2025-04-05,Indonesia,Premium,25-34
CUST102426,Arif Lim,2024-08-14,Indonesia,Mainstream,18-24
CUST102427,Hui Ling Yusof,2025-05-16,Singapore,Budget,18-24
CUST102428,Haziq Nair,2025-06-29,Singapore,Mainstream,25-34
CUST102429,Kumar Chua,2024-12-11,Thailand,Budget,18-24
CUST102430,Hui Ling Osman,2024-11-02,Singapore,Budget,45-54
CUST102431,Suresh Yusof,2026-06-10,Singapore,Budget,18-24
CUST102432,Suresh Chong,2024-10-03,Indonesia,Budget,55+
CUST102433,Mei Ling Rahman,2025-03-12,Indonesia,Budget,35-44
CUST102434,Chen Wei Yusof,2024-10-12,Malaysia,Budget,35-44
CUST102435,Nur Aisyah Goh,2025-02-22,Malaysia,Mainstream,18-24
CUST102436,Hui Ling Chong,2024-09-21,Singapore,Mainstream,18-24
CUST102437,Nur Aisyah Nair,2026-01-10,Singapore,Budget,25-34
CUST102438,Farhan Lee,2026-03-15,Indonesia,Budget,35-44
CUST102439,Aina Chua,2026-03-09,Indonesia,Premium,35-44
CUST102440,Jia Xin Goh,2026-01-26,Singapore,Budget,25-34
CUST102441,Mei Ling Bin Abdullah,2026-02-23,Singapore,Budget,25-34
CUST102442,Wei Ming Binte Ismail,2025-09-10,Singapore,Mainstream,55+
CUST102443,Aina Chong,2026-03-07,Singapore,Mainstream,25-34
CUST102444,Priya Kaur,2026-04-05,Singapore,Mainstream,18-24
CUST102445,Haziq Chong,2025-07-12,Singapore,Budget,25-34
CUST102446,Hui Ling Tan,2024-12-27,Indonesia,Budget,25-34
CUST102447,Mei Ling Lee,2026-04-21,Singapore,Budget,25-34
CUST102448,Suresh Chong,2025-07-21,Indonesia,Mainstream,35-44
CUST102449,Xin Yi Chong,2025-04-04,Malaysia,Budget,35-44
CUST102450,Priya Nair,2025-03-01,Indonesia,Budget,35-44
CUST102451,Zhi Hao Yusof,2026-05-14,Thailand,Budget,25-34
CUST102452,Nur Aisyah Nair,2025-02-09,Malaysia,Premium,18-24
CUST102453,Kumar Chua,2026-07-10,Singapore,Budget,45-54
CUST102454,Xin Yi Nair,2026-02-07,Indonesia,Budget,25-34
CUST102455,Chen Wei Chong,2025-12-08,Singapore,Premium,25-34
CUST102456,Wei Ming Nair,2024-11-14,Singapore,Mainstream,25-34
CUST102457,Xin Yi Lim,2026-03-11,Singapore,Mainstream,35-44
CUST102458,Arif Rahman,2025-01-04,Thailand,Mainstream,25-34
CUST102459,Haziq Kaur,2024-08-07,Singapore,Budget,45-54
CUST102460,Nabila Muthu,2024-08-28,Malaysia,Mainstream,25-34
CUST102461,Divya Yusof,2025-12-20,Malaysia,Budget,55+
CUST102462,Priya Lim,2026-05-21,Indonesia,Premium,25-34
CUST102463,Jia Xin Chong,2026-02-17,Singapore,Budget,35-44
CUST102464,Nur Aisyah Binte Ismail,2025-01-14,Thailand,Mainstream,25-34
CUST102465,Wei Ming Chua,2026-03-08,Indonesia,Mainstream,45-54
CUST102466,Suresh Osman,2025-04-14,Malaysia,Budget,25-34
CUST102467,Jia Xin Chong,2025-10-30,Malaysia,Budget,45-54
CUST102468,Nabila Chong,2025-01-16,Indonesia,Mainstream,45-54
CUST102469,Kumar Wong,2025-05-13,Indonesia,Budget,35-44
CUST102470,Ravi Lee,2025-05-28,Malaysia,Premium,25-34
CUST102471,Haziq Osman,2025-01-05,Singapore,Budget,25-34
CUST102472,Wei Ming Yusof,2024-08-31,Singapore,Mainstream,55+
CUST102473,Jia Xin Kaur,2025-11-05,Singapore,Mainstream,55+
CUST102474,Kumar Wong,2025-07-08,Singapore,Mainstream,18-24
CUST102475,Priya Tan,2025-04-29,Singapore,Mainstream,25-34
CUST102476,Xin Yi Bin Abdullah,2024-12-06,Singapore,Mainstream,18-24
CUST102477,Jia Xin Bin Abdullah,2025-08-12,Thailand,Mainstream,25-34
CUST102478,Nur Aisyah Wong,2025-10-29,Indonesia,Mainstream,25-34
CUST102479,Chen Wei Goh,2024-11-19,Indonesia,Mainstream,45-54
CUST102480,Jia Xin Kaur,2024-09-02,Malaysia,Budget,18-24
CUST102481,Nabila Binte Ismail,2025-06-09,Malaysia,Budget,45-54
CUST102482,Chen Wei Lim,2026-05-15,Singapore,Budget,55+
CUST102483,Siti Wong,2025-12-30,Indonesia,Mainstream,25-34
CUST102484,Wei Ming Osman,2025-08-26,Singapore,Premium,25-34
CUST102485,Suresh Wong,2025-03-03,Malaysia,Budget,35-44
CUST102486,Haziq Chua,2025-03-28,Thailand,Mainstream,25-34
CUST102487,Haziq Osman,2024-12-08,Thailand,Budget,35-44
CUST102488,Divya Lim,2026-07-08,Singapore,Mainstream,35-44
CUST102489,Chen Wei Nair,2025-08-24,Indonesia,Mainstream,18-24
CUST102490,Chen Wei Goh,2025-03-05,Singapore,Mainstream,45-54
CUST102491,Nur Aisyah Lee,2024-08-08,Singapore,Mainstream,25-34
CUST102492,Nur Aisyah Tan,2026-04-17,Singapore,Mainstream,25-34
CUST102493,Nabila Muthu,2024-10-26,Singapore,Budget,55+
CUST102494,Chen Wei Muthu,2026-07-24,Indonesia,Mainstream,18-24
CUST102495,Zhi Hao Kaur,2026-03-08,Malaysia,Budget,18-24
CUST102496,Nabila Chong,2024-11-18,Singapore,Premium,25-34
CUST102497,Zhi Hao Binte Ismail,2025-01-01,Thailand,Mainstream,25-34
CUST102498,Ravi Osman,2024-08-18,Malaysia,Budget,25-34
CUST102499,Aina Kaur,2025-05-17,Malaysia,Budget,35-44
CUST102500,Nur Aisyah Tan,2025-05-06,Malaysia,Mainstream,25-34
CUST102501,Zhi Hao Yusof,2025-07-04,Malaysia,Premium,35-44
CUST102502,Xin Yi Goh,2025-07-21,Malaysia,Budget,18-24
CUST102503,Mei Ling Osman,2025-07-19,Malaysia,Mainstream,25-34
CUST102504,Ravi Rahman,2025-12-28,Thailand,Budget,55+
CUST102505,Haziq Tan,2024-11-14,Singapore,Mainstream,45-54
CUST102506,Divya Goh,2025-11-11,Malaysia,Mainstream,35-44
CUST102507,Aina Goh,2025-05-10,Singapore,Budget,25-34
CUST102508,Hui Ling Kaur,2025-03-28,Thailand,Mainstream,35-44
CUST102509,Xin Yi Nair,2025-07-02,Singapore,Budget,45-54
CUST102510,Suresh Lee,2025-05-09,Singapore,Mainstream,45-54
CUST102511,Aina Lee,2026-06-24,Thailand,Budget,35-44
CUST102512,Suresh Lim,2025-12-11,Malaysia,Mainstream,25-34
CUST102513,Kumar Lim,2025-09-05,Singapore,Budget,18-24
CUST102514,Ravi Binte Ismail,2025-10-15,Singapore,Mainstream,18-24
CUST102515,Priya Osman,2024-10-05,Malaysia,Budget,18-24
CUST102516,Jia Xin Bin Abdullah,2024-10-13,Thailand,Mainstream,25-34
CUST102517,Wei Ming Binte Ismail,2025-02-25,Malaysia,Budget,18-24
CUST102518,Chen Wei Chong,2025-11-14,Singapore,Budget,25-34
CUST102519,Nabila Binte Ismail,2026-06-22,Malaysia,Mainstream,35-44
CUST102520,Jia Xin Bin Abdullah,2025-01-24,Malaysia,Mainstream,35-44
CUST102521,Jia Xin Chong,2024-10-22,Singapore,Mainstream,35-44
CUST102522,Haziq Wong,2025-08-06,Thailand,Mainstream,25-34
CUST102523,Xin Yi Nair,2024-12-03,Singapore,Budget,35-44
CUST102524,Kumar Muthu,2024-09-18,Thailand,Premium,55+
CUST102525,Farhan Bin Abdullah,2025-06-25,Indonesia,Budget,25-34
CUST102526,Nabila Muthu,2026-02-27,Singapore,Premium,45-54
CUST102527,Wei Ming Muthu,2026-07-13,Indonesia,Premium,25-34
CUST102528,Chen Wei Osman,2025-01-23,Indonesia,Budget,35-44
CUST102529,Kumar Nair,2025-06-14,Malaysia,Budget,35-44
CUST102530,Ahmad Nair,2026-04-08,Malaysia,Mainstream,35-44
CUST102531,Zhi Hao Nair,2026-06-20,Singapore,Mainstream,45-54
CUST102532,Ahmad Yusof,2024-08-21,Singapore,Budget,25-34
CUST102533,Ahmad Tan,2025-12-08,Indonesia,Budget,45-54
CUST102534,Wei Ming Goh,2025-12-03,Singapore,Budget,45-54
CUST102535,Chen Wei Chong,2025-04-26,Singapore,Mainstream,45-54
CUST102536,Nur Aisyah Chua,2025-11-05,Malaysia,Mainstream,18-24
CUST102537,Arif Wong,2024-10-01,Singapore,Budget,18-24
CUST102538,Priya Tan,2025-03-19,Indonesia,Mainstream,45-54
CUST102539,Haziq Kaur,2025-11-10,Indonesia,Mainstream,35-44
CUST102540,Priya Kaur,2026-01-16,Indonesia,Premium,55+
CUST102541,Wei Ming Lee,2024-11-09,Singapore,Budget,25-34
CUST102542,Ahmad Wong,2025-05-24,Malaysia,Budget,45-54
CUST102543,Haziq Binte Ismail,2024-09-27,Indonesia,Budget,45-54
CUST102544,Arif Kaur,2025-11-20,Malaysia,Mainstream,45-54
CUST102545,Suresh Wong,2026-07-14,Indonesia,Budget,35-44
CUST102546,Wei Ming Goh,2024-10-11,Malaysia,Budget,18-24
CUST102547,Farhan Bin Abdullah,2026-02-05,Singapore,Mainstream,35-44
CUST102548,Zhi Hao Rahman,2024-11-19,Singapore,Mainstream,35-44
CUST102549,Chen Wei Rahman,2025-02-26,Indonesia,Budget,25-34
CUST102550,Divya Chong,2026-02-10,Singapore,Budget,25-34
CUST102551,Siti Kaur,2025-01-23,Thailand,Budget,45-54
CUST102552,Arif Nair,2026-05-31,Malaysia,Budget,18-24
CUST102553,Xin Yi Goh,2025-10-16,Singapore,Budget,25-34
CUST102554,Priya Rahman,2025-11-11,Indonesia,Budget,35-44
CUST102555,Ahmad Yusof,2025-04-06,Malaysia,Budget,55+
CUST102556,Nabila Tan,2025-07-04,Singapore,Premium,35-44
CUST102557,Siti Binte Ismail,2025-05-09,Thailand,Premium,25-34
CUST102558,Kumar Lee,2025-08-16,Indonesia,Budget,18-24
CUST102559,Suresh Tan,2025-02-04,Malaysia,Mainstream,25-34
CUST102560,Haziq Nair,2026-04-04,Indonesia,Budget,25-34
CUST102561,Zhi Hao Yusof,2025-02-20,Malaysia,Mainstream,45-54
CUST102562,Arif Chua,2026-06-23,Malaysia,Premium,25-34
CUST102563,Siti Kaur,2026-05-28,Singapore,Mainstream,18-24
CUST102564,Aina Nair,2025-02-16,Singapore,Mainstream,45-54
CUST102565,Priya Wong,2026-04-05,Malaysia,Budget,18-24
CUST102566,Mei Ling Tan,2025-01-13,Malaysia,Budget,18-24
CUST102567,Ravi Lim,2026-04-24,Indonesia,Mainstream,35-44
CUST102568,Mei Ling Nair,2026-04-13,Malaysia,Budget,18-24
CUST102569,Hui Ling Goh,2024-09-17,Malaysia,Mainstream,25-34
CUST102570,Jia Xin Tan,2026-03-22,Indonesia,Mainstream,55+
CUST102571,Aina Chong,2024-10-01,Thailand,Budget,45-54
CUST102572,Zhi Hao Chua,2025-11-17,Singapore,Mainstream,45-54
CUST102573,Mei Ling Osman,2024-12-24,Thailand,Mainstream,35-44
CUST102574,Jia Xin Chong,2024-09-12,Indonesia,Mainstream,18-24
CUST102575,Nur Aisyah Nair,2026-05-05,Singapore,Mainstream,45-54
CUST102576,Kumar Yusof,2025-11-30,Singapore,Mainstream,35-44
CUST102577,Haziq Osman,2025-06-05,Singapore,Budget,18-24
CUST102578,Chen Wei Lim,2024-11-05,Indonesia,Mainstream,25-34
CUST102579,Arif Muthu,2026-03-15,Malaysia,Budget,35-44
CUST102580,Jia Xin Tan,2026-03-15,Malaysia,Budget,18-24
CUST102581,Kumar Osman,2025-11-03,Indonesia,Premium,25-34
CUST102582,Jia Xin Lim,2026-03-02,Singapore,Budget,25-34
CUST102583,Ravi Bin Abdullah,2026-01-16,Malaysia,Budget,25-34
CUST102584,Jia Xin Tan,2026-04-26,Thailand,Budget,18-24
CUST102585,Zhi Hao Lee,2024-12-01,Thailand,Premium,35-44
CUST102586,Suresh Wong,2024-12-25,Indonesia,Premium,25-34
CUST102587,Siti Bin Abdullah,2026-04-15,Singapore,Budget,35-44
CUST102588,Siti Lee,2025-07-03,Singapore,Mainstream,25-34
CUST102589,Hui Ling Lee,2025-04-14,Singapore,Budget,25-34
CUST102590,Suresh Chua,2025-04-27,Malaysia,Mainstream,35-44
CUST102591,Zhi Hao Muthu,2024-08-10,Singapore,Mainstream,35-44
CUST102592,Xin Yi Nair,2025-04-17,Thailand,Budget,18-24
CUST102593,Suresh Lim,2025-03-15,Indonesia,Mainstream,35-44
CUST102594,Haziq Rahman,2026-07-06,Malaysia,Premium,45-54
CUST102595,Ravi Muthu,2026-06-02,Singapore,Budget,25-34
CUST102596,Mei Ling Lim,2025-05-04,Malaysia,Budget,35-44
CUST102597,Jia Xin Lee,2024-10-05,Malaysia,Premium,25-34
CUST102598,Chen Wei Goh,2025-10-11,Indonesia,Budget,45-54
CUST102599,Divya Goh,2025-04-16,Singapore,Mainstream,25-34
CUST102600,Farhan Lee,2026-02-26,Indonesia,Mainstream,55+
CUST102601,Haziq Yusof,2025-08-30,Singapore,Budget,35-44
CUST102602,Ahmad Lee,2025-01-27,Singapore,Budget,35-44
CUST102603,Ravi Chua,2025-04-04,Thailand,Budget,25-34
CUST102604,Mei Ling Tan,2026-05-07,Singapore,Budget,35-44
CUST102605,Arif Bin Abdullah,2024-10-26,Singapore,Mainstream,18-24
CUST102606,Mei Ling Nair,2024-09-21,Malaysia,Mainstream,25-34
CUST102607,Haziq Binte Ismail,2025-08-15,Malaysia,Budget,25-34
CUST102608,Xin Yi Nair,2025-11-23,Singapore,Mainstream,35-44
CUST102609,Hui Ling Wong,2025-07-07,Singapore,Budget,45-54
CUST102610,Priya Muthu,2024-12-22,Singapore,Budget,55+
CUST102611,Chen Wei Osman,2025-09-02,Malaysia,Mainstream,25-34
CUST102612,Ahmad Kaur,2026-07-08,Singapore,Budget,45-54
CUST102613,Priya Chua,2026-06-07,Indonesia,Mainstream,45-54
CUST102614,Hui Ling Rahman,2024-12-14,Thailand,Budget,45-54
CUST102615,Arif Kaur,2025-01-01,Singapore,Mainstream,35-44
CUST102616,Kumar Bin Abdullah,2025-01-12,Singapore,Premium,25-34
CUST102617,Jia Xin Osman,2026-04-28,Singapore,Budget,45-54
CUST102618,Divya Osman,2026-03-27,Singapore,Premium,35-44
CUST102619,Chen Wei Muthu,2025-10-14,Singapore,Budget,35-44
CUST102620,Jia Xin Muthu,2026-02-11,Indonesia,Budget,25-34
CUST102621,Chen Wei Goh,2025-10-20,Singapore,Budget,25-34
CUST102622,Jia Xin Binte Ismail,2025-06-17,Malaysia,Mainstream,25-34
CUST102623,Divya Muthu,2026-01-06,Indonesia,Mainstream,35-44
CUST102624,Chen Wei Chong,2026-04-30,Indonesia,Premium,25-34
CUST102625,Arif Lee,2025-10-09,Singapore,Mainstream,45-54
CUST102626,Ravi Chong,2025-02-17,Singapore,Budget,18-24
CUST102627,Priya Wong,2025-05-04,Thailand,Premium,18-24
CUST102628,Hui Ling Rahman,2025-12-07,Singapore,Premium,25-34
CUST102629,Aina Binte Ismail,2025-12-14,Indonesia,Mainstream,25-34
CUST102630,Nabila Lim,2025-05-29,Indonesia,Mainstream,25-34
CUST102631,Divya Kaur,2026-03-26,Malaysia,Mainstream,35-44
CUST102632,Haziq Muthu,2024-11-28,Singapore,Budget,55+
CUST102633,Ahmad Nair,2024-11-02,Singapore,Premium,25-34
CUST102634,Aina Kaur,2026-07-11,Malaysia,Premium,25-34
CUST102635,Nur Aisyah Lee,2024-08-20,Malaysia,Mainstream,45-54
CUST102636,Siti Lee,2026-07-12,Indonesia,Budget,25-34
CUST102637,Zhi Hao Binte Ismail,2025-08-29,Indonesia,Budget,35-44
CUST102638,Siti Osman,2025-03-29,Thailand,Premium,35-44
CUST102639,Jia Xin Bin Abdullah,2025-12-03,Thailand,Premium,45-54
CUST102640,Ravi Yusof,2026-03-03,Indonesia,Mainstream,18-24
CUST102641,Haziq Chua,2026-06-25,Singapore,Premium,55+
CUST102642,Nabila Chong,2025-02-14,Malaysia,Mainstream,55+
CUST102643,Kumar Osman,2026-07-03,Malaysia,Premium,18-24
CUST102644,Kumar Rahman,2025-08-10,Malaysia,Budget,35-44
CUST102645,Haziq Muthu,2025-10-16,Singapore,Budget,25-34
CUST102646,Priya Yusof,2024-08-22,Malaysia,Mainstream,25-34
CUST102647,Chen Wei Chua,2024-09-18,Singapore,Budget,55+
CUST102648,Wei Ming Nair,2024-12-10,Singapore,Budget,25-34
CUST102649,Nur Aisyah Osman,2025-02-11,Indonesia,Mainstream,25-34
CUST102650,Hui Ling Goh,2025-06-28,Malaysia,Budget,18-24
CUST102651,Nur Aisyah Lee,2025-11-17,Malaysia,Mainstream,35-44
CUST102652,Siti Osman,2026-03-30,Malaysia,Budget,45-54
CUST102653,Jia Xin Chua,2024-08-22,Malaysia,Mainstream,35-44
CUST102654,Hui Ling Lee,2025-10-22,Singapore,Budget,35-44
CUST102655,Chen Wei Muthu,2025-09-20,Malaysia,Mainstream,18-24
CUST102656,Siti Wong,2026-04-17,Singapore,Mainstream,35-44
CUST102657,Farhan Chong,2026-01-08,Indonesia,Budget,25-34
CUST102658,Ahmad Lim,2025-04-22,Singapore,Budget,35-44
CUST102659,Xin Yi Binte Ismail,2025-09-21,Thailand,Budget,35-44
CUST102660,Priya Osman,2025-05-28,Indonesia,Budget,55+
CUST102661,Aina Wong,2026-02-25,Malaysia,Budget,35-44
CUST102662,Chen Wei Wong,2026-05-31,Singapore,Budget,35-44
CUST102663,Divya Binte Ismail,2024-10-21,Malaysia,Mainstream,25-34
CUST102664,Nur Aisyah Kaur,2025-09-17,Indonesia,Budget,18-24
CUST102665,Divya Osman,2025-11-08,Indonesia,Budget,35-44
CUST102666,Jia Xin Muthu,2026-01-02,Indonesia,Budget,35-44
CUST102667,Zhi Hao Lim,2025-04-05,Thailand,Mainstream,35-44
CUST102668,Ravi Chong,2025-06-13,Malaysia,Mainstream,35-44
CUST102669,Jia Xin Kaur,2025-10-18,Indonesia,Mainstream,25-34
CUST102670,Priya Nair,2024-09-18,Malaysia,Mainstream,25-34
CUST102671,Divya Lee,2024-10-09,Malaysia,Mainstream,18-24
CUST102672,Kumar Wong,2026-03-07,Malaysia,Budget,35-44
CUST102673,Mei Ling Kaur,2025-04-17,Indonesia,Budget,55+
CUST102674,Priya Chong,2024-08-22,Singapore,Mainstream,35-44
CUST102675,Siti Kaur,2025-08-07,Singapore,Budget,35-44
CUST102676,Arif Kaur,2026-07-07,Singapore,Mainstream,35-44
CUST102677,Xin Yi Osman,2026-04-24,Thailand,Mainstream,25-34
CUST102678,Aina Chua,2025-03-29,Malaysia,Mainstream,25-34
CUST102679,Hui Ling Wong,2024-10-09,Malaysia,Mainstream,25-34
CUST102680,Aina Osman,2026-04-27,Malaysia,Premium,55+
CUST102681,Divya Osman,2025-06-25,Malaysia,Budget,18-24
CUST102682,Kumar Bin Abdullah,2025-08-01,Thailand,Budget,35-44
CUST102683,Hui Ling Chong,2026-01-02,Thailand,Premium,25-34
CUST102684,Aina Rahman,2025-04-24,Indonesia,Mainstream,35-44
CUST102685,Xin Yi Chua,2024-10-27,Indonesia,Budget,25-34
CUST102686,Jia Xin Binte Ismail,2026-02-05,Singapore,Budget,55+
CUST102687,Ravi Yusof,2026-06-20,Singapore,Budget,25-34
CUST102688,Nur Aisyah Binte Ismail,2025-11-09,Malaysia,Mainstream,55+
CUST102689,Mei Ling Kaur,2025-12-12,Indonesia,Budget,35-44
CUST102690,Nur Aisyah Goh,2025-02-14,Singapore,Budget,25-34
CUST102691,Jia Xin Wong,2025-07-03,Indonesia,Budget,35-44
CUST102692,Hui Ling Muthu,2026-07-16,Singapore,Premium,35-44
CUST102693,Siti Goh,2025-11-23,Singapore,Mainstream,18-24
CUST102694,Mei Ling Muthu,2025-02-08,Singapore,Mainstream,35-44
CUST102695,Nur Aisyah Bin Abdullah,2025-08-15,Indonesia,Premium,35-44
CUST102696,Haziq Osman,2025-06-14,Indonesia,Budget,35-44
CUST102697,Ahmad Tan,2026-01-18,Malaysia,Mainstream,35-44
CUST102698,Chen Wei Wong,2025-12-08,Indonesia,Mainstream,35-44
CUST102699,Chen Wei Muthu,2026-04-26,Indonesia,Mainstream,25-34
CUST102700,Suresh Yusof,2026-05-31,Malaysia,Mainstream,25-34
CUST102701,Aina Kaur,2026-07-03,Indonesia,Premium,25-34
CUST102702,Wei Ming Wong,2025-04-30,Singapore,Budget,35-44
CUST102703,Ravi Osman,2026-04-05,Malaysia,Budget,25-34
CUST102704,Divya Yusof,2025-06-06,Singapore,Mainstream,18-24
CUST102705,Wei Ming Kaur,2024-09-02,Malaysia,Budget,45-54
CUST102706,Ahmad Muthu,2025-03-08,Malaysia,Mainstream,25-34
CUST102707,Priya Binte Ismail,2025-06-04,Singapore,Budget,25-34
CUST102708,Jia Xin Bin Abdullah,2026-05-05,Malaysia,Mainstream,45-54
CUST102709,Divya Nair,2025-08-07,Indonesia,Mainstream,35-44
CUST102710,Haziq Goh,2024-10-17,Malaysia,Premium,45-54
CUST102711,Hui Ling Binte Ismail,2025-10-22,Singapore,Mainstream,25-34
CUST102712,Priya Binte Ismail,2024-12-03,Singapore,Premium,35-44
CUST102713,Haziq Bin Abdullah,2025-02-27,Malaysia,Mainstream,55+
CUST102714,Wei Ming Osman,2026-01-16,Indonesia,Mainstream,25-34
CUST102715,Nabila Binte Ismail,2026-04-17,Thailand,Mainstream,18-24
CUST102716,Priya Kaur,2026-07-17,Singapore,Mainstream,25-34
CUST102717,Ahmad Goh,2026-01-09,Indonesia,Mainstream,45-54
CUST102718,Farhan Tan,2025-11-28,Malaysia,Budget,25-34
CUST102719,Farhan Chong,2025-04-07,Thailand,Budget,35-44
CUST102720,Ahmad Kaur,2025-06-07,Singapore,Mainstream,35-44
CUST102721,Chen Wei Osman,2025-08-14,Malaysia,Budget,55+
CUST102722,Kumar Wong,2025-02-17,Malaysia,Mainstream,25-34
CUST102723,Aina Lee,2025-01-13,Singapore,Budget,35-44
CUST102724,Farhan Bin Abdullah,2025-02-24,Singapore,Budget,55+
CUST102725,Kumar Chua,2024-10-13,Singapore,Mainstream,25-34
CUST102726,Haziq Chua,2025-11-09,Malaysia,Budget,35-44
CUST102727,Priya Bin Abdullah,2024-12-05,Indonesia,Premium,18-24
CUST102728,Nur Aisyah Wong,2025-09-25,Indonesia,Premium,25-34
CUST102729,Ahmad Muthu,2026-03-17,Singapore,Mainstream,18-24
CUST102730,Suresh Tan,2026-04-14,Thailand,Budget,25-34
CUST102731,Ravi Rahman,2026-05-24,Malaysia,Budget,25-34
CUST102732,Nur Aisyah Chong,2024-08-31,Thailand,Mainstream,45-54
CUST102733,Wei Ming Wong,2026-03-28,Singapore,Budget,25-34
CUST102734,Divya Rahman,2024-11-27,Indonesia,Premium,25-34
CUST102735,Divya Lee,2025-01-04,Thailand,Premium,35-44
CUST102736,Xin Yi Bin Abdullah,2025-09-12,Indonesia,Budget,55+
CUST102737,Hui Ling Kaur,2024-09-30,Indonesia,Mainstream,25-34
CUST102738,Kumar Yusof,2024-10-04,Malaysia,Mainstream,18-24
CUST102739,Hui Ling Chong,2024-09-22,Indonesia,Mainstream,18-24
CUST102740,Nabila Lim,2025-08-01,Malaysia,Budget,45-54
CUST102741,Priya Osman,2025-12-24,Malaysia,Mainstream,45-54
CUST102742,Ahmad Bin Abdullah,2026-06-28,Thailand,Budget,35-44
CUST102743,Siti Chua,2024-11-23,Singapore,Premium,18-24
CUST102744,Suresh Wong,2024-10-30,Malaysia,Mainstream,35-44
CUST102745,Mei Ling Chua,2025-07-03,Thailand,Mainstream,35-44
CUST102746,Nur Aisyah Binte Ismail,2026-06-08,Singapore,Premium,25-34
CUST102747,Xin Yi Bin Abdullah,2024-12-06,Singapore,Mainstream,18-24
CUST102748,Xin Yi Kaur,2025-12-24,Singapore,Mainstream,25-34
CUST102749,Nabila Tan,2025-06-24,Indonesia,Budget,35-44
CUST102750,Chen Wei Binte Ismail,2025-04-04,Thailand,Mainstream,55+
CUST102751,Wei Ming Yusof,2026-04-14,Singapore,Budget,25-34
CUST102752,Ahmad Osman,2026-06-14,Malaysia,Premium,55+
CUST102753,Arif Lim,2026-06-02,Malaysia,Budget,25-34
CUST102754,Divya Muthu,2024-08-28,Indonesia,Budget,35-44
CUST102755,Farhan Chua,2024-08-30,Indonesia,Mainstream,45-54
CUST102756,Chen Wei Muthu,2025-09-21,Thailand,Budget,35-44
CUST102757,Ahmad Yusof,2025-09-22,Singapore,Premium,18-24
CUST102758,Ahmad Yusof,2025-10-06,Singapore,Budget,25-34
CUST102759,Divya Kaur,2025-11-16,Malaysia,Budget,45-54
CUST102760,Farhan Nair,2025-06-28,Malaysia,Mainstream,35-44
CUST102761,Xin Yi Muthu,2025-11-11,Malaysia,Mainstream,25-34
CUST102762,Zhi Hao Lim,2025-05-06,Singapore,Premium,35-44
CUST102763,Divya Rahman,2025-10-26,Singapore,Budget,25-34
CUST102764,Wei Ming Lim,2025-04-26,Thailand,Budget,25-34
CUST102765,Divya Goh,2024-09-08,Singapore,Budget,45-54
CUST102766,Ahmad Lee,2026-03-01,Malaysia,Budget,25-34
CUST102767,Hui Ling Yusof,2026-06-14,Indonesia,Mainstream,25-34
CUST102768,Hui Ling Osman,2025-07-10,Singapore,Budget,25-34
CUST102769,Haziq Goh,2026-05-04,Singapore,Mainstream,55+
CUST102770,Kumar Bin Abdullah,2026-02-11,Malaysia,Premium,25-34
CUST102771,Kumar Chua,2024-12-30,Malaysia,Budget,25-34
CUST102772,Siti Muthu,2025-09-27,Singapore,Mainstream,25-34
CUST102773,Nur Aisyah Tan,2025-06-23,Malaysia,Budget,18-24
CUST102774,Siti Chua,2025-01-09,Singapore,Mainstream,18-24
CUST102775,Zhi Hao Wong,2026-04-27,Singapore,Budget,18-24
CUST102776,Aina Nair,2025-08-14,Singapore,Mainstream,18-24
CUST102777,Divya Kaur,2026-07-04,Singapore,Budget,35-44
CUST102778,Arif Binte Ismail,2025-07-30,Malaysia,Budget,25-34
CUST102779,Ahmad Bin Abdullah,2026-02-16,Thailand,Budget,25-34
CUST102780,Mei Ling Lim,2024-10-02,Singapore,Budget,35-44
CUST102781,Xin Yi Lim,2026-01-20,Malaysia,Premium,18-24
CUST102782,Hui Ling Nair,2026-03-05,Malaysia,Budget,25-34
CUST102783,Siti Wong,2026-07-19,Indonesia,Premium,55+
CUST102784,Priya Binte Ismail,2026-04-23,Malaysia,Mainstream,35-44
CUST102785,Xin Yi Yusof,2026-02-22,Singapore,Budget,35-44
CUST102786,Siti Yusof,2026-02-13,Malaysia,Budget,35-44
CUST102787,Ravi Chong,2025-02-06,Singapore,Budget,55+
CUST102788,Divya Goh,2024-10-20,Indonesia,Mainstream,18-24
CUST102789,Mei Ling Wong,2024-11-12,Singapore,Budget,18-24
CUST102790,Ahmad Osman,2024-08-30,Indonesia,Premium,45-54
CUST102791,Ravi Lim,2024-10-12,Malaysia,Budget,18-24
CUST102792,Mei Ling Chua,2025-08-31,Indonesia,Budget,35-44
CUST102793,Siti Goh,2025-10-18,Singapore,Budget,18-24
CUST102794,Haziq Osman,2025-04-12,Indonesia,Mainstream,25-34
CUST102795,Hui Ling Chong,2025-12-08,Indonesia,Mainstream,35-44
CUST102796,Ahmad Nair,2025-05-15,Malaysia,Premium,35-44
CUST102797,Suresh Wong,2024-07-30,Singapore,Budget,35-44
CUST102798,Ahmad Yusof,2026-03-07,Singapore,Budget,25-34
CUST102799,Xin Yi Chua,2025-01-14,Singapore,Mainstream,25-34
CUST102800,Priya Goh,2024-09-15,Indonesia,Mainstream,35-44
CUST102801,Wei Ming Kaur,2025-07-02,Malaysia,Mainstream,18-24
CUST102802,Zhi Hao Tan,2025-11-12,Indonesia,Budget,35-44
CUST102803,Mei Ling Chong,2026-01-25,Indonesia,Mainstream,35-44
CUST102804,Zhi Hao Lim,2026-03-29,Indonesia,Budget,25-34
CUST102805,Kumar Binte Ismail,2025-12-07,Indonesia,Premium,25-34
CUST102806,Zhi Hao Rahman,2025-01-31,Malaysia,Budget,45-54
CUST102807,Divya Yusof,2025-07-18,Malaysia,Mainstream,25-34
CUST102808,Xin Yi Bin Abdullah,2026-02-18,Singapore,Budget,18-24
CUST102809,Chen Wei Bin Abdullah,2025-06-29,Indonesia,Mainstream,55+
CUST102810,Wei Ming Tan,2024-12-16,Thailand,Premium,18-24
CUST102811,Siti Muthu,2026-07-20,Malaysia,Premium,45-54
CUST102812,Siti Yusof,2026-07-14,Thailand,Mainstream,18-24
CUST102813,Farhan Tan,2024-08-28,Thailand,Budget,25-34
CUST102814,Farhan Tan,2025-01-29,Malaysia,Mainstream,35-44
CUST102815,Mei Ling Chong,2025-06-04,Indonesia,Mainstream,18-24
CUST102816,Ahmad Rahman,2024-10-06,Malaysia,Mainstream,35-44
CUST102817,Xin Yi Chong,2025-05-25,Singapore,Budget,25-34
CUST102818,Kumar Lee,2025-07-14,Singapore,Budget,35-44
CUST102819,Arif Muthu,2026-02-25,Malaysia,Budget,45-54
CUST102820,Xin Yi Rahman,2024-12-15,Indonesia,Mainstream,35-44
CUST102821,Aina Yusof,2025-01-17,Singapore,Budget,25-34
CUST102822,Zhi Hao Tan,2025-12-26,Indonesia,Budget,25-34
CUST102823,Suresh Goh,2025-02-06,Indonesia,Mainstream,18-24
CUST102824,Nabila Goh,2025-02-14,Indonesia,Mainstream,55+
CUST102825,Chen Wei Chua,2026-05-21,Singapore,Premium,35-44
CUST102826,Hui Ling Lee,2026-04-03,Malaysia,Budget,35-44
CUST102827,Siti Binte Ismail,2025-05-21,Singapore,Budget,25-34
CUST102828,Haziq Osman,2025-04-30,Singapore,Mainstream,25-34
CUST102829,Ahmad Chua,2025-04-05,Singapore,Budget,18-24
CUST102830,Arif Binte Ismail,2025-10-30,Singapore,Mainstream,25-34
CUST102831,Suresh Lee,2024-11-27,Singapore,Budget,25-34
CUST102832,Ahmad Lee,2025-09-07,Malaysia,Mainstream,25-34
CUST102833,Siti Osman,2026-03-01,Malaysia,Budget,18-24
CUST102834,Xin Yi Yusof,2026-05-06,Singapore,Mainstream,35-44
CUST102835,Jia Xin Nair,2024-10-27,Thailand,Mainstream,25-34
CUST102836,Nabila Nair,2025-02-28,Malaysia,Budget,25-34
CUST102837,Mei Ling Rahman,2025-08-27,Thailand,Mainstream,45-54
CUST102838,Ahmad Wong,2026-02-27,Malaysia,Mainstream,35-44
CUST102839,Zhi Hao Tan,2026-05-20,Singapore,Mainstream,18-24
CUST102840,Nur Aisyah Chua,2026-04-09,Thailand,Budget,45-54
CUST102841,Jia Xin Lee,2026-05-13,Thailand,Budget,35-44
CUST102842,Ahmad Lee,2025-07-08,Malaysia,Mainstream,35-44
CUST102843,Xin Yi Binte Ismail,2026-03-07,Malaysia,Mainstream,45-54
CUST102844,Xin Yi Binte Ismail,2026-04-27,Malaysia,Mainstream,18-24
CUST102845,Jia Xin Chong,2026-01-04,Malaysia,Budget,35-44
CUST102846,Suresh Binte Ismail,2025-03-06,Indonesia,Premium,25-34
CUST102847,Divya Tan,2025-08-01,Malaysia,Budget,18-24
CUST102848,Hui Ling Chua,2026-04-08,Singapore,Budget,25-34
CUST102849,Ravi Wong,2025-01-29,Singapore,Mainstream,25-34
CUST102850,Zhi Hao Wong,2025-08-06,Singapore,Mainstream,18-24
CUST102851,Kumar Lee,2026-03-15,Singapore,Mainstream,35-44
CUST102852,Priya Osman,2025-03-12,Malaysia,Budget,25-34
CUST102853,Farhan Rahman,2024-08-04,Thailand,Budget,25-34
CUST102854,Ahmad Chua,2025-06-30,Singapore,Mainstream,18-24
CUST102855,Kumar Goh,2026-04-03,Singapore,Budget,25-34
CUST102856,Mei Ling Nair,2025-12-16,Singapore,Mainstream,35-44
CUST102857,Nabila Lee,2025-05-18,Malaysia,Mainstream,25-34
CUST102858,Nur Aisyah Chua,2024-07-30,Malaysia,Budget,35-44
CUST102859,Wei Ming Lee,2024-09-19,Malaysia,Mainstream,55+
CUST102860,Nabila Lee,2024-09-16,Thailand,Premium,18-24
CUST102861,Aina Kaur,2024-11-29,Thailand,Mainstream,25-34
CUST102862,Siti Rahman,2025-06-05,Indonesia,Budget,45-54
CUST102863,Ahmad Lim,2025-04-13,Indonesia,Mainstream,35-44
CUST102864,Farhan Lee,2025-02-09,Malaysia,Premium,55+
CUST102865,Haziq Lim,2025-02-22,Malaysia,Mainstream,35-44
CUST102866,Haziq Lee,2025-04-19,Malaysia,Budget,35-44
CUST102867,Aina Chong,2026-04-23,Indonesia,Budget,18-24
CUST102868,Kumar Muthu,2024-10-25,Singapore,Mainstream,25-34
CUST102869,Siti Tan,2026-07-22,Singapore,Mainstream,35-44
CUST102870,Xin Yi Nair,2025-09-22,Singapore,Premium,35-44
CUST102871,Suresh Lee,2025-09-16,Malaysia,Premium,45-54
CUST102872,Wei Ming Tan,2024-08-01,Indonesia,Budget,55+
CUST102873,Farhan Binte Ismail,2026-05-25,Singapore,Mainstream,25-34
CUST102874,Chen Wei Lim,2025-08-16,Malaysia,Budget,25-34
CUST102875,Suresh Binte Ismail,2025-11-10,Malaysia,Budget,45-54
CUST102876,Arif Rahman,2026-05-19,Indonesia,Budget,45-54
CUST102877,Arif Lee,2026-02-16,Singapore,Premium,45-54
CUST102878,Priya Kaur,2025-09-24,Singapore,Budget,35-44
CUST102879,Ahmad Tan,2024-09-29,Malaysia,Mainstream,55+
CUST102880,Arif Bin Abdullah,2025-10-19,Malaysia,Budget,25-34
CUST102881,Nur Aisyah Lim,2024-10-25,Indonesia,Budget,18-24
CUST102882,Priya Chong,2025-02-09,Malaysia,Mainstream,18-24
CUST102883,Priya Rahman,2024-12-09,Thailand,Budget,25-34
CUST102884,Mei Ling Chong,2024-11-13,Singapore,Budget,45-54
CUST102885,Priya Binte Ismail,2025-02-23,Malaysia,Mainstream,25-34
CUST102886,Farhan Tan,2025-02-09,Thailand,Mainstream,35-44
CUST102887,Mei Ling Goh,2026-04-08,Singapore,Mainstream,25-34
CUST102888,Jia Xin Lim,2025-02-21,Indonesia,Mainstream,35-44
CUST102889,Ravi Lim,2026-06-24,Singapore,Budget,25-34
CUST102890,Nur Aisyah Bin Abdullah,2025-02-06,Malaysia,Budget,35-44
CUST102891,Suresh Goh,2025-04-08,Singapore,Budget,25-34
CUST102892,Divya Nair,2025-01-23,Malaysia,Premium,25-34
CUST102893,Zhi Hao Nair,2025-04-17,Indonesia,Budget,25-34
CUST102894,Ahmad Goh,2025-11-02,Singapore,Budget,35-44
CUST102895,Ravi Lim,2025-11-02,Singapore,Premium,35-44
CUST102896,Jia Xin Goh,2025-05-20,Singapore,Premium,55+
CUST102897,Farhan Binte Ismail,2025-08-18,Singapore,Budget,45-54
CUST102898,Suresh Nair,2025-11-23,Malaysia,Mainstream,25-34
CUST102899,Divya Lee,2025-08-06,Thailand,Budget,18-24
CUST102900,Arif Wong,2025-07-03,Singapore,Mainstream,18-24
CUST102901,Farhan Muthu,2026-02-04,Malaysia,Mainstream,25-34
CUST102902,Priya Bin Abdullah,2025-04-20,Malaysia,Premium,25-34
CUST102903,Farhan Goh,2025-12-12,Singapore,Budget,45-54
CUST102904,Mei Ling Wong,2026-01-15,Singapore,Mainstream,55+
CUST102905,Aina Nair,2025-09-27,Indonesia,Budget,25-34
CUST102906,Kumar Goh,2026-05-15,Malaysia,Mainstream,45-54
CUST102907,Divya Tan,2025-05-15,Indonesia,Mainstream,45-54
CUST102908,Farhan Muthu,2025-02-09,Malaysia,Mainstream,25-34
CUST102909,Jia Xin Chong,2024-08-31,Malaysia,Premium,45-54
CUST102910,Zhi Hao Yusof,2026-01-03,Thailand,Mainstream,55+
CUST102911,Suresh Bin Abdullah,2025-07-01,Thailand,Mainstream,55+
CUST102912,Ahmad Chong,2025-07-27,Thailand,Budget,35-44
CUST102913,Nur Aisyah Yusof,2025-02-11,Singapore,Premium,25-34
CUST102914,Arif Lee,2025-04-29,Thailand,Mainstream,25-34
CUST102915,Priya Bin Abdullah,2024-12-17,Indonesia,Budget,55+
CUST102916,Haziq Binte Ismail,2024-11-16,Indonesia,Mainstream,25-34
CUST102917,Kumar Osman,2026-05-08,Indonesia,Budget,25-34
CUST102918,Suresh Tan,2025-11-12,Thailand,Mainstream,25-34
CUST102919,Kumar Yusof,2025-04-09,Malaysia,Budget,35-44
CUST102920,Xin Yi Goh,2025-06-28,Indonesia,Budget,18-24
CUST102921,Divya Tan,2025-08-12,Indonesia,Premium,45-54
CUST102922,Suresh Bin Abdullah,2026-03-25,Indonesia,Premium,35-44
CUST102923,Arif Yusof,2025-06-07,Indonesia,Mainstream,25-34
CUST102924,Zhi Hao Tan,2025-02-04,Singapore,Premium,25-34
CUST102925,Nur Aisyah Chong,2026-07-01,Singapore,Budget,35-44
CUST102926,Kumar Yusof,2025-05-24,Malaysia,Budget,45-54
CUST102927,Farhan Chong,2024-10-06,Indonesia,Premium,45-54
CUST102928,Mei Ling Wong,2025-06-06,Indonesia,Mainstream,45-54
CUST102929,Priya Yusof,2024-09-02,Indonesia,Mainstream,25-34
CUST102930,Ahmad Chong,2025-11-14,Indonesia,Budget,45-54
CUST102931,Divya Binte Ismail,2026-07-27,Malaysia,Budget,35-44
CUST102932,Chen Wei Chong,2025-03-19,Singapore,Budget,35-44
CUST102933,Ravi Muthu,2026-02-24,Malaysia,Premium,35-44
CUST102934,Chen Wei Yusof,2026-07-22,Thailand,Budget,25-34
CUST102935,Xin Yi Kaur,2026-03-20,Malaysia,Mainstream,35-44
CUST102936,Ravi Rahman,2024-09-16,Thailand,Budget,35-44
CUST102937,Ravi Lim,2025-01-05,Thailand,Mainstream,25-34
CUST102938,Chen Wei Binte Ismail,2026-01-10,Malaysia,Budget,35-44
CUST102939,Aina Tan,2025-05-19,Indonesia,Mainstream,25-34
CUST102940,Nur Aisyah Goh,2025-11-24,Malaysia,Mainstream,35-44
CUST102941,Haziq Binte Ismail,2026-03-22,Malaysia,Budget,45-54
CUST102942,Arif Osman,2024-08-07,Singapore,Budget,18-24
CUST102943,Nabila Bin Abdullah,2024-12-12,Singapore,Budget,25-34
CUST102944,Aina Rahman,2025-11-06,Singapore,Mainstream,35-44
CUST102945,Ravi Lee,2025-11-13,Malaysia,Mainstream,18-24
CUST102946,Arif Rahman,2024-12-11,Singapore,Budget,25-34
CUST102947,Ahmad Chua,2025-08-27,Malaysia,Mainstream,35-44
CUST102948,Wei Ming Goh,2025-10-27,Malaysia,Budget,18-24
CUST102949,Zhi Hao Muthu,2025-10-20,Malaysia,Premium,35-44
CUST102950,Chen Wei Bin Abdullah,2025-09-06,Thailand,Premium,18-24
CUST102951,Hui Ling Chua,2025-07-14,Malaysia,Mainstream,18-24
CUST102952,Nur Aisyah Bin Abdullah,2026-06-30,Singapore,Budget,25-34
CUST102953,Mei Ling Muthu,2025-08-13,Thailand,Budget,55+
CUST102954,Xin Yi Kaur,2025-09-11,Indonesia,Premium,35-44
CUST102955,Nur Aisyah Wong,2026-01-10,Indonesia,Budget,25-34
CUST102956,Aina Bin Abdullah,2025-11-12,Indonesia,Mainstream,25-34
CUST102957,Ahmad Tan,2025-09-23,Singapore,Premium,35-44
CUST102958,Priya Binte Ismail,2025-11-04,Indonesia,Mainstream,35-44
CUST102959,Aina Muthu,2024-10-04,Singapore,Mainstream,25-34
CUST102960,Arif Chua,2025-07-09,Malaysia,Mainstream,25-34
CUST102961,Aina Goh,2025-07-27,Singapore,Premium,35-44
CUST102962,Chen Wei Lim,2026-01-19,Indonesia,Budget,35-44
CUST102963,Ravi Chong,2024-09-29,Singapore,Premium,45-54
CUST102964,Arif Binte Ismail,2026-07-13,Singapore,Budget,35-44
CUST102965,Chen Wei Chong,2025-06-23,Singapore,Mainstream,35-44
CUST102966,Priya Rahman,2026-03-28,Indonesia,Premium,35-44
CUST102967,Haziq Rahman,2025-01-14,Singapore,Mainstream,35-44
CUST102968,Nur Aisyah Chong,2025-10-26,Malaysia,Budget,35-44
CUST102969,Nabila Bin Abdullah,2025-12-27,Singapore,Budget,25-34
CUST102970,Kumar Kaur,2026-06-17,Indonesia,Mainstream,55+
CUST102971,Nur Aisyah Nair,2024-12-29,Singapore,Mainstream,25-34
CUST102972,Kumar Lim,2025-10-13,Thailand,Budget,35-44
CUST102973,Kumar Muthu,2026-01-18,Singapore,Premium,35-44
CUST102974,Chen Wei Kaur,2024-11-20,Singapore,Premium,45-54
CUST102975,Farhan Osman,2026-07-15,Singapore,Premium,18-24
CUST102976,Nur Aisyah Nair,2025-08-21,Singapore,Mainstream,45-54
CUST102977,Aina Yusof,2026-04-03,Malaysia,Premium,18-24
CUST102978,Siti Yusof,2026-04-28,Singapore,Premium,18-24
CUST102979,Zhi Hao Muthu,2026-07-14,Thailand,Budget,45-54
CUST102980,Nur Aisyah Nair,2026-03-15,Malaysia,Premium,25-34
CUST102981,Haziq Rahman,2024-09-06,Singapore,Mainstream,35-44
CUST102982,Ravi Lim,2025-09-07,Malaysia,Premium,25-34
CUST102983,Ravi Nair,2024-07-30,Singapore,Mainstream,55+
CUST102984,Nur Aisyah Tan,2026-01-15,Singapore,Mainstream,45-54
CUST102985,Ravi Binte Ismail,2025-01-19,Singapore,Budget,25-34
CUST102986,Mei Ling Tan,2026-05-25,Singapore,Budget,45-54
CUST102987,Nabila Chong,2026-05-12,Singapore,Budget,25-34
CUST102988,Chen Wei Bin Abdullah,2026-07-18,Thailand,Mainstream,35-44
CUST102989,Siti Nair,2024-10-11,Indonesia,Premium,45-54
CUST102990,Zhi Hao Chua,2025-03-26,Thailand,Budget,35-44
CUST102991,Chen Wei Osman,2025-02-02,Singapore,Budget,35-44
CUST102992,Arif Rahman,2024-09-21,Thailand,Mainstream,45-54
CUST102993,Chen Wei Chong,2025-11-29,Malaysia,Budget,35-44
CUST102994,Suresh Chong,2025-02-17,Singapore,Budget,55+
CUST102995,Wei Ming Kaur,2025-07-28,Indonesia,Budget,18-24
CUST102996,Haziq Nair,2025-06-28,Singapore,Mainstream,25-34
CUST102997,Arif Binte Ismail,2025-04-02,Malaysia,Mainstream,45-54
CUST102998,Suresh Goh,2025-08-20,Indonesia,Premium,25-34
CUST102999,Xin Yi Lim,2026-07-12,Malaysia,Budget,25-34
CUST103000,Zhi Hao Osman,2026-06-05,Malaysia,Budget,45-54
CUST103001,Zhi Hao Chong,2025-07-28,Malaysia,Mainstream,35-44
CUST103002,Mei Ling Binte Ismail,2025-06-08,Singapore,Premium,25-34
CUST103003,Kumar Chua,2025-02-10,Thailand,Budget,25-34
CUST103004,Hui Ling Lim,2025-06-07,Singapore,Premium,25-34
CUST103005,Jia Xin Chua,2026-03-14,Singapore,Mainstream,25-34
CUST103006,Aina Chong,2025-11-04,Singapore,Premium,18-24
CUST103007,Ahmad Lim,2025-09-09,Thailand,Budget,45-54
CUST103008,Priya Lim,2024-08-10,Indonesia,Budget,25-34
CUST103009,Xin Yi Chua,2025-07-06,Malaysia,Budget,45-54
CUST103010,Kumar Rahman,2025-04-22,Thailand,Mainstream,55+
CUST103011,Priya Muthu,2025-02-08,Singapore,Premium,25-34
CUST103012,Mei Ling Chua,2025-11-07,Thailand,Mainstream,55+
CUST103013,Farhan Yusof,2024-08-24,Singapore,Budget,25-34
CUST103014,Ahmad Rahman,2025-03-24,Malaysia,Budget,35-44
CUST103015,Suresh Yusof,2024-11-17,Singapore,Mainstream,55+
CUST103016,Xin Yi Goh,2025-01-29,Thailand,Premium,45-54
CUST103017,Siti Lim,2025-05-02,Thailand,Budget,25-34
CUST103018,Divya Rahman,2026-07-07,Malaysia,Mainstream,25-34
CUST103019,Farhan Binte Ismail,2025-05-29,Singapore,Mainstream,25-34
CUST103020,Jia Xin Wong,2026-04-26,Singapore,Premium,55+
CUST103021,Jia Xin Chua,2025-05-15,Malaysia,Mainstream,25-34
CUST103022,Divya Kaur,2025-03-04,Singapore,Budget,35-44
CUST103023,Arif Chong,2025-06-27,Singapore,Mainstream,25-34
CUST103024,Nur Aisyah Rahman,2025-12-16,Indonesia,Mainstream,25-34
CUST103025,Farhan Bin Abdullah,2026-06-16,Malaysia,Premium,25-34
CUST103026,Jia Xin Rahman,2025-03-27,Thailand,Mainstream,25-34
CUST103027,Haziq Osman,2025-03-07,Malaysia,Budget,35-44
CUST103028,Wei Ming Nair,2025-08-15,Singapore,Mainstream,25-34
CUST103029,Zhi Hao Wong,2025-02-22,Malaysia,Mainstream,25-34
CUST103030,Mei Ling Chua,2025-01-07,Singapore,Budget,35-44
CUST103031,Jia Xin Tan,2025-07-20,Malaysia,Premium,25-34
CUST103032,Jia Xin Binte Ismail,2026-06-25,Indonesia,Budget,45-54
CUST103033,Jia Xin Binte Ismail,2024-11-01,Singapore,Premium,35-44
CUST103034,Arif Goh,2025-08-23,Singapore,Budget,35-44
CUST103035,Arif Yusof,2025-03-26,Thailand,Budget,25-34
CUST103036,Ravi Nair,2024-10-03,Malaysia,Mainstream,18-24
CUST103037,Chen Wei Tan,2025-11-07,Malaysia,Mainstream,45-54
CUST103038,Priya Bin Abdullah,2025-05-01,Indonesia,Premium,45-54
CUST103039,Divya Nair,2026-07-15,Malaysia,Mainstream,25-34
CUST103040,Suresh Wong,2024-10-21,Singapore,Budget,25-34
CUST103041,Siti Muthu,2026-06-16,Indonesia,Premium,25-34
CUST103042,Aina Chua,2025-06-29,Thailand,Mainstream,35-44
CUST103043,Farhan Lee,2025-11-15,Singapore,Budget,25-34
CUST103044,Jia Xin Chua,2026-07-03,Singapore,Premium,55+
CUST103045,Siti Goh,2025-08-26,Indonesia,Budget,18-24
CUST103046,Nur Aisyah Lee,2024-09-15,Malaysia,Budget,55+
CUST103047,Priya Nair,2026-03-30,Malaysia,Mainstream,18-24
CUST103048,Aina Muthu,2025-12-28,Malaysia,Mainstream,25-34
CUST103049,Xin Yi Binte Ismail,2026-03-13,Indonesia,Mainstream,25-34
CUST103050,Siti Muthu,2026-04-29,Malaysia,Premium,25-34
CUST103051,Mei Ling Lim,2026-02-11,Singapore,Budget,55+
CUST103052,Haziq Nair,2025-06-07,Singapore,Premium,25-34
CUST103053,Wei Ming Chua,2025-01-06,Malaysia,Budget,18-24
CUST103054,Zhi Hao Nair,2025-03-13,Thailand,Budget,55+
CUST103055,Suresh Kaur,2025-01-12,Malaysia,Budget,25-34
CUST103056,Mei Ling Nair,2025-02-22,Malaysia,Budget,18-24
CUST103057,Nur Aisyah Bin Abdullah,2025-10-23,Thailand,Budget,18-24
CUST103058,Haziq Binte Ismail,2024-10-10,Malaysia,Premium,25-34
CUST103059,Ahmad Rahman,2026-03-26,Malaysia,Mainstream,55+
CUST103060,Siti Chong,2025-03-06,Singapore,Mainstream,18-24
CUST103061,Haziq Lee,2026-05-10,Indonesia,Budget,35-44
CUST103062,Arif Binte Ismail,2025-01-17,Indonesia,Premium,25-34
CUST103063,Nur Aisyah Muthu,2026-05-27,Indonesia,Budget,25-34
CUST103064,Priya Wong,2026-02-22,Singapore,Mainstream,35-44
CUST103065,Hui Ling Lee,2025-10-17,Malaysia,Mainstream,35-44
CUST103066,Chen Wei Lee,2025-03-10,Singapore,Budget,35-44
CUST103067,Aina Bin Abdullah,2026-06-26,Thailand,Mainstream,25-34
CUST103068,Arif Yusof,2026-01-23,Singapore,Premium,18-24
CUST103069,Hui Ling Lee,2025-11-28,Malaysia,Budget,35-44
CUST103070,Priya Tan,2025-02-11,Indonesia,Mainstream,35-44
CUST103071,Ahmad Goh,2024-08-27,Singapore,Premium,25-34
CUST103072,Hui Ling Osman,2025-05-07,Malaysia,Budget,25-34
CUST103073,Ahmad Yusof,2025-07-24,Singapore,Budget,45-54
CUST103074,Hui Ling Muthu,2025-11-26,Malaysia,Mainstream,18-24
CUST103075,Wei Ming Muthu,2024-12-06,Thailand,Mainstream,35-44
CUST103076,Aina Wong,2026-05-12,Malaysia,Budget,35-44
CUST103077,Wei Ming Nair,2026-04-26,Thailand,Mainstream,25-34
CUST103078,Hui Ling Nair,2026-03-05,Singapore,Budget,35-44
CUST103079,Xin Yi Rahman,2026-01-15,Malaysia,Premium,35-44
CUST103080,Siti Binte Ismail,2025-08-27,Thailand,Premium,35-44
CUST103081,Siti Lim,2024-09-07,Thailand,Mainstream,45-54
CUST103082,Siti Nair,2025-04-11,Singapore,Premium,35-44
CUST103083,Priya Chua,2025-10-23,Indonesia,Mainstream,18-24
CUST103084,Haziq Chua,2026-02-25,Thailand,Premium,25-34
CUST103085,Ahmad Rahman,2025-04-12,Indonesia,Budget,35-44
CUST103086,Chen Wei Binte Ismail,2026-01-26,Malaysia,Budget,25-34
CUST103087,Mei Ling Lee,2024-08-16,Singapore,Premium,45-54
CUST103088,Ravi Chong,2025-08-15,Singapore,Budget,25-34
CUST103089,Xin Yi Muthu,2025-06-22,Malaysia,Budget,18-24
CUST103090,Jia Xin Muthu,2024-10-08,Malaysia,Mainstream,25-34
CUST103091,Nur Aisyah Muthu,2025-12-19,Singapore,Mainstream,45-54
CUST103092,Nur Aisyah Osman,2025-08-19,Singapore,Budget,35-44
CUST103093,Jia Xin Goh,2025-07-06,Malaysia,Budget,35-44
CUST103094,Arif Lee,2026-01-13,Malaysia,Budget,25-34
CUST103095,Chen Wei Tan,2026-06-20,Malaysia,Budget,55+
CUST103096,Kumar Lim,2026-01-03,Malaysia,Budget,45-54
CUST103097,Priya Wong,2026-05-08,Singapore,Mainstream,25-34
CUST103098,Zhi Hao Binte Ismail,2025-03-23,Thailand,Mainstream,45-54
CUST103099,Nur Aisyah Bin Abdullah,2026-07-24,Malaysia,Budget,55+
CUST103100,Chen Wei Goh,2025-12-10,Singapore,Budget,25-34
CUST103101,Siti Bin Abdullah,2024-10-22,Malaysia,Mainstream,25-34
CUST103102,Hui Ling Goh,2025-06-09,Malaysia,Budget,35-44
CUST103103,Ravi Chua,2025-03-26,Malaysia,Budget,25-34
CUST103104,Kumar Nair,2025-03-28,Malaysia,Budget,45-54
CUST103105,Hui Ling Yusof,2025-12-24,Malaysia,Mainstream,35-44
CUST103106,Divya Rahman,2025-04-24,Indonesia,Budget,25-34
CUST103107,Ravi Nair,2026-02-18,Singapore,Budget,25-34
CUST103108,Farhan Bin Abdullah,2025-04-22,Singapore,Mainstream,35-44
CUST103109,Wei Ming Goh,2025-03-18,Singapore,Mainstream,18-24
CUST103110,Kumar Rahman,2024-10-28,Malaysia,Mainstream,25-34
CUST103111,Aina Binte Ismail,2024-09-26,Malaysia,Premium,18-24
CUST103112,Jia Xin Yusof,2026-07-12,Indonesia,Mainstream,45-54
CUST103113,Divya Nair,2025-12-23,Singapore,Budget,18-24
CUST103114,Wei Ming Lee,2025-06-25,Malaysia,Budget,18-24
CUST103115,Mei Ling Nair,2025-12-07,Singapore,Budget,45-54
CUST103116,Nur Aisyah Bin Abdullah,2025-05-04,Malaysia,Budget,18-24
CUST103117,Xin Yi Yusof,2024-11-13,Indonesia,Budget,35-44
CUST103118,Haziq Rahman,2026-01-22,Singapore,Budget,25-34
CUST103119,Nabila Rahman,2024-10-15,Singapore,Mainstream,45-54
CUST103120,Aina Bin Abdullah,2024-10-24,Malaysia,Mainstream,25-34
CUST103121,Chen Wei Rahman,2024-09-30,Indonesia,Budget,18-24
CUST103122,Haziq Rahman,2026-06-06,Singapore,Mainstream,25-34
CUST103123,Xin Yi Lee,2025-12-27,Thailand,Budget,55+
CUST103124,Hui Ling Bin Abdullah,2026-04-30,Thailand,Mainstream,45-54
CUST103125,Aina Bin Abdullah,2026-05-03,Indonesia,Mainstream,25-34
CUST103126,Kumar Chong,2026-06-21,Singapore,Budget,25-34
CUST103127,Kumar Lim,2025-09-11,Indonesia,Budget,25-34
CUST103128,Zhi Hao Yusof,2026-05-27,Singapore,Premium,25-34
CUST103129,Ravi Goh,2025-12-26,Thailand,Mainstream,25-34
CUST103130,Arif Lee,2024-08-12,Malaysia,Mainstream,45-54
CUST103131,Siti Muthu,2024-10-22,Singapore,Budget,18-24
CUST103132,Ahmad Lim,2024-09-13,Singapore,Budget,45-54
CUST103133,Aina Tan,2026-07-03,Indonesia,Budget,18-24
CUST103134,Kumar Yusof,2025-04-03,Thailand,Premium,45-54
CUST103135,Ahmad Chua,2025-04-23,Malaysia,Budget,25-34
CUST103136,Divya Osman,2026-04-24,Malaysia,Budget,18-24
CUST103137,Divya Tan,2024-10-06,Indonesia,Premium,45-54
CUST103138,Hui Ling Chua,2025-10-07,Indonesia,Mainstream,25-34
CUST103139,Wei Ming Wong,2024-08-16,Indonesia,Budget,45-54
CUST103140,Wei Ming Rahman,2026-05-07,Malaysia,Mainstream,45-54
CUST103141,Divya Bin Abdullah,2025-04-11,Malaysia,Mainstream,55+
CUST103142,Mei Ling Goh,2026-04-25,Thailand,Premium,45-54
CUST103143,Hui Ling Tan,2024-09-04,Singapore,Budget,25-34
CUST103144,Kumar Osman,2025-05-12,Malaysia,Mainstream,25-34
CUST103145,Farhan Nair,2026-06-04,Singapore,Budget,35-44
CUST103146,Wei Ming Chua,2026-02-23,Malaysia,Mainstream,25-34
CUST103147,Hui Ling Yusof,2025-11-09,Indonesia,Mainstream,35-44
CUST103148,Arif Osman,2026-07-20,Singapore,Mainstream,25-34
CUST103149,Kumar Bin Abdullah,2026-07-23,Malaysia,Premium,35-44
CUST103150,Priya Tan,2024-09-22,Singapore,Mainstream,25-34
CUST103151,Nur Aisyah Chong,2024-08-12,Thailand,Budget,18-24
CUST103152,Priya Wong,2025-07-03,Indonesia,Budget,55+
CUST103153,Haziq Lim,2024-10-09,Malaysia,Budget,45-54
CUST103154,Jia Xin Bin Abdullah,2025-04-07,Indonesia,Mainstream,25-34
CUST103155,Mei Ling Rahman,2026-07-09,Singapore,Budget,18-24
CUST103156,Wei Ming Lim,2025-02-23,Indonesia,Mainstream,35-44
CUST103157,Suresh Tan,2026-07-16,Indonesia,Mainstream,25-34
CUST103158,Xin Yi Muthu,2024-12-10,Singapore,Premium,35-44
CUST103159,Mei Ling Rahman,2025-11-04,Thailand,Budget,45-54
CUST103160,Xin Yi Goh,2026-04-17,Singapore,Mainstream,25-34
CUST103161,Arif Goh,2026-01-22,Malaysia,Mainstream,25-34
CUST103162,Chen Wei Bin Abdullah,2025-03-18,Singapore,Premium,18-24
CUST103163,Hui Ling Yusof,2024-11-18,Indonesia,Mainstream,25-34
CUST103164,Hui Ling Nair,2025-06-08,Singapore,Budget,35-44
CUST103165,Hui Ling Yusof,2026-04-03,Singapore,Budget,25-34
CUST103166,Siti Lim,2024-10-10,Malaysia,Premium,55+
CUST103167,Hui Ling Bin Abdullah,2024-12-29,Thailand,Mainstream,35-44
CUST103168,Ahmad Lim,2025-10-03,Singapore,Mainstream,25-34
CUST103169,Haziq Nair,2025-06-20,Malaysia,Mainstream,35-44
CUST103170,Kumar Goh,2024-08-25,Malaysia,Mainstream,25-34
CUST103171,Aina Yusof,2025-10-27,Indonesia,Mainstream,25-34
CUST103172,Nur Aisyah Yusof,2026-07-11,Singapore,Premium,35-44
CUST103173,Divya Goh,2026-04-14,Malaysia,Premium,18-24
CUST103174,Mei Ling Yusof,2025-05-17,Thailand,Budget,25-34
CUST103175,Priya Tan,2024-07-31,Singapore,Budget,18-24
CUST103176,Arif Muthu,2025-02-04,Malaysia,Budget,25-34
CUST103177,Ravi Wong,2025-05-04,Thailand,Budget,35-44
CUST103178,Aina Tan,2025-12-06,Singapore,Mainstream,55+
CUST103179,Wei Ming Kaur,2025-09-12,Malaysia,Mainstream,35-44
CUST103180,Zhi Hao Goh,2026-07-01,Singapore,Budget,55+
CUST103181,Xin Yi Binte Ismail,2025-11-01,Indonesia,Budget,35-44
CUST103182,Haziq Kaur,2025-04-30,Thailand,Mainstream,25-34
CUST103183,Haziq Bin Abdullah,2024-10-06,Malaysia,Mainstream,45-54
CUST103184,Wei Ming Tan,2024-09-24,Malaysia,Mainstream,18-24
CUST103185,Nabila Lim,2024-12-07,Malaysia,Budget,18-24
CUST103186,Chen Wei Yusof,2026-07-14,Singapore,Budget,55+
CUST103187,Arif Osman,2024-12-14,Singapore,Mainstream,35-44
CUST103188,Arif Bin Abdullah,2026-02-20,Singapore,Mainstream,55+
CUST103189,Divya Rahman,2025-05-06,Singapore,Mainstream,18-24
CUST103190,Kumar Bin Abdullah,2024-09-07,Indonesia,Premium,45-54
CUST103191,Zhi Hao Tan,2024-10-19,Singapore,Budget,25-34
CUST103192,Siti Chong,2025-03-31,Singapore,Budget,25-34
CUST103193,Mei Ling Yusof,2025-12-23,Malaysia,Budget,45-54
CUST103194,Siti Nair,2025-07-14,Singapore,Budget,25-34
CUST103195,Xin Yi Wong,2025-03-03,Singapore,Budget,35-44
CUST103196,Kumar Chong,2025-07-19,Singapore,Budget,45-54
CUST103197,Divya Lim,2025-10-07,Singapore,Budget,45-54
CUST103198,Divya Bin Abdullah,2025-10-08,Malaysia,Mainstream,18-24
CUST103199,Divya Muthu,2025-05-18,Indonesia,Budget,25-34
CUST103200,Ahmad Chua,2026-07-03,Thailand,Mainstream,55+
CUST103201,Priya Muthu,2024-07-31,Indonesia,Budget,35-44
CUST103202,Haziq Muthu,2026-05-16,Malaysia,Budget,35-44
CUST103203,Ravi Nair,2024-08-10,Thailand,Budget,18-24
CUST103204,Ahmad Muthu,2026-07-04,Malaysia,Budget,18-24
CUST103205,Haziq Lee,2025-07-20,Malaysia,Budget,55+
CUST103206,Hui Ling Tan,2025-09-28,Malaysia,Mainstream,35-44
CUST103207,Siti Tan,2025-06-06,Singapore,Premium,45-54
CUST103208,Siti Lim,2025-09-16,Singapore,Budget,25-34
CUST103209,Nabila Lim,2024-10-12,Singapore,Budget,25-34
CUST103210,Zhi Hao Wong,2026-07-17,Indonesia,Budget,35-44
CUST103211,Nur Aisyah Yusof,2024-08-09,Singapore,Mainstream,45-54
CUST103212,Nabila Chua,2025-03-13,Indonesia,Budget,25-34
CUST103213,Nabila Chong,2025-01-07,Thailand,Budget,25-34
CUST103214,Aina Bin Abdullah,2026-04-18,Malaysia,Premium,35-44
CUST103215,Suresh Chua,2026-06-12,Singapore,Premium,18-24
CUST103216,Kumar Wong,2025-10-13,Malaysia,Mainstream,25-34
CUST103217,Zhi Hao Tan,2025-12-06,Singapore,Budget,35-44
CUST103218,Haziq Rahman,2025-01-04,Thailand,Budget,18-24
CUST103219,Hui Ling Rahman,2024-10-13,Indonesia,Budget,35-44
CUST103220,Haziq Rahman,2025-09-20,Indonesia,Mainstream,18-24
CUST103221,Ahmad Osman,2025-01-15,Malaysia,Mainstream,35-44
CUST103222,Wei Ming Chua,2026-06-16,Indonesia,Budget,45-54
CUST103223,Kumar Yusof,2025-02-03,Indonesia,Premium,45-54
CUST103224,Nur Aisyah Bin Abdullah,2026-05-18,Singapore,Mainstream,35-44
CUST103225,Xin Yi Osman,2025-03-29,Singapore,Mainstream,35-44
CUST103226,Nabila Yusof,2025-10-24,Singapore,Budget,25-34
CUST103227,Mei Ling Bin Abdullah,2025-09-29,Malaysia,Budget,25-34
CUST103228,Kumar Nair,2026-01-09,Thailand,Budget,18-24
CUST103229,Priya Kaur,2025-10-08,Malaysia,Mainstream,35-44
CUST103230,Nur Aisyah Lee,2024-10-29,Malaysia,Budget,18-24
CUST103231,Siti Lim,2024-12-16,Thailand,Budget,25-34
CUST103232,Arif Kaur,2025-11-23,Singapore,Mainstream,35-44
CUST103233,Jia Xin Lim,2025-12-27,Singapore,Mainstream,35-44
CUST103234,Ahmad Bin Abdullah,2025-07-23,Thailand,Mainstream,25-34
CUST103235,Wei Ming Lim,2025-03-17,Thailand,Mainstream,25-34
CUST103236,Farhan Goh,2026-03-18,Indonesia,Mainstream,35-44
CUST103237,Siti Rahman,2025-02-14,Singapore,Mainstream,55+
CUST103238,Siti Wong,2024-09-05,Thailand,Budget,35-44
CUST103239,Ravi Rahman,2024-11-20,Indonesia,Budget,25-34
CUST103240,Aina Muthu,2025-06-24,Indonesia,Budget,45-54
CUST103241,Chen Wei Chong,2025-12-08,Singapore,Budget,18-24
CUST103242,Ravi Muthu,2025-12-05,Malaysia,Mainstream,25-34
CUST103243,Xin Yi Rahman,2025-02-03,Indonesia,Mainstream,18-24
CUST103244,Arif Lim,2025-08-31,Thailand,Budget,25-34
CUST103245,Suresh Chong,2026-05-13,Malaysia,Mainstream,35-44
CUST103246,Kumar Wong,2025-03-22,Malaysia,Mainstream,35-44
CUST103247,Kumar Osman,2026-04-20,Indonesia,Mainstream,45-54
CUST103248,Zhi Hao Muthu,2024-08-08,Malaysia,Premium,35-44
CUST103249,Priya Kaur,2025-09-28,Malaysia,Budget,25-34
CUST103250,Arif Goh,2025-11-22,Singapore,Budget,35-44
CUST103251,Ahmad Chong,2026-06-19,Singapore,Budget,35-44
CUST103252,Farhan Rahman,2026-03-29,Indonesia,Mainstream,35-44
CUST103253,Chen Wei Kaur,2024-09-06,Singapore,Budget,25-34
CUST103254,Aina Tan,2025-07-02,Singapore,Premium,35-44
CUST103255,Kumar Osman,2024-10-09,Thailand,Budget,35-44
CUST103256,Hui Ling Lim,2024-08-31,Indonesia,Mainstream,25-34
CUST103257,Haziq Rahman,2026-06-24,Singapore,Mainstream,45-54
CUST103258,Kumar Chong,2025-10-25,Singapore,Budget,25-34
CUST103259,Nur Aisyah Tan,2024-11-25,Indonesia,Mainstream,18-24
CUST103260,Wei Ming Lim,2025-08-02,Malaysia,Mainstream,35-44
CUST103261,Nur Aisyah Yusof,2025-07-23,Malaysia,Mainstream,45-54
CUST103262,Kumar Lim,2025-06-08,Malaysia,Mainstream,35-44
CUST103263,Wei Ming Kaur,2025-03-04,Singapore,Mainstream,25-34
CUST103264,Haziq Wong,2024-09-12,Indonesia,Budget,55+
CUST103265,Hui Ling Binte Ismail,2024-10-20,Singapore,Mainstream,25-34
CUST103266,Mei Ling Bin Abdullah,2025-04-29,Malaysia,Budget,25-34
CUST103267,Nabila Chua,2025-06-03,Singapore,Budget,35-44
CUST103268,Priya Goh,2025-11-08,Singapore,Budget,25-34
CUST103269,Priya Bin Abdullah,2026-05-06,Singapore,Mainstream,35-44
CUST103270,Chen Wei Goh,2025-02-27,Thailand,Budget,55+
CUST103271,Priya Chong,2026-07-28,Singapore,Premium,25-34
CUST103272,Nur Aisyah Nair,2025-03-07,Singapore,Budget,18-24
CUST103273,Aina Yusof,2025-08-01,Singapore,Budget,25-34
CUST103274,Divya Yusof,2025-01-01,Indonesia,Budget,35-44
CUST103275,Divya Osman,2024-09-05,Malaysia,Budget,35-44
CUST103276,Nur Aisyah Kaur,2025-06-21,Thailand,Budget,55+
CUST103277,Farhan Chong,2025-06-06,Indonesia,Mainstream,35-44
CUST103278,Arif Rahman,2025-08-08,Malaysia,Budget,55+
CUST103279,Nabila Lim,2025-10-30,Indonesia,Budget,25-34
CUST103280,Zhi Hao Nair,2026-05-26,Singapore,Budget,25-34
CUST103281,Mei Ling Tan,2026-07-07,Thailand,Budget,25-34
CUST103282,Wei Ming Rahman,2025-02-17,Thailand,Premium,45-54
CUST103283,Arif Lim,2024-09-30,Singapore,Budget,25-34
CUST103284,Nur Aisyah Bin Abdullah,2026-06-20,Malaysia,Mainstream,25-34
CUST103285,Haziq Nair,2025-12-03,Singapore,Mainstream,25-34
CUST103286,Wei Ming Nair,2025-05-12,Malaysia,Budget,25-34
CUST103287,Arif Lee,2025-03-02,Indonesia,Mainstream,35-44
CUST103288,Wei Ming Lim,2025-02-08,Thailand,Budget,45-54
CUST103289,Arif Lee,2025-03-10,Singapore,Premium,18-24
CUST103290,Mei Ling Wong,2026-05-29,Indonesia,Mainstream,35-44
CUST103291,Zhi Hao Yusof,2026-01-25,Indonesia,Budget,18-24
CUST103292,Ravi Chong,2025-08-21,Singapore,Premium,25-34
CUST103293,Ahmad Kaur,2026-06-13,Malaysia,Budget,25-34
CUST103294,Siti Kaur,2025-11-21,Indonesia,Premium,35-44
CUST103295,Wei Ming Goh,2025-10-21,Indonesia,Premium,35-44
CUST103296,Jia Xin Chua,2024-08-14,Thailand,Budget,35-44
CUST103297,Nabila Kaur,2025-12-10,Singapore,Budget,45-54
CUST103298,Suresh Kaur,2024-08-19,Singapore,Mainstream,25-34
CUST103299,Arif Tan,2025-03-05,Singapore,Budget,35-44
CUST103300,Arif Goh,2025-03-11,Singapore,Mainstream,35-44
CUST103301,Mei Ling Rahman,2024-12-08,Malaysia,Budget,18-24
CUST103302,Farhan Binte Ismail,2024-11-22,Thailand,Budget,25-34
CUST103303,Suresh Goh,2026-02-17,Malaysia,Mainstream,18-24
CUST103304,Hui Ling Yusof,2025-09-25,Indonesia,Mainstream,18-24
CUST103305,Priya Tan,2025-07-09,Malaysia,Mainstream,25-34
CUST103306,Chen Wei Tan,2024-08-15,Singapore,Mainstream,25-34
CUST103307,Siti Tan,2026-06-30,Indonesia,Budget,45-54
CUST103308,Mei Ling Chong,2025-08-15,Indonesia,Budget,45-54
CUST103309,Priya Lim,2026-02-23,Malaysia,Budget,35-44
CUST103310,Arif Goh,2026-03-01,Thailand,Budget,35-44
CUST103311,Haziq Goh,2025-01-19,Malaysia,Budget,55+
CUST103312,Ahmad Chong,2026-03-04,Singapore,Mainstream,25-34
CUST103313,Xin Yi Nair,2024-12-27,Malaysia,Budget,35-44
CUST103314,Farhan Rahman,2024-08-03,Indonesia,Budget,35-44
CUST103315,Mei Ling Tan,2025-01-09,Malaysia,Mainstream,55+
CUST103316,Nur Aisyah Chua,2026-03-27,Indonesia,Budget,45-54
CUST103317,Suresh Lim,2026-04-17,Malaysia,Premium,18-24
CUST103318,Hui Ling Lim,2025-09-13,Malaysia,Budget,35-44
CUST103319,Xin Yi Rahman,2025-06-22,Thailand,Budget,25-34
CUST103320,Priya Tan,2025-01-07,Malaysia,Premium,25-34
CUST103321,Nabila Lee,2025-09-24,Malaysia,Mainstream,35-44
CUST103322,Xin Yi Yusof,2026-03-30,Singapore,Mainstream,35-44
CUST103323,Arif Osman,2024-08-05,Malaysia,Budget,25-34
CUST103324,Divya Nair,2024-10-07,Malaysia,Budget,25-34
CUST103325,Siti Osman,2025-04-08,Singapore,Mainstream,35-44
CUST103326,Chen Wei Lee,2025-03-09,Malaysia,Budget,25-34
CUST103327,Hui Ling Osman,2024-09-15,Singapore,Mainstream,45-54
CUST103328,Suresh Kaur,2025-08-17,Singapore,Budget,25-34
CUST103329,Divya Binte Ismail,2026-04-14,Malaysia,Budget,35-44
CUST103330,Hui Ling Goh,2025-05-13,Singapore,Budget,18-24
CUST103331,Mei Ling Rahman,2025-09-03,Malaysia,Mainstream,55+
CUST103332,Aina Tan,2024-12-23,Indonesia,Budget,45-54
CUST103333,Hui Ling Binte Ismail,2025-01-12,Singapore,Premium,25-34
CUST103334,Mei Ling Wong,2025-08-19,Singapore,Budget,35-44
CUST103335,Nur Aisyah Wong,2025-11-03,Malaysia,Mainstream,45-54
CUST103336,Priya Kaur,2025-09-24,Singapore,Budget,18-24
CUST103337,Divya Muthu,2025-04-24,Malaysia,Mainstream,35-44
CUST103338,Haziq Rahman,2025-04-20,Indonesia,Mainstream,45-54
CUST103339,Chen Wei Kaur,2025-07-21,Malaysia,Mainstream,35-44
CUST103340,Nur Aisyah Wong,2025-07-06,Malaysia,Budget,55+
CUST103341,Ravi Osman,2024-08-04,Thailand,Mainstream,18-24
CUST103342,Jia Xin Bin Abdullah,2026-01-25,Singapore,Budget,55+
CUST103343,Nur Aisyah Lim,2026-03-25,Thailand,Mainstream,55+
CUST103344,Aina Kaur,2024-12-23,Indonesia,Mainstream,25-34
CUST103345,Mei Ling Yusof,2024-09-15,Malaysia,Budget,25-34
CUST103346,Haziq Chua,2025-05-11,Singapore,Mainstream,35-44
CUST103347,Arif Chong,2025-10-09,Singapore,Mainstream,45-54
CUST103348,Suresh Chua,2025-11-17,Thailand,Budget,25-34
CUST103349,Priya Wong,2025-08-22,Singapore,Budget,25-34
CUST103350,Suresh Tan,2026-06-21,Thailand,Budget,45-54
CUST103351,Ahmad Lim,2025-07-09,Malaysia,Mainstream,25-34
CUST103352,Suresh Tan,2026-01-14,Malaysia,Mainstream,35-44
CUST103353,Wei Ming Rahman,2026-01-17,Malaysia,Budget,35-44
CUST103354,Siti Kaur,2025-06-15,Singapore,Budget,55+
CUST103355,Kumar Wong,2024-08-25,Malaysia,Budget,18-24
CUST103356,Divya Chong,2026-03-01,Thailand,Budget,55+
CUST103357,Chen Wei Kaur,2024-10-02,Singapore,Budget,35-44
CUST103358,Divya Yusof,2025-07-15,Thailand,Budget,45-54
CUST103359,Nur Aisyah Yusof,2024-08-18,Thailand,Budget,18-24
CUST103360,Suresh Rahman,2025-10-23,Singapore,Mainstream,35-44
CUST103361,Nur Aisyah Wong,2024-08-01,Malaysia,Mainstream,45-54
CUST103362,Kumar Chong,2025-04-04,Singapore,Budget,45-54
CUST103363,Suresh Chong,2025-03-28,Malaysia,Mainstream,18-24
CUST103364,Arif Rahman,2025-06-13,Thailand,Budget,25-34
CUST103365,Aina Rahman,2025-09-03,Thailand,Budget,18-24
CUST103366,Divya Yusof,2025-07-11,Thailand,Premium,25-34
CUST103367,Priya Nair,2024-11-15,Singapore,Mainstream,35-44
CUST103368,Jia Xin Bin Abdullah,2024-12-28,Malaysia,Budget,55+
CUST103369,Jia Xin Lee,2026-07-12,Singapore,Budget,35-44
CUST103370,Wei Ming Muthu,2025-03-09,Thailand,Mainstream,18-24
CUST103371,Ahmad Tan,2024-11-27,Singapore,Budget,25-34
CUST103372,Suresh Osman,2025-02-01,Singapore,Premium,25-34
CUST103373,Wei Ming Bin Abdullah,2025-07-31,Singapore,Budget,18-24
CUST103374,Jia Xin Kaur,2025-11-27,Singapore,Budget,45-54
CUST103375,Ravi Lee,2025-03-25,Singapore,Mainstream,25-34
CUST103376,Zhi Hao Tan,2025-04-01,Singapore,Mainstream,18-24
CUST103377,Aina Muthu,2025-10-29,Thailand,Mainstream,35-44
CUST103378,Ahmad Lee,2025-10-06,Indonesia,Premium,18-24
CUST103379,Kumar Goh,2025-11-02,Singapore,Premium,25-34
CUST103380,Wei Ming Rahman,2026-06-27,Indonesia,Budget,35-44
CUST103381,Arif Osman,2026-07-06,Malaysia,Budget,18-24
CUST103382,Mei Ling Muthu,2026-05-30,Indonesia,Budget,35-44
CUST103383,Aina Chong,2025-09-23,Singapore,Mainstream,35-44
CUST103384,Ahmad Binte Ismail,2025-07-22,Malaysia,Mainstream,35-44
CUST103385,Divya Yusof,2025-10-04,Malaysia,Budget,25-34
CUST103386,Nabila Chong,2024-08-31,Singapore,Premium,25-34
CUST103387,Chen Wei Goh,2026-02-15,Malaysia,Budget,35-44
CUST103388,Ahmad Lee,2025-10-16,Indonesia,Mainstream,18-24
CUST103389,Arif Rahman,2026-01-30,Indonesia,Mainstream,18-24
CUST103390,Suresh Bin Abdullah,2025-12-23,Malaysia,Budget,25-34
CUST103391,Jia Xin Yusof,2025-05-29,Malaysia,Budget,18-24
CUST103392,Siti Goh,2025-12-15,Indonesia,Budget,18-24
CUST103393,Zhi Hao Tan,2025-12-10,Singapore,Premium,55+
CUST103394,Siti Chua,2025-03-27,Singapore,Budget,25-34
CUST103395,Suresh Muthu,2024-11-30,Malaysia,Mainstream,35-44
CUST103396,Suresh Lim,2026-02-24,Singapore,Mainstream,25-34
CUST103397,Ravi Lim,2026-05-09,Malaysia,Mainstream,18-24
CUST103398,Hui Ling Yusof,2026-02-05,Singapore,Premium,45-54
CUST103399,Mei Ling Nair,2025-06-03,Malaysia,Budget,35-44
CUST103400,Suresh Lim,2024-08-28,Indonesia,Mainstream,55+
CUST103401,Ahmad Osman,2026-04-04,Indonesia,Budget,18-24
CUST103402,Farhan Kaur,2026-06-28,Indonesia,Budget,18-24
CUST103403,Mei Ling Muthu,2025-07-09,Malaysia,Budget,35-44
CUST103404,Wei Ming Muthu,2024-08-05,Thailand,Budget,25-34
CUST103405,Haziq Osman,2025-06-21,Indonesia,Mainstream,18-24
CUST103406,Farhan Kaur,2024-09-23,Malaysia,Budget,25-34
CUST103407,Jia Xin Binte Ismail,2025-04-17,Singapore,Mainstream,18-24
CUST103408,Suresh Kaur,2026-07-06,Malaysia,Budget,45-54
CUST103409,Ravi Lim,2025-09-20,Malaysia,Mainstream,45-54
CUST103410,Xin Yi Nair,2025-01-13,Indonesia,Mainstream,35-44
CUST103411,Nabila Bin Abdullah,2025-07-23,Indonesia,Mainstream,25-34
CUST103412,Ahmad Kaur,2026-03-09,Thailand,Premium,45-54
CUST103413,Ahmad Tan,2026-03-19,Thailand,Budget,35-44
CUST103414,Mei Ling Rahman,2025-04-01,Malaysia,Budget,45-54
CUST103415,Zhi Hao Binte Ismail,2025-08-25,Thailand,Mainstream,35-44
CUST103416,Farhan Nair,2025-06-05,Thailand,Budget,55+
CUST103417,Hui Ling Chua,2025-10-30,Singapore,Mainstream,25-34
CUST103418,Ravi Tan,2025-11-24,Malaysia,Mainstream,35-44
CUST103419,Hui Ling Osman,2025-03-30,Singapore,Budget,45-54
CUST103420,Kumar Osman,2026-07-24,Singapore,Premium,45-54
CUST103421,Mei Ling Wong,2025-09-15,Singapore,Budget,55+
CUST103422,Kumar Nair,2025-11-01,Malaysia,Mainstream,25-34
CUST103423,Arif Lee,2025-01-07,Singapore,Budget,35-44
CUST103424,Priya Bin Abdullah,2025-02-13,Singapore,Mainstream,25-34
CUST103425,Jia Xin Kaur,2025-09-22,Singapore,Budget,35-44
CUST103426,Aina Lim,2026-01-19,Indonesia,Premium,25-34
CUST103427,Suresh Muthu,2026-02-07,Thailand,Premium,25-34
CUST103428,Aina Muthu,2026-02-25,Thailand,Mainstream,55+
CUST103429,Farhan Osman,2026-01-11,Malaysia,Mainstream,45-54
CUST103430,Ravi Chong,2025-01-20,Singapore,Mainstream,35-44
CUST103431,Nur Aisyah Chong,2026-06-26,Thailand,Mainstream,18-24
CUST103432,Chen Wei Goh,2026-07-10,Singapore,Mainstream,25-34
CUST103433,Farhan Binte Ismail,2025-06-30,Thailand,Mainstream,18-24
CUST103434,Ravi Lim,2026-02-16,Indonesia,Premium,18-24
CUST103435,Nur Aisyah Chong,2024-11-30,Malaysia,Mainstream,45-54
CUST103436,Nabila Rahman,2025-01-26,Singapore,Budget,35-44
CUST103437,Farhan Rahman,2025-01-14,Singapore,Premium,18-24
CUST103438,Farhan Tan,2025-08-30,Malaysia,Budget,35-44
CUST103439,Divya Chong,2025-09-13,Malaysia,Budget,18-24
CUST103440,Priya Binte Ismail,2025-09-22,Indonesia,Premium,25-34
CUST103441,Xin Yi Bin Abdullah,2026-03-08,Malaysia,Budget,25-34
CUST103442,Wei Ming Tan,2025-06-10,Malaysia,Budget,25-34
CUST103443,Suresh Wong,2024-11-06,Singapore,Mainstream,35-44
CUST103444,Arif Muthu,2026-01-23,Malaysia,Mainstream,35-44
CUST103445,Arif Wong,2026-06-18,Singapore,Budget,35-44
CUST103446,Wei Ming Yusof,2025-06-12,Indonesia,Mainstream,45-54
CUST103447,Aina Chua,2025-10-11,Malaysia,Budget,55+
CUST103448,Kumar Rahman,2024-12-24,Indonesia,Budget,45-54
CUST103449,Chen Wei Osman,2024-11-11,Malaysia,Budget,55+
CUST103450,Wei Ming Yusof,2024-09-04,Singapore,Budget,55+
CUST103451,Haziq Chong,2025-10-15,Indonesia,Premium,45-54
CUST103452,Zhi Hao Tan,2024-10-09,Indonesia,Mainstream,25-34
CUST103453,Wei Ming Tan,2026-05-04,Indonesia,Mainstream,25-34
CUST103454,Nur Aisyah Goh,2025-10-30,Malaysia,Premium,35-44
CUST103455,Zhi Hao Chua,2026-01-16,Thailand,Premium,45-54
CUST103456,Kumar Goh,2024-09-24,Singapore,Mainstream,45-54
CUST103457,Nur Aisyah Muthu,2025-05-17,Malaysia,Budget,35-44
CUST103458,Wei Ming Tan,2025-11-04,Indonesia,Mainstream,45-54
CUST103459,Hui Ling Chua,2026-04-10,Singapore,Mainstream,35-44
CUST103460,Kumar Lee,2025-01-04,Indonesia,Budget,35-44
CUST103461,Mei Ling Chua,2025-04-07,Malaysia,Budget,18-24
CUST103462,Priya Tan,2024-11-14,Singapore,Budget,25-34
CUST103463,Jia Xin Rahman,2025-09-13,Singapore,Mainstream,18-24
CUST103464,Ravi Chua,2026-04-11,Indonesia,Mainstream,18-24
CUST103465,Hui Ling Chua,2025-11-27,Indonesia,Mainstream,35-44
CUST103466,Hui Ling Nair,2025-05-03,Singapore,Budget,18-24
CUST103467,Jia Xin Rahman,2026-02-04,Singapore,Budget,55+
CUST103468,Mei Ling Rahman,2026-06-08,Singapore,Premium,25-34
CUST103469,Xin Yi Goh,2024-12-05,Singapore,Budget,35-44
CUST103470,Haziq Lee,2025-07-07,Indonesia,Budget,18-24
CUST103471,Ahmad Lee,2025-10-13,Singapore,Mainstream,45-54
CUST103472,Xin Yi Chong,2025-06-21,Singapore,Mainstream,35-44
CUST103473,Mei Ling Lee,2025-02-05,Singapore,Mainstream,35-44
CUST103474,Jia Xin Chong,2026-07-29,Malaysia,Mainstream,35-44
CUST103475,Aina Lee,2025-09-11,Indonesia,Budget,35-44
CUST103476,Haziq Osman,2026-01-25,Indonesia,Premium,35-44
CUST103477,Farhan Muthu,2026-05-23,Malaysia,Mainstream,35-44
CUST103478,Nur Aisyah Muthu,2026-07-03,Thailand,Mainstream,45-54
CUST103479,Kumar Chong,2025-09-11,Malaysia,Budget,25-34
CUST103480,Kumar Lee,2025-06-27,Thailand,Mainstream,55+
CUST103481,Priya Yusof,2025-07-24,Malaysia,Budget,25-34
CUST103482,Hui Ling Osman,2025-01-04,Singapore,Mainstream,25-34
CUST103483,Chen Wei Chong,2025-08-29,Indonesia,Mainstream,25-34
CUST103484,Ahmad Yusof,2025-05-25,Malaysia,Mainstream,25-34
CUST103485,Nur Aisyah Chua,2024-12-11,Indonesia,Budget,25-34
CUST103486,Siti Yusof,2025-04-06,Singapore,Premium,45-54
CUST103487,Priya Chua,2024-10-03,Malaysia,Budget,35-44
CUST103488,Xin Yi Binte Ismail,2026-02-18,Thailand,Mainstream,55+
CUST103489,Zhi Hao Kaur,2025-01-01,Singapore,Budget,18-24
CUST103490,Kumar Chong,2025-03-08,Singapore,Budget,35-44
CUST103491,Nabila Tan,2025-05-30,Singapore,Premium,18-24
CUST103492,Nabila Osman,2026-07-27,Malaysia,Budget,25-34
CUST103493,Ahmad Nair,2025-06-29,Indonesia,Premium,25-34
CUST103494,Jia Xin Lim,2024-11-10,Malaysia,Budget,35-44
CUST103495,Divya Osman,2025-04-15,Thailand,Mainstream,35-44
CUST103496,Siti Yusof,2026-07-26,Malaysia,Budget,25-34
CUST103497,Ravi Chua,2025-12-31,Malaysia,Mainstream,25-34
CUST103498,Priya Wong,2025-06-09,Singapore,Premium,25-34
CUST103499,Farhan Osman,2024-12-14,Singapore,Mainstream,25-34
CUST103500,Chen Wei Lee,2025-09-08,Indonesia,Budget,35-44
CUST103501,Nabila Chong,2024-11-11,Singapore,Mainstream,35-44
CUST103502,Jia Xin Tan,2024-12-26,Singapore,Mainstream,45-54
CUST103503,Zhi Hao Nair,2026-01-15,Thailand,Budget,55+
CUST103504,Nabila Yusof,2026-03-09,Malaysia,Mainstream,25-34
CUST103505,Wei Ming Chong,2024-10-08,Singapore,Mainstream,55+
CUST103506,Ravi Kaur,2025-05-25,Indonesia,Mainstream,45-54
CUST103507,Farhan Osman,2024-11-17,Malaysia,Budget,18-24
CUST103508,Zhi Hao Yusof,2024-09-24,Thailand,Budget,45-54
CUST103509,Mei Ling Rahman,2025-09-23,Indonesia,Premium,35-44
CUST103510,Ahmad Goh,2026-06-26,Singapore,Mainstream,35-44
CUST103511,Zhi Hao Yusof,2024-10-04,Singapore,Mainstream,35-44
CUST103512,Arif Goh,2025-05-29,Singapore,Premium,45-54
CUST103513,Siti Goh,2026-05-03,Indonesia,Budget,45-54
CUST103514,Farhan Muthu,2025-07-08,Malaysia,Budget,45-54
CUST103515,Suresh Chua,2026-07-09,Indonesia,Mainstream,25-34
CUST103516,Chen Wei Nair,2025-12-30,Malaysia,Mainstream,55+
CUST103517,Haziq Bin Abdullah,2025-11-18,Singapore,Premium,35-44
CUST103518,Hui Ling Chong,2025-09-01,Singapore,Mainstream,45-54
CUST103519,Haziq Chua,2025-06-12,Singapore,Budget,45-54
CUST103520,Ahmad Kaur,2024-11-24,Malaysia,Budget,18-24
CUST103521,Zhi Hao Muthu,2025-11-15,Malaysia,Budget,25-34
CUST103522,Haziq Lim,2025-02-08,Thailand,Premium,45-54
CUST103523,Divya Wong,2024-09-10,Singapore,Budget,55+
CUST103524,Xin Yi Kaur,2025-01-29,Indonesia,Mainstream,45-54
CUST103525,Nabila Lee,2026-01-25,Singapore,Budget,35-44
CUST103526,Aina Lim,2025-03-22,Indonesia,Budget,25-34
CUST103527,Chen Wei Bin Abdullah,2026-01-05,Singapore,Budget,35-44
CUST103528,Jia Xin Osman,2025-08-15,Indonesia,Mainstream,25-34
CUST103529,Nabila Kaur,2025-04-22,Singapore,Budget,45-54
CUST103530,Mei Ling Tan,2025-12-27,Singapore,Premium,35-44
CUST103531,Nabila Tan,2026-07-27,Malaysia,Premium,25-34
CUST103532,Wei Ming Kaur,2024-11-25,Malaysia,Budget,35-44
CUST103533,Wei Ming Bin Abdullah,2025-02-13,Malaysia,Premium,55+
CUST103534,Zhi Hao Yusof,2026-05-01,Singapore,Budget,35-44
CUST103535,Kumar Chua,2025-10-27,Thailand,Budget,25-34
CUST103536,Zhi Hao Binte Ismail,2026-01-19,Singapore,Budget,35-44
CUST103537,Ravi Chong,2024-08-15,Malaysia,Mainstream,25-34
CUST103538,Haziq Bin Abdullah,2024-09-10,Thailand,Mainstream,25-34
CUST103539,Siti Rahman,2025-03-12,Indonesia,Budget,35-44
CUST103540,Priya Muthu,2025-09-11,Singapore,Mainstream,25-34
CUST103541,Ravi Chong,2026-06-21,Malaysia,Mainstream,35-44
CUST103542,Ahmad Muthu,2026-01-30,Singapore,Mainstream,25-34
CUST103543,Farhan Binte Ismail,2026-05-23,Malaysia,Mainstream,25-34
CUST103544,Arif Rahman,2024-12-30,Malaysia,Mainstream,35-44
CUST103545,Aina Kaur,2026-05-26,Indonesia,Mainstream,35-44
CUST103546,Farhan Kaur,2025-03-22,Indonesia,Budget,18-24
CUST103547,Nabila Goh,2024-09-02,Singapore,Mainstream,25-34
CUST103548,Nur Aisyah Lim,2025-12-17,Singapore,Budget,45-54
CUST103549,Siti Osman,2025-03-17,Malaysia,Mainstream,45-54
CUST103550,Mei Ling Osman,2024-10-26,Malaysia,Mainstream,18-24
CUST103551,Zhi Hao Chong,2025-09-20,Malaysia,Budget,18-24
CUST103552,Kumar Wong,2025-09-05,Malaysia,Budget,55+
CUST103553,Arif Kaur,2026-03-05,Malaysia,Mainstream,18-24
CUST103554,Kumar Rahman,2025-09-20,Thailand,Mainstream,55+
CUST103555,Wei Ming Chua,2024-10-30,Malaysia,Mainstream,45-54
CUST103556,Chen Wei Kaur,2025-04-01,Singapore,Mainstream,18-24
CUST103557,Ahmad Muthu,2026-03-04,Singapore,Budget,18-24
CUST103558,Ahmad Nair,2025-07-10,Malaysia,Budget,55+
CUST103559,Farhan Kaur,2025-03-01,Singapore,Mainstream,25-34
CUST103560,Ahmad Yusof,2026-06-03,Singapore,Budget,35-44
CUST103561,Zhi Hao Kaur,2025-01-18,Singapore,Mainstream,25-34
CUST103562,Hui Ling Muthu,2026-03-05,Indonesia,Budget,35-44
CUST103563,Suresh Bin Abdullah,2025-12-26,Thailand,Budget,45-54
CUST103564,Kumar Goh,2025-09-29,Malaysia,Mainstream,35-44
CUST103565,Priya Osman,2025-07-26,Singapore,Mainstream,18-24
CUST103566,Xin Yi Osman,2024-09-29,Malaysia,Mainstream,35-44
CUST103567,Wei Ming Kaur,2026-02-17,Malaysia,Budget,35-44
CUST103568,Divya Osman,2026-01-24,Thailand,Mainstream,25-34
CUST103569,Siti Rahman,2025-10-26,Malaysia,Mainstream,45-54
CUST103570,Nur Aisyah Chua,2024-11-11,Indonesia,Mainstream,35-44
CUST103571,Nabila Bin Abdullah,2024-08-24,Thailand,Mainstream,18-24
CUST103572,Siti Rahman,2025-09-01,Malaysia,Budget,55+
CUST103573,Suresh Lee,2025-03-11,Singapore,Mainstream,25-34
CUST103574,Kumar Rahman,2024-09-28,Malaysia,Mainstream,25-34
CUST103575,Divya Wong,2024-11-18,Malaysia,Mainstream,18-24
CUST103576,Arif Osman,2025-03-19,Malaysia,Mainstream,25-34
CUST103577,Farhan Binte Ismail,2025-06-30,Thailand,Budget,25-34
CUST103578,Ravi Chua,2024-08-10,Singapore,Premium,25-34
CUST103579,Nur Aisyah Lim,2026-02-05,Malaysia,Budget,45-54
CUST103580,Wei Ming Chua,2025-11-07,Singapore,Budget,35-44
CUST103581,Zhi Hao Chua,2025-02-24,Singapore,Mainstream,18-24
CUST103582,Zhi Hao Lee,2026-07-14,Malaysia,Budget,35-44
CUST103583,Divya Yusof,2025-07-29,Indonesia,Premium,35-44
CUST103584,Jia Xin Muthu,2024-11-13,Malaysia,Budget,35-44
CUST103585,Suresh Osman,2026-03-22,Singapore,Budget,55+
CUST103586,Nabila Wong,2024-12-20,Singapore,Budget,25-34
CUST103587,Arif Kaur,2025-10-01,Malaysia,Budget,18-24
CUST103588,Ravi Chua,2024-11-08,Malaysia,Budget,18-24
CUST103589,Jia Xin Rahman,2025-04-22,Indonesia,Budget,25-34
CUST103590,Farhan Osman,2026-04-06,Malaysia,Budget,35-44
CUST103591,Hui Ling Rahman,2025-02-08,Thailand,Budget,18-24
CUST103592,Siti Osman,2026-06-19,Indonesia,Budget,35-44
CUST103593,Mei Ling Lim,2026-02-02,Malaysia,Budget,45-54
CUST103594,Kumar Tan,2024-10-19,Malaysia,Budget,45-54
CUST103595,Mei Ling Goh,2024-10-28,Indonesia,Budget,35-44
CUST103596,Divya Muthu,2026-06-26,Thailand,Budget,35-44
CUST103597,Ravi Muthu,2025-10-25,Malaysia,Budget,35-44
CUST103598,Priya Goh,2026-05-22,Malaysia,Budget,35-44
CUST103599,Siti Lee,2026-01-13,Malaysia,Budget,25-34
CUST103600,Aina Rahman,2024-08-22,Indonesia,Premium,25-34
CUST103601,Kumar Lim,2026-03-09,Thailand,Budget,18-24
CUST103602,Wei Ming Kaur,2025-04-17,Thailand,Budget,35-44
CUST103603,Nabila Binte Ismail,2024-12-19,Singapore,Mainstream,35-44
CUST103604,Farhan Goh,2024-10-24,Singapore,Mainstream,18-24
CUST103605,Xin Yi Tan,2025-11-13,Indonesia,Budget,25-34
CUST103606,Ahmad Bin Abdullah,2025-03-08,Malaysia,Mainstream,45-54
CUST103607,Siti Binte Ismail,2025-08-11,Thailand,Mainstream,25-34
CUST103608,Zhi Hao Bin Abdullah,2026-05-12,Singapore,Premium,25-34
CUST103609,Kumar Binte Ismail,2026-02-17,Indonesia,Premium,25-34
CUST103610,Jia Xin Nair,2025-01-29,Indonesia,Mainstream,25-34
CUST103611,Jia Xin Rahman,2025-03-16,Singapore,Mainstream,45-54
CUST103612,Ahmad Nair,2025-07-14,Singapore,Budget,18-24
CUST103613,Wei Ming Muthu,2025-01-05,Indonesia,Premium,25-34
CUST103614,Chen Wei Nair,2025-03-12,Singapore,Mainstream,55+
CUST103615,Divya Yusof,2025-11-24,Indonesia,Budget,35-44
CUST103616,Farhan Wong,2025-12-27,Malaysia,Budget,35-44
CUST103617,Jia Xin Bin Abdullah,2024-09-08,Malaysia,Mainstream,35-44
CUST103618,Haziq Rahman,2024-08-19,Singapore,Mainstream,25-34
CUST103619,Kumar Goh,2026-07-07,Thailand,Mainstream,25-34
CUST103620,Ahmad Nair,2024-12-29,Indonesia,Budget,25-34
CUST103621,Siti Rahman,2026-04-23,Indonesia,Mainstream,25-34
CUST103622,Ravi Lee,2024-11-08,Indonesia,Budget,25-34
CUST103623,Arif Osman,2025-05-26,Malaysia,Mainstream,35-44
CUST103624,Farhan Yusof,2025-03-14,Thailand,Budget,18-24
CUST103625,Priya Chong,2025-03-04,Malaysia,Budget,18-24
CUST103626,Xin Yi Muthu,2025-05-14,Malaysia,Budget,35-44
CUST103627,Siti Yusof,2026-01-28,Singapore,Budget,25-34
CUST103628,Chen Wei Nair,2024-12-17,Singapore,Budget,35-44
CUST103629,Arif Bin Abdullah,2025-06-20,Indonesia,Mainstream,18-24
CUST103630,Siti Lim,2025-06-27,Singapore,Budget,35-44
CUST103631,Xin Yi Goh,2025-12-09,Indonesia,Mainstream,45-54
CUST103632,Ahmad Chong,2026-07-22,Thailand,Mainstream,35-44
CUST103633,Xin Yi Lee,2025-06-20,Malaysia,Budget,45-54
CUST103634,Mei Ling Chong,2025-11-20,Singapore,Premium,25-34
CUST103635,Priya Tan,2025-04-04,Indonesia,Mainstream,18-24
CUST103636,Divya Osman,2025-11-05,Singapore,Mainstream,25-34
CUST103637,Hui Ling Binte Ismail,2024-08-18,Indonesia,Mainstream,25-34
CUST103638,Kumar Osman,2025-03-19,Malaysia,Mainstream,45-54
CUST103639,Ahmad Chong,2025-08-31,Malaysia,Premium,25-34
CUST103640,Zhi Hao Rahman,2025-02-28,Malaysia,Budget,25-34
CUST103641,Ravi Tan,2025-04-12,Malaysia,Budget,45-54
CUST103642,Arif Osman,2025-05-03,Singapore,Mainstream,25-34
CUST103643,Aina Bin Abdullah,2025-06-03,Singapore,Budget,35-44
CUST103644,Farhan Tan,2024-09-17,Malaysia,Mainstream,25-34
CUST103645,Aina Chua,2025-12-10,Thailand,Budget,55+
CUST103646,Kumar Wong,2025-09-17,Singapore,Budget,25-34
CUST103647,Siti Wong,2026-01-26,Singapore,Premium,35-44
CUST103648,Kumar Binte Ismail,2025-06-09,Singapore,Budget,35-44
CUST103649,Farhan Osman,2024-08-07,Malaysia,Budget,55+
CUST103650,Xin Yi Rahman,2025-05-11,Singapore,Mainstream,55+
CUST103651,Chen Wei Binte Ismail,2026-02-28,Indonesia,Mainstream,45-54
CUST103652,Chen Wei Rahman,2024-09-25,Singapore,Mainstream,18-24
CUST103653,Ahmad Binte Ismail,2024-12-30,Indonesia,Budget,25-34
CUST103654,Xin Yi Rahman,2025-09-11,Singapore,Premium,45-54
CUST103655,Suresh Lim,2026-04-13,Malaysia,Mainstream,35-44
CUST103656,Ahmad Bin Abdullah,2025-10-09,Singapore,Mainstream,45-54
CUST103657,Suresh Lee,2024-12-19,Indonesia,Budget,45-54
CUST103658,Aina Muthu,2025-06-03,Thailand,Budget,25-34
CUST103659,Ahmad Tan,2026-03-16,Singapore,Mainstream,25-34
CUST103660,Siti Binte Ismail,2026-04-05,Thailand,Mainstream,25-34
CUST103661,Chen Wei Muthu,2024-08-22,Singapore,Budget,35-44
CUST103662,Mei Ling Muthu,2025-09-06,Malaysia,Mainstream,35-44
CUST103663,Siti Yusof,2025-03-16,Indonesia,Mainstream,18-24
CUST103664,Jia Xin Binte Ismail,2025-11-08,Singapore,Budget,35-44
CUST103665,Kumar Lee,2026-05-25,Malaysia,Mainstream,18-24
CUST103666,Priya Binte Ismail,2025-10-02,Singapore,Budget,25-34
CUST103667,Priya Lim,2025-03-10,Indonesia,Premium,25-34
CUST103668,Nabila Wong,2025-11-28,Malaysia,Mainstream,35-44
CUST103669,Arif Chong,2025-05-15,Thailand,Mainstream,18-24
CUST103670,Suresh Wong,2025-09-13,Singapore,Premium,35-44
CUST103671,Haziq Nair,2025-11-25,Thailand,Mainstream,45-54
CUST103672,Ravi Rahman,2026-01-24,Singapore,Budget,35-44
CUST103673,Wei Ming Wong,2026-01-20,Malaysia,Mainstream,55+
CUST103674,Chen Wei Chua,2026-01-24,Singapore,Premium,25-34
CUST103675,Xin Yi Muthu,2025-02-20,Singapore,Budget,25-34
CUST103676,Jia Xin Rahman,2025-11-25,Singapore,Mainstream,18-24
CUST103677,Chen Wei Chong,2025-02-03,Indonesia,Budget,35-44
CUST103678,Kumar Rahman,2025-12-14,Singapore,Mainstream,25-34
CUST103679,Suresh Tan,2025-12-03,Malaysia,Mainstream,55+
CUST103680,Hui Ling Chua,2024-09-23,Thailand,Premium,35-44
CUST103681,Wei Ming Bin Abdullah,2024-10-28,Singapore,Mainstream,45-54
CUST103682,Nabila Lee,2025-10-10,Singapore,Budget,25-34
CUST103683,Ravi Kaur,2026-01-14,Singapore,Mainstream,35-44
CUST103684,Hui Ling Bin Abdullah,2025-02-22,Singapore,Premium,25-34
CUST103685,Xin Yi Lim,2026-06-08,Malaysia,Budget,35-44
CUST103686,Divya Wong,2025-08-30,Indonesia,Budget,45-54
CUST103687,Jia Xin Goh,2025-05-18,Singapore,Mainstream,25-34
CUST103688,Zhi Hao Nair,2025-03-23,Singapore,Mainstream,45-54
CUST103689,Jia Xin Wong,2026-05-12,Malaysia,Budget,35-44
CUST103690,Aina Tan,2026-07-27,Singapore,Budget,35-44
CUST103691,Siti Nair,2026-01-09,Malaysia,Budget,25-34
CUST103692,Zhi Hao Lim,2026-05-03,Thailand,Mainstream,18-24
CUST103693,Xin Yi Chong,2025-07-24,Singapore,Mainstream,18-24
CUST103694,Siti Chua,2024-09-26,Malaysia,Mainstream,35-44
CUST103695,Nabila Lee,2026-01-01,Indonesia,Mainstream,25-34
CUST103696,Kumar Rahman,2025-09-01,Indonesia,Budget,55+
CUST103697,Divya Tan,2026-02-23,Indonesia,Mainstream,55+
CUST103698,Mei Ling Tan,2026-06-27,Indonesia,Budget,18-24
CUST103699,Wei Ming Lee,2025-03-03,Malaysia,Budget,35-44
CUST103700,Ravi Muthu,2026-01-23,Malaysia,Mainstream,25-34
CUST103701,Hui Ling Binte Ismail,2025-06-25,Indonesia,Mainstream,25-34
CUST103702,Farhan Chong,2025-03-18,Indonesia,Premium,25-34
CUST103703,Nabila Yusof,2024-11-23,Indonesia,Budget,45-54
CUST103704,Ahmad Tan,2026-03-16,Malaysia,Budget,45-54
CUST103705,Hui Ling Bin Abdullah,2025-05-31,Indonesia,Budget,18-24
CUST103706,Aina Rahman,2024-10-03,Singapore,Mainstream,25-34
CUST103707,Siti Yusof,2025-08-11,Singapore,Budget,25-34
CUST103708,Haziq Lee,2026-06-30,Singapore,Premium,35-44
CUST103709,Suresh Chua,2026-01-20,Singapore,Mainstream,18-24
CUST103710,Ravi Muthu,2024-12-26,Indonesia,Mainstream,45-54
CUST103711,Nur Aisyah Chua,2024-12-28,Singapore,Mainstream,55+
CUST103712,Nabila Goh,2025-12-12,Indonesia,Budget,25-34
CUST103713,Divya Chua,2026-03-08,Malaysia,Mainstream,45-54
CUST103714,Suresh Osman,2025-12-29,Singapore,Mainstream,35-44
CUST103715,Suresh Osman,2026-02-03,Singapore,Premium,35-44
CUST103716,Jia Xin Yusof,2025-02-04,Malaysia,Mainstream,45-54
CUST103717,Farhan Osman,2024-11-22,Indonesia,Budget,35-44
CUST103718,Haziq Goh,2026-06-25,Malaysia,Budget,35-44
CUST103719,Divya Kaur,2025-02-03,Singapore,Budget,25-34
CUST103720,Nur Aisyah Nair,2025-01-26,Singapore,Premium,35-44
CUST103721,Divya Kaur,2025-05-08,Singapore,Mainstream,25-34
CUST103722,Aina Osman,2024-10-31,Singapore,Mainstream,25-34
CUST103723,Arif Lee,2026-07-01,Thailand,Mainstream,35-44
CUST103724,Ravi Osman,2025-03-06,Singapore,Budget,25-34
CUST103725,Xin Yi Chua,2026-04-28,Singapore,Mainstream,25-34
CUST103726,Suresh Goh,2024-10-13,Thailand,Mainstream,25-34
CUST103727,Zhi Hao Binte Ismail,2025-07-30,Indonesia,Budget,45-54
CUST103728,Divya Yusof,2026-05-24,Malaysia,Mainstream,35-44
CUST103729,Arif Chua,2025-01-31,Malaysia,Mainstream,25-34
CUST103730,Ahmad Goh,2025-01-29,Thailand,Premium,45-54
CUST103731,Siti Muthu,2025-08-25,Singapore,Budget,45-54
CUST103732,Farhan Chong,2025-12-15,Singapore,Premium,18-24
CUST103733,Aina Chong,2026-07-17,Thailand,Premium,35-44
CUST103734,Chen Wei Bin Abdullah,2024-10-05,Indonesia,Premium,25-34
CUST103735,Ravi Goh,2026-03-17,Thailand,Budget,35-44
CUST103736,Siti Binte Ismail,2024-11-21,Singapore,Budget,35-44
CUST103737,Mei Ling Yusof,2025-05-26,Thailand,Mainstream,18-24
CUST103738,Nabila Chua,2025-03-16,Singapore,Budget,35-44
CUST103739,Xin Yi Lee,2025-03-10,Indonesia,Budget,25-34
CUST103740,Zhi Hao Binte Ismail,2024-11-10,Thailand,Mainstream,35-44
CUST103741,Mei Ling Bin Abdullah,2026-07-05,Singapore,Budget,18-24
CUST103742,Wei Ming Osman,2024-08-05,Singapore,Budget,45-54
CUST103743,Haziq Kaur,2026-06-28,Malaysia,Premium,35-44
CUST103744,Wei Ming Lim,2024-07-30,Indonesia,Budget,25-34
CUST103745,Arif Yusof,2026-01-20,Singapore,Premium,45-54
CUST103746,Siti Binte Ismail,2024-11-19,Thailand,Budget,18-24
CUST103747,Suresh Muthu,2026-05-30,Singapore,Budget,35-44
CUST103748,Xin Yi Rahman,2025-08-27,Malaysia,Budget,35-44
CUST103749,Divya Binte Ismail,2025-06-29,Singapore,Budget,18-24
CUST103750,Suresh Lim,2024-09-01,Thailand,Budget,25-34
CUST103751,Ravi Kaur,2026-04-30,Singapore,Mainstream,18-24
CUST103752,Xin Yi Lee,2026-07-03,Malaysia,Premium,35-44
CUST103753,Nur Aisyah Chua,2025-04-12,Singapore,Budget,35-44
CUST103754,Zhi Hao Lee,2026-06-24,Thailand,Budget,18-24
CUST103755,Jia Xin Wong,2025-01-08,Indonesia,Mainstream,18-24
CUST103756,Mei Ling Binte Ismail,2026-07-02,Singapore,Mainstream,45-54
CUST103757,Kumar Rahman,2024-08-20,Singapore,Budget,25-34
CUST103758,Wei Ming Muthu,2025-07-06,Malaysia,Budget,25-34
CUST103759,Siti Bin Abdullah,2024-09-05,Malaysia,Budget,35-44
CUST103760,Nur Aisyah Goh,2026-04-28,Indonesia,Mainstream,18-24
CUST103761,Mei Ling Rahman,2026-01-11,Malaysia,Budget,55+
CUST103762,Farhan Lim,2025-08-31,Malaysia,Mainstream,18-24
CUST103763,Priya Binte Ismail,2026-07-08,Indonesia,Budget,45-54
CUST103764,Haziq Tan,2026-05-15,Malaysia,Budget,25-34
CUST103765,Farhan Chua,2025-12-01,Singapore,Mainstream,25-34
CUST103766,Haziq Kaur,2025-02-06,Singapore,Budget,25-34
CUST103767,Siti Wong,2025-02-27,Singapore,Premium,55+
CUST103768,Siti Nair,2026-05-27,Malaysia,Mainstream,35-44
CUST103769,Kumar Nair,2026-06-16,Singapore,Premium,18-24
CUST103770,Aina Goh,2025-04-07,Malaysia,Mainstream,55+
CUST103771,Jia Xin Goh,2025-11-09,Singapore,Budget,18-24
CUST103772,Farhan Yusof,2024-12-28,Indonesia,Budget,18-24
CUST103773,Aina Osman,2025-12-24,Singapore,Mainstream,18-24
CUST103774,Mei Ling Chua,2025-11-07,Malaysia,Mainstream,45-54
CUST103775,Jia Xin Kaur,2026-02-19,Singapore,Budget,25-34
CUST103776,Mei Ling Yusof,2026-01-16,Singapore,Budget,25-34
CUST103777,Zhi Hao Lim,2025-03-01,Singapore,Budget,55+
CUST103778,Haziq Chua,2025-08-19,Malaysia,Budget,35-44
CUST103779,Arif Goh,2025-04-04,Indonesia,Budget,25-34
CUST103780,Aina Lim,2026-06-02,Singapore,Mainstream,35-44
CUST103781,Mei Ling Osman,2025-07-04,Indonesia,Premium,25-34
CUST103782,Kumar Muthu,2025-08-29,Malaysia,Budget,35-44
CUST103783,Farhan Binte Ismail,2024-10-03,Malaysia,Budget,25-34
CUST103784,Jia Xin Kaur,2025-09-23,Malaysia,Budget,35-44
CUST103785,Aina Muthu,2026-05-15,Singapore,Budget,45-54
CUST103786,Nur Aisyah Goh,2025-03-08,Indonesia,Mainstream,25-34
CUST103787,Ahmad Lim,2026-04-11,Indonesia,Budget,18-24
CUST103788,Chen Wei Wong,2024-10-04,Indonesia,Premium,25-34
CUST103789,Zhi Hao Yusof,2025-10-23,Singapore,Premium,45-54
CUST103790,Wei Ming Binte Ismail,2025-01-03,Indonesia,Mainstream,45-54
CUST103791,Aina Rahman,2025-04-07,Singapore,Premium,45-54
CUST103792,Wei Ming Tan,2025-08-24,Malaysia,Mainstream,55+
CUST103793,Haziq Bin Abdullah,2025-05-29,Singapore,Premium,45-54
CUST103794,Arif Chong,2026-03-18,Singapore,Budget,55+
CUST103795,Arif Nair,2026-06-05,Malaysia,Premium,35-44
CUST103796,Ahmad Nair,2025-01-16,Thailand,Budget,25-34
CUST103797,Mei Ling Chua,2024-08-29,Singapore,Budget,35-44
CUST103798,Zhi Hao Lee,2024-11-07,Malaysia,Premium,25-34
CUST103799,Wei Ming Rahman,2025-12-19,Malaysia,Budget,18-24
CUST103800,Arif Tan,2025-11-10,Thailand,Budget,25-34
CUST103801,Kumar Binte Ismail,2025-11-09,Indonesia,Budget,25-34
CUST103802,Hui Ling Rahman,2025-03-04,Singapore,Budget,35-44
CUST103803,Ahmad Bin Abdullah,2025-04-30,Singapore,Budget,25-34
CUST103804,Kumar Tan,2024-12-25,Malaysia,Budget,18-24
CUST103805,Hui Ling Bin Abdullah,2024-09-08,Singapore,Mainstream,55+
CUST103806,Mei Ling Nair,2025-10-16,Thailand,Mainstream,35-44
CUST103807,Xin Yi Nair,2025-04-02,Thailand,Budget,25-34
CUST103808,Zhi Hao Goh,2025-07-29,Thailand,Mainstream,25-34
CUST103809,Kumar Chua,2024-09-01,Singapore,Mainstream,18-24
CUST103810,Chen Wei Chong,2025-11-13,Indonesia,Mainstream,45-54
CUST103811,Haziq Bin Abdullah,2026-03-15,Indonesia,Mainstream,25-34
CUST103812,Suresh Chong,2025-10-26,Singapore,Premium,55+
CUST103813,Siti Tan,2025-05-04,Singapore,Budget,25-34
CUST103814,Ravi Lee,2024-09-02,Singapore,Mainstream,45-54
CUST103815,Priya Wong,2024-12-01,Malaysia,Premium,18-24
CUST103816,Nabila Lee,2026-07-16,Thailand,Mainstream,35-44
CUST103817,Hui Ling Rahman,2025-07-23,Indonesia,Budget,25-34
CUST103818,Arif Yusof,2026-04-04,Singapore,Mainstream,25-34
CUST103819,Haziq Osman,2025-11-07,Malaysia,Mainstream,55+
CUST103820,Zhi Hao Chua,2024-09-08,Singapore,Budget,35-44
CUST103821,Farhan Nair,2024-08-10,Singapore,Mainstream,25-34
CUST103822,Arif Chong,2026-04-08,Singapore,Mainstream,45-54
CUST103823,Divya Tan,2026-04-18,Malaysia,Mainstream,18-24
CUST103824,Ahmad Yusof,2025-03-08,Indonesia,Budget,55+
CUST103825,Jia Xin Chong,2025-10-03,Indonesia,Mainstream,25-34
CUST103826,Kumar Rahman,2025-09-17,Thailand,Mainstream,25-34
CUST103827,Arif Rahman,2024-10-30,Singapore,Budget,25-34
CUST103828,Haziq Goh,2024-09-25,Indonesia,Mainstream,25-34
CUST103829,Zhi Hao Nair,2024-10-10,Singapore,Budget,55+
CUST103830,Zhi Hao Kaur,2025-01-04,Malaysia,Premium,25-34
CUST103831,Farhan Nair,2024-08-13,Malaysia,Mainstream,18-24
CUST103832,Xin Yi Lee,2025-02-19,Singapore,Mainstream,45-54
CUST103833,Divya Kaur,2024-10-22,Singapore,Mainstream,25-34
CUST103834,Kumar Rahman,2025-06-30,Singapore,Budget,18-24
CUST103835,Hui Ling Lee,2026-06-22,Singapore,Mainstream,35-44
CUST103836,Ravi Yusof,2024-12-10,Thailand,Budget,18-24
CUST103837,Nabila Tan,2024-09-19,Singapore,Mainstream,45-54
CUST103838,Xin Yi Chua,2025-12-14,Malaysia,Budget,35-44
CUST103839,Farhan Rahman,2025-09-20,Thailand,Mainstream,25-34
CUST103840,Jia Xin Yusof,2025-06-07,Malaysia,Mainstream,35-44
CUST103841,Suresh Nair,2025-04-10,Malaysia,Budget,25-34
CUST103842,Ahmad Nair,2025-03-24,Thailand,Budget,35-44
CUST103843,Hui Ling Nair,2025-10-15,Singapore,Budget,35-44
CUST103844,Wei Ming Goh,2024-11-13,Singapore,Budget,45-54
CUST103845,Suresh Kaur,2024-12-13,Malaysia,Budget,25-34
CUST103846,Jia Xin Yusof,2024-09-10,Malaysia,Premium,45-54
CUST103847,Zhi Hao Yusof,2025-06-04,Indonesia,Premium,18-24
CUST103848,Ahmad Binte Ismail,2026-06-03,Singapore,Premium,55+
CUST103849,Hui Ling Rahman,2024-11-19,Malaysia,Budget,25-34
CUST103850,Ahmad Lee,2026-06-01,Indonesia,Budget,45-54
CUST103851,Ahmad Rahman,2026-03-10,Thailand,Mainstream,35-44
CUST103852,Chen Wei Wong,2026-01-02,Singapore,Mainstream,18-24
CUST103853,Haziq Wong,2026-03-16,Singapore,Mainstream,25-34
CUST103854,Farhan Nair,2025-02-16,Thailand,Mainstream,55+
CUST103855,Kumar Binte Ismail,2025-09-11,Malaysia,Mainstream,45-54
CUST103856,Jia Xin Osman,2026-02-19,Singapore,Mainstream,35-44
CUST103857,Arif Lee,2026-07-26,Singapore,Premium,25-34
CUST103858,Aina Yusof,2026-02-22,Indonesia,Budget,35-44
CUST103859,Farhan Lim,2025-03-11,Malaysia,Mainstream,25-34
CUST103860,Wei Ming Kaur,2024-12-27,Malaysia,Mainstream,35-44
CUST103861,Haziq Tan,2025-12-25,Thailand,Budget,25-34
CUST103862,Suresh Yusof,2026-06-06,Singapore,Premium,45-54
CUST103863,Wei Ming Wong,2025-06-18,Singapore,Premium,35-44
CUST103864,Siti Goh,2025-01-04,Malaysia,Mainstream,25-34
CUST103865,Divya Rahman,2026-06-08,Thailand,Budget,35-44
CUST103866,Kumar Chong,2024-12-26,Singapore,Budget,25-34
CUST103867,Wei Ming Binte Ismail,2026-03-27,Indonesia,Mainstream,25-34
CUST103868,Nur Aisyah Nair,2026-01-22,Singapore,Budget,25-34
CUST103869,Aina Kaur,2025-05-01,Singapore,Budget,25-34
CUST103870,Arif Wong,2026-06-22,Thailand,Budget,25-34
CUST103871,Haziq Binte Ismail,2025-12-18,Singapore,Budget,35-44
CUST103872,Nur Aisyah Lim,2026-04-19,Singapore,Mainstream,35-44
CUST103873,Haziq Lim,2026-02-23,Indonesia,Mainstream,25-34
CUST103874,Divya Goh,2025-01-11,Malaysia,Budget,55+
CUST103875,Zhi Hao Lee,2026-02-12,Malaysia,Mainstream,45-54
CUST103876,Siti Tan,2026-06-28,Indonesia,Budget,18-24
CUST103877,Nur Aisyah Goh,2026-02-23,Singapore,Budget,25-34
CUST103878,Arif Tan,2026-05-27,Indonesia,Mainstream,45-54
CUST103879,Haziq Lee,2025-05-01,Singapore,Mainstream,25-34
CUST103880,Jia Xin Yusof,2024-08-18,Singapore,Budget,25-34
CUST103881,Ahmad Muthu,2026-03-29,Indonesia,Mainstream,55+
CUST103882,Mei Ling Yusof,2025-02-12,Singapore,Budget,45-54
CUST103883,Suresh Lee,2025-11-07,Thailand,Mainstream,45-54
CUST103884,Kumar Goh,2026-06-07,Thailand,Budget,45-54
CUST103885,Siti Tan,2025-03-14,Indonesia,Mainstream,25-34
CUST103886,Divya Goh,2026-02-26,Singapore,Mainstream,35-44
CUST103887,Hui Ling Osman,2025-07-20,Singapore,Budget,45-54
CUST103888,Haziq Muthu,2025-07-24,Thailand,Mainstream,25-34
CUST103889,Farhan Binte Ismail,2025-05-19,Malaysia,Mainstream,18-24
CUST103890,Ahmad Bin Abdullah,2026-04-22,Indonesia,Budget,25-34
CUST103891,Haziq Nair,2026-01-27,Indonesia,Mainstream,35-44
CUST103892,Mei Ling Kaur,2025-02-06,Singapore,Mainstream,35-44
CUST103893,Ravi Kaur,2024-09-17,Singapore,Budget,45-54
CUST103894,Haziq Muthu,2026-07-21,Malaysia,Premium,25-34
CUST103895,Chen Wei Nair,2025-09-30,Malaysia,Budget,35-44
CUST103896,Ravi Rahman,2024-10-24,Singapore,Mainstream,18-24
CUST103897,Wei Ming Lee,2026-01-01,Malaysia,Premium,55+
CUST103898,Suresh Bin Abdullah,2025-09-06,Indonesia,Premium,35-44
CUST103899,Ahmad Bin Abdullah,2024-10-07,Malaysia,Mainstream,35-44
CUST103900,Farhan Bin Abdullah,2024-08-21,Singapore,Mainstream,25-34
CUST103901,Ravi Osman,2025-04-07,Indonesia,Budget,18-24
CUST103902,Xin Yi Yusof,2025-03-10,Indonesia,Budget,18-24
CUST103903,Siti Kaur,2025-05-07,Thailand,Premium,45-54
CUST103904,Arif Wong,2026-01-03,Singapore,Budget,25-34
CUST103905,Ahmad Yusof,2024-10-20,Thailand,Mainstream,45-54
CUST103906,Hui Ling Osman,2026-07-05,Indonesia,Budget,25-34
CUST103907,Mei Ling Muthu,2026-06-17,Indonesia,Budget,35-44
CUST103908,Ahmad Chong,2025-05-16,Singapore,Budget,25-34
CUST103909,Aina Osman,2024-11-25,Singapore,Mainstream,18-24
CUST103910,Nur Aisyah Kaur,2024-12-12,Malaysia,Budget,35-44
CUST103911,Wei Ming Kaur,2025-03-22,Singapore,Budget,25-34
CUST103912,Haziq Osman,2025-10-28,Singapore,Premium,25-34
CUST103913,Kumar Wong,2025-11-09,Thailand,Mainstream,35-44
CUST103914,Divya Wong,2025-09-22,Singapore,Mainstream,25-34
CUST103915,Nur Aisyah Rahman,2026-01-23,Thailand,Budget,35-44
CUST103916,Farhan Kaur,2025-09-27,Malaysia,Budget,35-44
CUST103917,Chen Wei Chong,2026-05-14,Indonesia,Mainstream,18-24
CUST103918,Jia Xin Nair,2025-12-08,Singapore,Budget,25-34
CUST103919,Xin Yi Lee,2024-09-11,Malaysia,Budget,18-24
CUST103920,Mei Ling Binte Ismail,2025-02-28,Malaysia,Premium,18-24
CUST103921,Suresh Muthu,2026-04-17,Thailand,Budget,18-24
CUST103922,Nur Aisyah Wong,2026-01-02,Singapore,Premium,35-44
CUST103923,Kumar Muthu,2026-01-21,Singapore,Budget,18-24
CUST103924,Hui Ling Binte Ismail,2026-01-05,Thailand,Budget,45-54
CUST103925,Priya Chong,2025-03-12,Singapore,Budget,45-54
CUST103926,Siti Chong,2024-10-14,Malaysia,Premium,18-24
CUST103927,Ravi Osman,2025-02-26,Singapore,Mainstream,35-44
CUST103928,Hui Ling Bin Abdullah,2025-08-07,Singapore,Mainstream,18-24
CUST103929,Hui Ling Muthu,2026-04-03,Malaysia,Budget,18-24
CUST103930,Aina Kaur,2026-04-16,Malaysia,Premium,55+
CUST103931,Xin Yi Chong,2024-12-12,Malaysia,Mainstream,25-34
CUST103932,Siti Kaur,2025-03-22,Malaysia,Mainstream,18-24
CUST103933,Ravi Tan,2025-07-22,Indonesia,Mainstream,45-54
CUST103934,Zhi Hao Kaur,2025-06-03,Thailand,Mainstream,55+
CUST103935,Hui Ling Binte Ismail,2024-11-17,Singapore,Mainstream,35-44
CUST103936,Farhan Wong,2024-12-12,Singapore,Budget,35-44
CUST103937,Kumar Nair,2026-05-27,Singapore,Premium,45-54
CUST103938,Farhan Kaur,2025-10-14,Indonesia,Budget,35-44
CUST103939,Xin Yi Lim,2026-06-28,Singapore,Premium,35-44
CUST103940,Jia Xin Lim,2025-10-22,Indonesia,Budget,45-54
CUST103941,Chen Wei Bin Abdullah,2025-04-20,Malaysia,Budget,35-44
CUST103942,Haziq Bin Abdullah,2026-02-27,Malaysia,Budget,25-34
CUST103943,Priya Nair,2026-04-11,Indonesia,Mainstream,18-24
CUST103944,Haziq Bin Abdullah,2025-08-05,Malaysia,Budget,25-34
CUST103945,Siti Muthu,2025-07-11,Malaysia,Mainstream,18-24
CUST103946,Priya Binte Ismail,2025-02-23,Singapore,Mainstream,18-24
CUST103947,Ravi Lim,2026-07-19,Malaysia,Budget,25-34
CUST103948,Suresh Muthu,2026-01-29,Singapore,Mainstream,55+
CUST103949,Suresh Rahman,2025-01-06,Indonesia,Mainstream,18-24
CUST103950,Arif Lee,2025-03-19,Malaysia,Premium,25-34
CUST103951,Priya Goh,2024-10-11,Singapore,Budget,45-54
CUST103952,Zhi Hao Goh,2024-12-12,Singapore,Premium,25-34
CUST103953,Xin Yi Yusof,2024-11-24,Malaysia,Budget,45-54
CUST103954,Arif Lim,2025-07-22,Thailand,Mainstream,35-44
CUST103955,Wei Ming Chong,2024-08-29,Singapore,Mainstream,35-44
CUST103956,Siti Goh,2025-09-29,Singapore,Budget,25-34
CUST103957,Arif Goh,2024-10-08,Malaysia,Budget,25-34
CUST103958,Aina Lim,2025-10-16,Thailand,Mainstream,35-44
CUST103959,Hui Ling Wong,2025-09-08,Indonesia,Budget,18-24
CUST103960,Priya Rahman,2025-03-16,Singapore,Budget,25-34
CUST103961,Ahmad Lim,2025-10-12,Malaysia,Budget,25-34
CUST103962,Arif Yusof,2026-04-13,Indonesia,Mainstream,35-44
CUST103963,Nabila Rahman,2024-10-13,Indonesia,Budget,35-44
CUST103964,Chen Wei Wong,2025-09-02,Malaysia,Mainstream,35-44
CUST103965,Priya Lim,2024-09-21,Indonesia,Premium,35-44
CUST103966,Farhan Kaur,2025-10-11,Malaysia,Mainstream,18-24
CUST103967,Aina Bin Abdullah,2024-08-18,Singapore,Mainstream,45-54
CUST103968,Nur Aisyah Lee,2025-05-15,Singapore,Mainstream,45-54
CUST103969,Hui Ling Bin Abdullah,2025-01-15,Malaysia,Budget,25-34
CUST103970,Zhi Hao Goh,2025-01-24,Singapore,Budget,35-44
CUST103971,Divya Bin Abdullah,2026-03-04,Malaysia,Budget,25-34
CUST103972,Nabila Kaur,2024-12-11,Indonesia,Budget,45-54
CUST103973,Ravi Bin Abdullah,2024-09-08,Indonesia,Budget,25-34
CUST103974,Divya Lim,2025-04-03,Singapore,Mainstream,25-34
CUST103975,Zhi Hao Binte Ismail,2024-09-06,Singapore,Budget,55+
CUST103976,Chen Wei Tan,2024-11-19,Indonesia,Budget,35-44
CUST103977,Aina Bin Abdullah,2025-03-30,Malaysia,Premium,18-24
CUST103978,Aina Kaur,2025-08-15,Singapore,Budget,35-44
CUST103979,Nabila Nair,2024-11-11,Indonesia,Mainstream,45-54
CUST103980,Jia Xin Lim,2026-03-16,Singapore,Budget,25-34
CUST103981,Divya Lee,2025-06-15,Singapore,Mainstream,35-44
CUST103982,Hui Ling Chong,2024-12-11,Indonesia,Budget,35-44
CUST103983,Siti Binte Ismail,2024-09-08,Malaysia,Budget,35-44
CUST103984,Wei Ming Wong,2026-01-16,Malaysia,Mainstream,55+
CUST103985,Siti Lim,2026-05-22,Indonesia,Mainstream,35-44
CUST103986,Farhan Binte Ismail,2025-11-28,Thailand,Budget,35-44
CUST103987,Arif Kaur,2024-11-06,Singapore,Budget,45-54
CUST103988,Hui Ling Goh,2025-07-12,Malaysia,Mainstream,18-24
CUST103989,Mei Ling Goh,2026-06-19,Singapore,Budget,18-24
CUST103990,Suresh Goh,2026-05-03,Malaysia,Mainstream,55+
CUST103991,Ahmad Lee,2025-11-24,Malaysia,Mainstream,35-44
CUST103992,Ravi Lim,2025-11-21,Malaysia,Mainstream,25-34
CUST103993,Haziq Rahman,2026-04-22,Singapore,Mainstream,18-24
CUST103994,Wei Ming Binte Ismail,2025-08-03,Indonesia,Budget,25-34
CUST103995,Siti Tan,2025-08-14,Malaysia,Premium,18-24
CUST103996,Aina Lim,2026-03-06,Thailand,Mainstream,25-34
CUST103997,Haziq Lee,2026-02-10,Malaysia,Mainstream,35-44
CUST103998,Ravi Wong,2025-03-31,Indonesia,Mainstream,25-34
CUST103999,Arif Bin Abdullah,2024-09-02,Malaysia,Mainstream,35-44
CUST104000,Zhi Hao Yusof,2024-08-01,Malaysia,Budget,55+
CUST104001,Kumar Wong,2025-06-16,Indonesia,Premium,55+
CUST104002,Chen Wei Osman,2026-07-01,Indonesia,Premium,45-54
CUST104003,Farhan Binte Ismail,2024-10-12,Malaysia,Budget,25-34
CUST104004,Priya Chong,2024-09-04,Malaysia,Mainstream,35-44
CUST104005,Divya Bin Abdullah,2026-01-08,Malaysia,Mainstream,35-44
CUST104006,Hui Ling Kaur,2025-10-10,Malaysia,Premium,25-34
CUST104007,Xin Yi Bin Abdullah,2026-07-11,Malaysia,Mainstream,45-54
CUST104008,Farhan Bin Abdullah,2024-12-22,Indonesia,Budget,35-44
CUST104009,Siti Nair,2025-01-09,Malaysia,Mainstream,35-44
CUST104010,Kumar Binte Ismail,2026-07-14,Malaysia,Budget,25-34
CUST104011,Nabila Bin Abdullah,2025-03-04,Malaysia,Mainstream,25-34
CUST104012,Nur Aisyah Muthu,2025-10-02,Thailand,Mainstream,45-54
CUST104013,Divya Tan,2025-06-26,Singapore,Mainstream,25-34
CUST104014,Farhan Chong,2026-02-20,Singapore,Budget,18-24
CUST104015,Kumar Chong,2024-12-11,Singapore,Mainstream,35-44
CUST104016,Zhi Hao Binte Ismail,2025-10-07,Indonesia,Mainstream,35-44
CUST104017,Haziq Lee,2024-11-23,Malaysia,Budget,18-24
CUST104018,Nabila Lim,2026-04-12,Malaysia,Budget,25-34
CUST104019,Priya Yusof,2025-05-26,Singapore,Budget,45-54
CUST104020,Suresh Binte Ismail,2025-12-15,Thailand,Premium,55+
CUST104021,Nabila Bin Abdullah,2024-08-23,Malaysia,Mainstream,35-44
CUST104022,Farhan Rahman,2025-06-18,Malaysia,Mainstream,45-54
CUST104023,Farhan Muthu,2025-02-19,Singapore,Mainstream,25-34
CUST104024,Ravi Chua,2026-05-28,Singapore,Mainstream,35-44
CUST104025,Kumar Goh,2025-03-22,Singapore,Mainstream,35-44
CUST104026,Farhan Nair,2026-05-17,Malaysia,Budget,45-54
CUST104027,Aina Nair,2025-11-08,Malaysia,Budget,45-54
CUST104028,Zhi Hao Kaur,2026-02-17,Singapore,Budget,25-34
CUST104029,Zhi Hao Muthu,2026-07-28,Singapore,Mainstream,18-24
CUST104030,Jia Xin Kaur,2025-05-28,Singapore,Mainstream,45-54
CUST104031,Nur Aisyah Wong,2026-02-04,Malaysia,Mainstream,18-24
CUST104032,Xin Yi Nair,2025-07-20,Singapore,Mainstream,35-44
CUST104033,Siti Chong,2025-01-18,Singapore,Mainstream,35-44
CUST104034,Haziq Lim,2026-03-21,Singapore,Premium,18-24
CUST104035,Hui Ling Wong,2025-02-26,Indonesia,Mainstream,35-44
CUST104036,Aina Rahman,2025-12-25,Thailand,Budget,35-44
CUST104037,Haziq Osman,2025-11-30,Malaysia,Budget,45-54
CUST104038,Ahmad Wong,2025-06-03,Singapore,Mainstream,25-34
CUST104039,Wei Ming Osman,2025-04-29,Thailand,Mainstream,18-24
CUST104040,Suresh Lee,2025-04-07,Thailand,Mainstream,18-24
CUST104041,Ahmad Chua,2026-03-09,Malaysia,Budget,25-34
CUST104042,Aina Bin Abdullah,2025-06-01,Singapore,Mainstream,35-44
CUST104043,Aina Muthu,2026-01-18,Indonesia,Budget,25-34
CUST104044,Xin Yi Kaur,2026-01-08,Thailand,Budget,18-24
CUST104045,Ahmad Binte Ismail,2024-09-06,Indonesia,Mainstream,55+
CUST104046,Aina Binte Ismail,2026-05-17,Malaysia,Mainstream,18-24
CUST104047,Priya Binte Ismail,2025-10-01,Malaysia,Budget,25-34
CUST104048,Priya Wong,2025-09-12,Thailand,Budget,45-54
CUST104049,Hui Ling Yusof,2026-02-01,Singapore,Mainstream,35-44
CUST104050,Farhan Goh,2025-01-02,Singapore,Budget,25-34
CUST104051,Nur Aisyah Yusof,2025-08-08,Indonesia,Budget,55+
CUST104052,Nur Aisyah Chong,2025-02-19,Singapore,Mainstream,35-44
CUST104053,Mei Ling Lee,2025-10-20,Malaysia,Mainstream,18-24
CUST104054,Aina Osman,2024-10-13,Singapore,Budget,18-24
CUST104055,Priya Osman,2025-02-12,Singapore,Mainstream,55+
CUST104056,Nur Aisyah Rahman,2025-11-28,Singapore,Mainstream,25-34
CUST104057,Priya Goh,2024-08-26,Malaysia,Budget,45-54
CUST104058,Arif Wong,2024-11-05,Malaysia,Budget,18-24
CUST104059,Farhan Osman,2025-05-24,Malaysia,Budget,18-24
CUST104060,Mei Ling Goh,2026-07-17,Singapore,Budget,45-54
CUST104061,Ravi Yusof,2025-05-24,Thailand,Mainstream,55+
CUST104062,Xin Yi Bin Abdullah,2025-03-12,Malaysia,Mainstream,18-24
CUST104063,Farhan Chong,2025-11-05,Thailand,Premium,25-34
CUST104064,Siti Lim,2026-04-15,Malaysia,Budget,35-44
CUST104065,Arif Chua,2025-06-12,Singapore,Mainstream,35-44
CUST104066,Aina Rahman,2024-12-21,Indonesia,Mainstream,25-34
CUST104067,Ravi Yusof,2025-12-08,Indonesia,Mainstream,25-34
CUST104068,Haziq Muthu,2025-08-30,Singapore,Premium,55+
CUST104069,Suresh Bin Abdullah,2026-07-29,Malaysia,Mainstream,25-34
CUST104070,Xin Yi Wong,2025-03-03,Indonesia,Mainstream,25-34
CUST104071,Farhan Nair,2024-11-04,Singapore,Premium,25-34
CUST104072,Zhi Hao Lee,2025-01-09,Malaysia,Premium,18-24
CUST104073,Nabila Bin Abdullah,2025-09-19,Singapore,Premium,35-44
CUST104074,Hui Ling Tan,2026-06-27,Singapore,Budget,25-34
CUST104075,Haziq Lee,2025-08-04,Thailand,Budget,35-44
CUST104076,Farhan Nair,2024-09-11,Malaysia,Budget,25-34
CUST104077,Farhan Chong,2026-05-30,Indonesia,Mainstream,18-24
CUST104078,Hui Ling Bin Abdullah,2026-02-23,Indonesia,Budget,45-54
CUST104079,Chen Wei Lee,2024-11-25,Thailand,Budget,35-44
CUST104080,Nur Aisyah Wong,2025-06-10,Malaysia,Mainstream,25-34
CUST104081,Priya Rahman,2026-03-27,Malaysia,Budget,18-24
CUST104082,Kumar Yusof,2026-07-12,Singapore,Mainstream,35-44
CUST104083,Arif Rahman,2025-10-03,Malaysia,Budget,45-54
CUST104084,Mei Ling Chong,2025-05-21,Malaysia,Mainstream,35-44
CUST104085,Suresh Muthu,2024-11-23,Indonesia,Budget,45-54
CUST104086,Kumar Chong,2024-10-22,Malaysia,Mainstream,25-34
CUST104087,Wei Ming Nair,2025-08-29,Singapore,Mainstream,55+
CUST104088,Nur Aisyah Lim,2025-09-24,Thailand,Budget,25-34
CUST104089,Aina Bin Abdullah,2024-09-18,Indonesia,Budget,25-34
CUST104090,Mei Ling Lim,2025-01-08,Malaysia,Mainstream,35-44
CUST104091,Ravi Chua,2026-02-27,Indonesia,Mainstream,18-24
CUST104092,Divya Osman,2025-03-19,Malaysia,Budget,25-34
CUST104093,Farhan Bin Abdullah,2025-02-22,Indonesia,Mainstream,25-34
CUST104094,Nur Aisyah Binte Ismail,2026-02-09,Malaysia,Budget,35-44
CUST104095,Siti Rahman,2024-08-15,Malaysia,Mainstream,45-54
CUST104096,Siti Chong,2025-12-25,Singapore,Mainstream,35-44
CUST104097,Arif Nair,2025-06-23,Singapore,Mainstream,25-34
CUST104098,Priya Yusof,2025-08-03,Indonesia,Budget,25-34
CUST104099,Ahmad Muthu,2025-03-11,Malaysia,Budget,45-54
CUST104100,Farhan Rahman,2024-10-09,Singapore,Budget,35-44
CUST104101,Divya Nair,2025-10-15,Singapore,Budget,35-44
CUST104102,Farhan Chong,2025-10-22,Malaysia,Mainstream,18-24
CUST104103,Mei Ling Rahman,2025-01-27,Indonesia,Mainstream,25-34
CUST104104,Priya Muthu,2024-09-02,Malaysia,Budget,25-34
CUST104105,Aina Lim,2024-10-04,Indonesia,Budget,35-44
CUST104106,Nabila Yusof,2025-01-26,Thailand,Mainstream,45-54
CUST104107,Hui Ling Yusof,2025-03-03,Singapore,Mainstream,55+
CUST104108,Divya Muthu,2025-01-14,Indonesia,Mainstream,25-34
CUST104109,Mei Ling Kaur,2024-09-14,Singapore,Budget,25-34
CUST104110,Priya Rahman,2026-07-22,Malaysia,Budget,45-54
CUST104111,Zhi Hao Osman,2025-05-26,Singapore,Budget,25-34
CUST104112,Suresh Chua,2026-07-05,Singapore,Mainstream,35-44
CUST104113,Zhi Hao Kaur,2025-06-03,Singapore,Mainstream,35-44
CUST104114,Priya Chua,2025-10-14,Singapore,Budget,25-34
CUST104115,Priya Rahman,2025-12-19,Indonesia,Budget,25-34
CUST104116,Suresh Chong,2024-10-17,Malaysia,Mainstream,25-34
CUST104117,Jia Xin Osman,2025-02-26,Thailand,Budget,35-44
CUST104118,Nabila Rahman,2025-06-10,Malaysia,Mainstream,25-34
CUST104119,Ahmad Kaur,2024-10-24,Malaysia,Budget,25-34
CUST104120,Ravi Goh,2026-05-19,Singapore,Budget,18-24
CUST104121,Ahmad Chua,2025-04-14,Malaysia,Budget,45-54
CUST104122,Divya Muthu,2026-04-06,Malaysia,Premium,45-54
CUST104123,Farhan Wong,2026-02-09,Thailand,Budget,45-54
CUST104124,Farhan Goh,2026-03-16,Thailand,Budget,45-54
CUST104125,Zhi Hao Bin Abdullah,2025-06-27,Singapore,Mainstream,18-24
CUST104126,Wei Ming Kaur,2025-04-26,Malaysia,Budget,18-24
CUST104127,Haziq Kaur,2025-01-24,Malaysia,Budget,35-44
CUST104128,Divya Chua,2025-09-11,Malaysia,Budget,35-44
CUST104129,Ahmad Muthu,2024-09-12,Singapore,Mainstream,35-44
CUST104130,Zhi Hao Yusof,2025-10-30,Indonesia,Budget,25-34
CUST104131,Xin Yi Nair,2026-04-06,Indonesia,Mainstream,55+
CUST104132,Hui Ling Lee,2026-07-03,Singapore,Mainstream,25-34
CUST104133,Arif Kaur,2026-04-27,Malaysia,Mainstream,35-44
CUST104134,Arif Kaur,2025-09-08,Singapore,Budget,45-54
CUST104135,Priya Tan,2025-10-01,Thailand,Mainstream,35-44
CUST104136,Arif Kaur,2024-11-13,Singapore,Premium,45-54
CUST104137,Hui Ling Osman,2026-04-29,Singapore,Mainstream,35-44
CUST104138,Xin Yi Yusof,2026-01-19,Singapore,Budget,45-54
CUST104139,Nur Aisyah Chua,2024-08-13,Indonesia,Mainstream,45-54
CUST104140,Zhi Hao Wong,2026-07-09,Indonesia,Mainstream,25-34
CUST104141,Wei Ming Kaur,2025-09-23,Singapore,Premium,25-34
CUST104142,Xin Yi Tan,2026-03-07,Singapore,Budget,45-54
CUST104143,Hui Ling Wong,2025-07-05,Indonesia,Mainstream,35-44
CUST104144,Ahmad Kaur,2024-08-18,Malaysia,Mainstream,35-44
CUST104145,Farhan Binte Ismail,2026-02-14,Singapore,Premium,25-34
CUST104146,Hui Ling Tan,2025-11-01,Thailand,Mainstream,25-34
CUST104147,Hui Ling Yusof,2025-09-05,Singapore,Premium,25-34
CUST104148,Xin Yi Lee,2024-12-24,Malaysia,Budget,55+
CUST104149,Hui Ling Lee,2024-08-10,Singapore,Budget,25-34
CUST104150,Nabila Binte Ismail,2026-05-20,Indonesia,Budget,25-34
CUST104151,Mei Ling Chong,2025-08-07,Indonesia,Mainstream,18-24
CUST104152,Priya Lee,2025-01-26,Malaysia,Budget,35-44
CUST104153,Mei Ling Kaur,2026-07-23,Indonesia,Mainstream,25-34
CUST104154,Ravi Chong,2024-12-18,Thailand,Premium,35-44
CUST104155,Hui Ling Tan,2026-02-02,Indonesia,Premium,18-24
CUST104156,Farhan Muthu,2025-07-16,Malaysia,Mainstream,25-34
CUST104157,Wei Ming Lim,2024-08-14,Malaysia,Mainstream,18-24
CUST104158,Aina Lee,2025-04-22,Thailand,Budget,18-24
CUST104159,Siti Binte Ismail,2024-08-06,Singapore,Mainstream,45-54
CUST104160,Aina Kaur,2025-05-15,Singapore,Mainstream,45-54
CUST104161,Zhi Hao Rahman,2026-02-26,Singapore,Mainstream,45-54
CUST104162,Ahmad Osman,2025-03-11,Indonesia,Budget,45-54
CUST104163,Priya Wong,2025-05-06,Singapore,Budget,18-24
CUST104164,Nur Aisyah Nair,2025-12-15,Singapore,Mainstream,45-54
CUST104165,Wei Ming Binte Ismail,2026-06-03,Malaysia,Mainstream,25-34
CUST104166,Ravi Tan,2025-04-12,Singapore,Mainstream,45-54
CUST104167,Nabila Lee,2025-06-03,Singapore,Mainstream,35-44
CUST104168,Jia Xin Chong,2025-01-11,Malaysia,Mainstream,25-34
CUST104169,Zhi Hao Lee,2026-04-29,Singapore,Mainstream,25-34
CUST104170,Suresh Goh,2025-07-01,Thailand,Mainstream,18-24
CUST104171,Siti Yusof,2024-12-09,Singapore,Mainstream,25-34
CUST104172,Priya Goh,2024-10-17,Indonesia,Budget,35-44
CUST104173,Kumar Rahman,2024-09-12,Malaysia,Budget,55+
CUST104174,Ravi Chua,2026-02-25,Singapore,Premium,18-24
CUST104175,Arif Chong,2026-03-25,Singapore,Budget,35-44
CUST104176,Priya Nair,2025-06-04,Malaysia,Mainstream,35-44
CUST104177,Divya Goh,2025-08-26,Malaysia,Budget,18-24
CUST104178,Chen Wei Nair,2026-02-08,Singapore,Mainstream,25-34
CUST104179,Aina Muthu,2026-05-16,Thailand,Budget,25-34
CUST104180,Nur Aisyah Yusof,2026-04-16,Malaysia,Mainstream,35-44
CUST104181,Xin Yi Lim,2025-11-24,Thailand,Mainstream,25-34
CUST104182,Suresh Yusof,2025-02-05,Singapore,Budget,18-24
CUST104183,Priya Kaur,2026-06-12,Singapore,Mainstream,25-34
CUST104184,Mei Ling Muthu,2026-05-14,Malaysia,Premium,45-54
CUST104185,Nabila Osman,2026-01-17,Singapore,Mainstream,45-54
CUST104186,Aina Lim,2024-10-30,Singapore,Premium,25-34
CUST104187,Chen Wei Bin Abdullah,2024-08-06,Singapore,Mainstream,35-44
CUST104188,Nur Aisyah Lim,2025-09-11,Singapore,Mainstream,55+
CUST104189,Chen Wei Kaur,2026-06-27,Indonesia,Mainstream,25-34
CUST104190,Siti Lim,2026-07-21,Singapore,Premium,18-24
CUST104191,Farhan Yusof,2024-11-09,Thailand,Mainstream,18-24
CUST104192,Nabila Chong,2025-09-08,Singapore,Budget,25-34
CUST104193,Zhi Hao Osman,2026-06-03,Malaysia,Mainstream,45-54
CUST104194,Chen Wei Rahman,2024-11-28,Malaysia,Premium,45-54
CUST104195,Nabila Kaur,2025-07-08,Malaysia,Mainstream,35-44
CUST104196,Chen Wei Lim,2025-11-16,Thailand,Budget,25-34
CUST104197,Hui Ling Muthu,2025-09-02,Indonesia,Mainstream,45-54
CUST104198,Aina Bin Abdullah,2026-02-15,Singapore,Mainstream,25-34
CUST104199,Suresh Lim,2024-09-17,Malaysia,Budget,18-24
CUST104200,Aina Binte Ismail,2024-12-31,Indonesia,Mainstream,18-24
CUST104201,Hui Ling Osman,2026-03-06,Singapore,Mainstream,45-54
CUST104202,Haziq Lim,2025-02-08,Malaysia,Budget,35-44
CUST104203,Hui Ling Nair,2026-03-20,Singapore,Mainstream,35-44
CUST104204,Wei Ming Chua,2025-09-02,Malaysia,Budget,35-44
CUST104205,Chen Wei Chua,2025-01-29,Malaysia,Mainstream,18-24
CUST104206,Siti Bin Abdullah,2026-07-03,Malaysia,Budget,25-34
CUST104207,Aina Tan,2025-02-15,Thailand,Mainstream,45-54
CUST104208,Ahmad Lee,2026-02-15,Malaysia,Budget,55+
CUST104209,Ravi Binte Ismail,2025-03-06,Thailand,Premium,35-44
CUST104210,Xin Yi Yusof,2025-07-30,Indonesia,Mainstream,18-24
CUST104211,Siti Wong,2026-07-10,Malaysia,Budget,55+
CUST104212,Hui Ling Lee,2025-01-19,Malaysia,Premium,25-34
CUST104213,Kumar Lim,2026-01-21,Malaysia,Mainstream,25-34
CUST104214,Divya Chong,2024-09-02,Indonesia,Mainstream,18-24
CUST104215,Hui Ling Bin Abdullah,2024-11-23,Singapore,Premium,18-24
CUST104216,Hui Ling Yusof,2026-03-11,Thailand,Premium,35-44
CUST104217,Priya Lim,2025-05-17,Malaysia,Mainstream,35-44
CUST104218,Nur Aisyah Goh,2025-11-07,Malaysia,Premium,25-34
CUST104219,Kumar Yusof,2025-05-16,Malaysia,Budget,25-34
CUST104220,Mei Ling Bin Abdullah,2025-06-18,Malaysia,Budget,35-44
CUST104221,Priya Tan,2025-12-25,Indonesia,Budget,25-34
CUST104222,Ravi Wong,2025-04-10,Indonesia,Budget,25-34
CUST104223,Mei Ling Bin Abdullah,2026-01-21,Singapore,Mainstream,25-34
CUST104224,Haziq Binte Ismail,2024-10-05,Malaysia,Budget,45-54
CUST104225,Divya Muthu,2024-09-07,Malaysia,Mainstream,55+
CUST104226,Ravi Nair,2026-03-30,Malaysia,Budget,25-34
CUST104227,Suresh Bin Abdullah,2025-02-13,Malaysia,Budget,35-44
CUST104228,Nabila Chong,2024-09-19,Singapore,Mainstream,45-54
CUST104229,Farhan Binte Ismail,2026-04-28,Indonesia,Budget,18-24
CUST104230,Ravi Goh,2025-02-05,Malaysia,Mainstream,45-54
CUST104231,Aina Tan,2024-09-13,Malaysia,Mainstream,35-44
CUST104232,Mei Ling Yusof,2026-02-15,Indonesia,Mainstream,35-44
CUST104233,Jia Xin Chua,2025-05-30,Indonesia,Premium,35-44
CUST104234,Ravi Lim,2024-12-24,Indonesia,Premium,25-34
CUST104235,Divya Bin Abdullah,2025-11-28,Singapore,Budget,45-54
CUST104236,Mei Ling Wong,2026-02-06,Singapore,Mainstream,35-44
CUST104237,Haziq Muthu,2025-10-13,Indonesia,Budget,18-24
CUST104238,Mei Ling Chong,2025-11-27,Singapore,Budget,35-44
CUST104239,Zhi Hao Nair,2025-02-15,Singapore,Mainstream,55+
CUST104240,Zhi Hao Chua,2025-11-01,Singapore,Mainstream,45-54
CUST104241,Nabila Osman,2025-10-28,Singapore,Mainstream,35-44
CUST104242,Arif Kaur,2024-09-08,Thailand,Mainstream,25-34
CUST104243,Mei Ling Kaur,2025-06-02,Singapore,Mainstream,25-34
CUST104244,Ahmad Yusof,2024-09-19,Singapore,Mainstream,25-34
CUST104245,Farhan Binte Ismail,2025-02-26,Thailand,Budget,45-54
CUST104246,Mei Ling Osman,2024-10-21,Thailand,Budget,45-54
CUST104247,Priya Tan,2026-03-09,Singapore,Mainstream,55+
CUST104248,Nabila Bin Abdullah,2024-09-13,Thailand,Mainstream,18-24
CUST104249,Zhi Hao Osman,2024-09-08,Singapore,Budget,55+
CUST104250,Kumar Wong,2026-06-30,Indonesia,Budget,55+
CUST104251,Kumar Bin Abdullah,2025-11-11,Singapore,Budget,35-44
CUST104252,Nur Aisyah Bin Abdullah,2025-10-01,Malaysia,Mainstream,45-54
CUST104253,Mei Ling Kaur,2025-09-26,Singapore,Budget,25-34
CUST104254,Wei Ming Osman,2025-01-07,Indonesia,Budget,25-34
CUST104255,Aina Lim,2025-03-07,Singapore,Budget,25-34
CUST104256,Haziq Tan,2026-02-24,Malaysia,Budget,18-24
CUST104257,Divya Lee,2025-05-11,Indonesia,Mainstream,18-24
CUST104258,Ahmad Goh,2024-08-17,Singapore,Premium,35-44
CUST104259,Chen Wei Rahman,2025-09-11,Thailand,Budget,25-34
CUST104260,Divya Goh,2024-09-20,Malaysia,Mainstream,18-24
CUST104261,Ravi Muthu,2025-04-11,Singapore,Mainstream,18-24
CUST104262,Farhan Rahman,2024-09-22,Singapore,Mainstream,35-44
CUST104263,Ahmad Osman,2024-10-08,Singapore,Budget,55+
CUST104264,Chen Wei Yusof,2026-07-17,Singapore,Budget,25-34
CUST104265,Ravi Kaur,2024-12-22,Malaysia,Premium,45-54
CUST104266,Priya Lee,2026-03-13,Malaysia,Premium,55+
CUST104267,Mei Ling Osman,2024-12-05,Malaysia,Budget,35-44
CUST104268,Divya Chua,2024-12-17,Malaysia,Mainstream,35-44
CUST104269,Wei Ming Chua,2026-01-22,Indonesia,Budget,35-44
CUST104270,Ahmad Goh,2026-06-11,Singapore,Budget,55+
CUST104271,Mei Ling Kaur,2025-09-26,Malaysia,Budget,25-34
CUST104272,Arif Osman,2025-12-20,Thailand,Mainstream,45-54
CUST104273,Ravi Osman,2025-06-20,Singapore,Budget,25-34
CUST104274,Hui Ling Binte Ismail,2026-05-31,Malaysia,Budget,25-34
CUST104275,Suresh Tan,2026-06-27,Thailand,Budget,35-44
CUST104276,Ahmad Lee,2025-09-13,Malaysia,Budget,45-54
CUST104277,Chen Wei Osman,2025-01-14,Thailand,Budget,45-54
CUST104278,Suresh Rahman,2025-12-12,Singapore,Mainstream,55+
CUST104279,Divya Yusof,2025-12-05,Malaysia,Mainstream,35-44
CUST104280,Nabila Tan,2026-04-01,Singapore,Mainstream,35-44
CUST104281,Nabila Wong,2026-01-04,Singapore,Mainstream,55+
CUST104282,Arif Nair,2025-12-23,Thailand,Mainstream,25-34
CUST104283,Xin Yi Lim,2026-01-21,Singapore,Budget,18-24
CUST104284,Wei Ming Muthu,2025-11-21,Thailand,Budget,25-34
CUST104285,Chen Wei Bin Abdullah,2026-01-04,Indonesia,Premium,35-44
CUST104286,Chen Wei Muthu,2025-03-20,Thailand,Mainstream,35-44
CUST104287,Nabila Binte Ismail,2025-11-25,Thailand,Mainstream,45-54
CUST104288,Divya Goh,2025-01-25,Malaysia,Budget,18-24
CUST104289,Chen Wei Nair,2025-05-14,Thailand,Budget,45-54
CUST104290,Nur Aisyah Lim,2025-04-18,Indonesia,Budget,35-44
CUST104291,Kumar Tan,2025-05-29,Malaysia,Premium,55+
CUST104292,Nur Aisyah Lim,2024-09-24,Indonesia,Mainstream,25-34
CUST104293,Xin Yi Chong,2026-01-24,Singapore,Budget,35-44
CUST104294,Ahmad Osman,2024-08-11,Singapore,Budget,45-54
CUST104295,Farhan Lee,2026-03-01,Singapore,Budget,35-44
CUST104296,Siti Lee,2026-04-20,Malaysia,Budget,25-34
CUST104297,Nur Aisyah Chong,2024-12-03,Singapore,Mainstream,18-24
CUST104298,Nabila Kaur,2024-10-13,Malaysia,Budget,18-24
CUST104299,Kumar Yusof,2026-05-23,Indonesia,Premium,35-44
CUST104300,Haziq Kaur,2025-05-18,Indonesia,Mainstream,35-44
CUST104301,Kumar Yusof,2025-07-20,Thailand,Premium,35-44
CUST104302,Nur Aisyah Goh,2026-02-19,Thailand,Premium,35-44
CUST104303,Priya Wong,2025-07-14,Thailand,Premium,18-24
CUST104304,Ravi Tan,2025-03-16,Malaysia,Premium,18-24
CUST104305,Siti Lim,2025-06-05,Singapore,Budget,45-54
CUST104306,Jia Xin Chong,2025-07-15,Thailand,Budget,45-54
CUST104307,Nur Aisyah Wong,2024-10-21,Singapore,Budget,35-44
CUST104308,Xin Yi Goh,2026-02-15,Singapore,Mainstream,35-44
CUST104309,Wei Ming Nair,2025-04-30,Singapore,Mainstream,55+
CUST104310,Wei Ming Kaur,2025-12-10,Malaysia,Budget,55+
CUST104311,Suresh Chua,2024-08-18,Indonesia,Mainstream,35-44
CUST104312,Siti Binte Ismail,2026-01-27,Singapore,Mainstream,25-34
CUST104313,Xin Yi Osman,2024-10-31,Indonesia,Mainstream,18-24
CUST104314,Kumar Tan,2025-04-24,Singapore,Budget,35-44
CUST104315,Farhan Nair,2026-02-23,Singapore,Budget,25-34
CUST104316,Farhan Goh,2025-01-22,Singapore,Mainstream,18-24
CUST104317,Haziq Chua,2026-02-03,Singapore,Budget,25-34
CUST104318,Wei Ming Osman,2026-01-19,Indonesia,Mainstream,55+
CUST104319,Xin Yi Wong,2025-11-20,Singapore,Budget,18-24
CUST104320,Divya Osman,2025-03-19,Singapore,Budget,45-54
CUST104321,Chen Wei Chong,2025-10-17,Singapore,Budget,45-54
CUST104322,Wei Ming Nair,2025-06-09,Indonesia,Mainstream,35-44
CUST104323,Aina Tan,2025-06-21,Thailand,Budget,18-24
CUST104324,Haziq Binte Ismail,2026-03-08,Indonesia,Premium,45-54
CUST104325,Suresh Chong,2026-02-10,Malaysia,Budget,35-44
CUST104326,Priya Tan,2025-12-18,Thailand,Premium,25-34
CUST104327,Wei Ming Chua,2026-02-17,Singapore,Budget,35-44
CUST104328,Jia Xin Osman,2024-09-27,Singapore,Budget,18-24
CUST104329,Siti Muthu,2025-10-24,Malaysia,Premium,35-44
CUST104330,Chen Wei Lim,2025-10-07,Singapore,Mainstream,45-54
CUST104331,Zhi Hao Goh,2025-03-26,Malaysia,Mainstream,35-44
CUST104332,Priya Lim,2024-12-31,Malaysia,Mainstream,55+
CUST104333,Suresh Kaur,2025-03-14,Singapore,Budget,25-34
CUST104334,Wei Ming Osman,2025-06-22,Malaysia,Mainstream,45-54
CUST104335,Aina Lim,2024-08-16,Malaysia,Budget,45-54
CUST104336,Kumar Tan,2024-10-11,Singapore,Mainstream,18-24
CUST104337,Nabila Tan,2026-03-04,Thailand,Premium,55+
CUST104338,Xin Yi Kaur,2026-04-04,Indonesia,Premium,55+
CUST104339,Divya Osman,2025-10-16,Singapore,Mainstream,25-34
CUST104340,Suresh Lim,2024-11-27,Singapore,Mainstream,45-54
CUST104341,Wei Ming Lim,2024-08-24,Singapore,Mainstream,25-34
CUST104342,Aina Chong,2025-03-04,Singapore,Budget,18-24
CUST104343,Hui Ling Binte Ismail,2025-03-13,Singapore,Premium,25-34
CUST104344,Ahmad Yusof,2026-02-09,Singapore,Mainstream,35-44
CUST104345,Priya Goh,2025-05-23,Indonesia,Budget,18-24
CUST104346,Nabila Chua,2026-03-17,Indonesia,Mainstream,25-34
CUST104347,Mei Ling Muthu,2025-07-01,Indonesia,Budget,55+
CUST104348,Ravi Kaur,2026-03-10,Malaysia,Mainstream,35-44
CUST104349,Farhan Osman,2026-06-04,Indonesia,Mainstream,45-54
CUST104350,Divya Bin Abdullah,2024-08-22,Indonesia,Budget,25-34
CUST104351,Nabila Lim,2024-10-15,Thailand,Budget,18-24
CUST104352,Aina Nair,2025-03-16,Indonesia,Mainstream,45-54
CUST104353,Divya Tan,2025-04-29,Indonesia,Budget,25-34
CUST104354,Mei Ling Muthu,2026-02-04,Indonesia,Premium,25-34
CUST104355,Siti Yusof,2025-06-07,Malaysia,Budget,55+
CUST104356,Suresh Goh,2025-01-29,Singapore,Budget,25-34
CUST104357,Ahmad Rahman,2025-07-01,Singapore,Budget,35-44
CUST104358,Aina Kaur,2026-01-05,Malaysia,Mainstream,35-44
CUST104359,Zhi Hao Chua,2025-10-16,Singapore,Mainstream,18-24
CUST104360,Ravi Binte Ismail,2024-11-23,Singapore,Mainstream,35-44
CUST104361,Xin Yi Chong,2026-01-25,Singapore,Premium,25-34
CUST104362,Chen Wei Nair,2024-08-27,Singapore,Mainstream,25-34
CUST104363,Suresh Goh,2025-01-24,Thailand,Budget,25-34
CUST104364,Nabila Chua,2024-10-18,Malaysia,Budget,25-34
CUST104365,Divya Lim,2025-07-23,Singapore,Premium,35-44
CUST104366,Jia Xin Kaur,2026-02-16,Malaysia,Budget,55+
CUST104367,Xin Yi Chong,2026-07-05,Singapore,Premium,45-54
CUST104368,Farhan Bin Abdullah,2025-07-04,Indonesia,Premium,25-34
CUST104369,Ravi Lee,2025-10-11,Malaysia,Mainstream,55+
CUST104370,Wei Ming Rahman,2026-05-08,Singapore,Mainstream,45-54
CUST104371,Suresh Lim,2024-09-20,Malaysia,Premium,18-24
CUST104372,Farhan Kaur,2024-08-20,Singapore,Mainstream,18-24
CUST104373,Hui Ling Bin Abdullah,2025-10-30,Indonesia,Mainstream,25-34
CUST104374,Chen Wei Chong,2025-03-29,Thailand,Budget,18-24
CUST104375,Siti Bin Abdullah,2025-10-01,Thailand,Mainstream,35-44
CUST104376,Farhan Yusof,2025-08-01,Singapore,Budget,25-34
CUST104377,Ravi Bin Abdullah,2025-04-30,Indonesia,Premium,55+
CUST104378,Ravi Muthu,2025-09-29,Indonesia,Mainstream,35-44
CUST104379,Siti Tan,2024-12-21,Thailand,Mainstream,25-34
CUST104380,Nabila Kaur,2026-03-13,Singapore,Budget,55+
CUST104381,Xin Yi Rahman,2025-03-29,Malaysia,Premium,35-44
CUST104382,Kumar Binte Ismail,2024-08-11,Singapore,Budget,18-24
CUST104383,Siti Kaur,2024-11-16,Singapore,Mainstream,18-24
CUST104384,Arif Osman,2026-06-26,Indonesia,Budget,35-44
CUST104385,Ahmad Muthu,2026-05-07,Malaysia,Premium,35-44
CUST104386,Ahmad Rahman,2025-04-27,Singapore,Mainstream,35-44
CUST104387,Ahmad Bin Abdullah,2024-09-23,Indonesia,Mainstream,45-54
CUST104388,Haziq Yusof,2024-11-20,Malaysia,Budget,35-44
CUST104389,Arif Chong,2024-10-08,Thailand,Budget,45-54
CUST104390,Ahmad Binte Ismail,2026-04-11,Indonesia,Budget,35-44
CUST104391,Arif Chua,2025-07-16,Thailand,Budget,35-44
CUST104392,Kumar Kaur,2025-02-15,Indonesia,Mainstream,18-24
CUST104393,Siti Nair,2025-04-29,Singapore,Mainstream,35-44
CUST104394,Wei Ming Wong,2025-01-08,Singapore,Budget,25-34
CUST104395,Ahmad Lee,2026-02-24,Thailand,Mainstream,35-44
CUST104396,Zhi Hao Bin Abdullah,2025-08-30,Singapore,Budget,25-34
CUST104397,Farhan Chua,2025-09-05,Malaysia,Budget,35-44
CUST104398,Priya Bin Abdullah,2024-09-11,Malaysia,Premium,25-34
CUST104399,Haziq Chua,2026-03-04,Singapore,Budget,35-44
CUST104400,Aina Chua,2025-12-03,Singapore,Mainstream,25-34
CUST104401,Xin Yi Chua,2026-07-13,Malaysia,Premium,45-54
CUST104402,Ahmad Tan,2026-04-10,Malaysia,Mainstream,25-34
CUST104403,Divya Rahman,2024-08-12,Indonesia,Mainstream,35-44
CUST104404,Xin Yi Kaur,2024-11-18,Singapore,Mainstream,35-44
CUST104405,Chen Wei Chong,2026-01-21,Malaysia,Mainstream,25-34
CUST104406,Divya Muthu,2025-03-04,Singapore,Mainstream,45-54
CUST104407,Mei Ling Wong,2025-05-23,Malaysia,Budget,55+
CUST104408,Jia Xin Muthu,2024-10-06,Singapore,Mainstream,45-54
CUST104409,Xin Yi Bin Abdullah,2025-12-22,Singapore,Premium,55+
CUST104410,Mei Ling Wong,2024-08-03,Indonesia,Mainstream,25-34
CUST104411,Zhi Hao Tan,2025-11-01,Singapore,Budget,55+
CUST104412,Ravi Chua,2025-02-21,Indonesia,Budget,45-54
CUST104413,Siti Bin Abdullah,2025-10-12,Singapore,Mainstream,45-54
CUST104414,Zhi Hao Binte Ismail,2025-03-26,Singapore,Budget,45-54
CUST104415,Chen Wei Chua,2025-11-27,Singapore,Mainstream,35-44
CUST104416,Nabila Chong,2024-11-21,Thailand,Mainstream,35-44
CUST104417,Chen Wei Tan,2025-04-20,Malaysia,Budget,35-44
CUST104418,Kumar Tan,2025-12-31,Singapore,Budget,25-34
CUST104419,Aina Kaur,2024-08-27,Malaysia,Premium,35-44
CUST104420,Kumar Rahman,2025-02-27,Malaysia,Premium,25-34
CUST104421,Zhi Hao Bin Abdullah,2025-09-20,Indonesia,Mainstream,35-44
CUST104422,Ahmad Nair,2026-04-21,Thailand,Premium,35-44
CUST104423,Siti Binte Ismail,2024-08-18,Malaysia,Premium,25-34
CUST104424,Jia Xin Chong,2025-01-24,Malaysia,Mainstream,18-24
CUST104425,Kumar Wong,2025-03-29,Singapore,Budget,25-34
CUST104426,Ahmad Bin Abdullah,2024-11-28,Thailand,Mainstream,35-44
CUST104427,Divya Bin Abdullah,2025-05-12,Malaysia,Mainstream,25-34
CUST104428,Arif Binte Ismail,2026-02-10,Singapore,Budget,18-24
CUST104429,Kumar Tan,2026-02-06,Thailand,Premium,25-34
CUST104430,Nabila Rahman,2026-06-02,Thailand,Budget,25-34
CUST104431,Haziq Muthu,2026-06-14,Malaysia,Premium,25-34
CUST104432,Haziq Osman,2025-02-13,Singapore,Mainstream,25-34
CUST104433,Arif Wong,2024-11-15,Indonesia,Budget,35-44
CUST104434,Ravi Chong,2026-04-01,Indonesia,Premium,35-44
CUST104435,Wei Ming Chong,2025-06-05,Malaysia,Mainstream,55+
CUST104436,Haziq Osman,2026-04-30,Singapore,Mainstream,18-24
CUST104437,Jia Xin Binte Ismail,2025-09-30,Singapore,Mainstream,25-34
CUST104438,Priya Rahman,2024-12-29,Singapore,Budget,18-24
CUST104439,Priya Rahman,2024-12-14,Singapore,Budget,35-44
CUST104440,Mei Ling Tan,2024-09-05,Indonesia,Budget,18-24
CUST104441,Kumar Rahman,2025-12-15,Singapore,Budget,25-34
CUST104442,Nur Aisyah Muthu,2024-09-05,Malaysia,Budget,35-44
CUST104443,Aina Muthu,2025-01-03,Indonesia,Mainstream,25-34
CUST104444,Divya Lim,2025-11-24,Malaysia,Budget,35-44
CUST104445,Chen Wei Lee,2025-12-02,Singapore,Mainstream,35-44
CUST104446,Aina Wong,2026-05-12,Thailand,Budget,45-54
CUST104447,Mei Ling Kaur,2024-09-25,Singapore,Budget,25-34
CUST104448,Kumar Chong,2026-03-03,Thailand,Premium,25-34
CUST104449,Ravi Tan,2026-01-15,Singapore,Premium,35-44
CUST104450,Arif Osman,2025-10-01,Malaysia,Mainstream,18-24
CUST104451,Divya Goh,2026-04-20,Malaysia,Budget,18-24
CUST104452,Zhi Hao Nair,2024-12-18,Malaysia,Mainstream,25-34
CUST104453,Suresh Nair,2025-03-07,Malaysia,Budget,25-34
CUST104454,Priya Kaur,2026-04-06,Singapore,Mainstream,18-24
CUST104455,Siti Wong,2026-04-02,Malaysia,Premium,35-44
CUST104456,Aina Bin Abdullah,2026-07-13,Singapore,Budget,45-54
CUST104457,Aina Chong,2024-09-04,Indonesia,Premium,18-24
CUST104458,Priya Tan,2025-09-14,Malaysia,Mainstream,35-44
CUST104459,Ravi Osman,2025-04-07,Malaysia,Budget,55+
CUST104460,Ravi Lee,2026-04-11,Singapore,Budget,25-34
CUST104461,Aina Lee,2026-02-11,Malaysia,Mainstream,35-44
CUST104462,Jia Xin Rahman,2025-06-29,Malaysia,Mainstream,25-34
CUST104463,Siti Goh,2026-02-27,Singapore,Budget,55+
CUST104464,Aina Bin Abdullah,2025-05-08,Indonesia,Budget,18-24
CUST104465,Suresh Bin Abdullah,2024-09-23,Singapore,Premium,25-34
CUST104466,Divya Bin Abdullah,2025-12-19,Singapore,Budget,55+
CUST104467,Jia Xin Nair,2025-05-12,Indonesia,Premium,35-44
CUST104468,Nabila Goh,2024-09-29,Singapore,Mainstream,25-34
CUST104469,Suresh Binte Ismail,2024-10-15,Singapore,Budget,45-54
CUST104470,Hui Ling Muthu,2026-07-24,Indonesia,Budget,45-54
CUST104471,Chen Wei Rahman,2026-05-10,Indonesia,Mainstream,35-44
CUST104472,Wei Ming Nair,2024-08-09,Singapore,Budget,25-34
CUST104473,Hui Ling Tan,2024-09-22,Singapore,Budget,25-34
CUST104474,Chen Wei Kaur,2025-12-07,Malaysia,Budget,55+
CUST104475,Arif Nair,2025-07-15,Malaysia,Premium,25-34
CUST104476,Jia Xin Chong,2025-06-06,Malaysia,Mainstream,25-34
CUST104477,Suresh Binte Ismail,2025-03-29,Malaysia,Mainstream,18-24
CUST104478,Zhi Hao Osman,2025-01-28,Indonesia,Budget,18-24
CUST104479,Farhan Goh,2025-10-30,Thailand,Mainstream,35-44
CUST104480,Farhan Lee,2024-10-18,Singapore,Mainstream,25-34
CUST104481,Suresh Nair,2026-06-16,Singapore,Budget,18-24
CUST104482,Suresh Chua,2026-07-06,Singapore,Premium,18-24
CUST104483,Ravi Binte Ismail,2024-08-29,Singapore,Premium,18-24
CUST104484,Jia Xin Osman,2026-03-22,Malaysia,Budget,18-24
CUST104485,Zhi Hao Rahman,2024-08-02,Thailand,Premium,25-34
CUST104486,Priya Chua,2026-01-02,Singapore,Mainstream,35-44
CUST104487,Nur Aisyah Lim,2025-11-05,Singapore,Mainstream,18-24
CUST104488,Xin Yi Rahman,2026-07-09,Malaysia,Budget,25-34
CUST104489,Xin Yi Chong,2024-09-08,Thailand,Premium,35-44
CUST104490,Nabila Kaur,2025-11-09,Singapore,Mainstream,35-44
CUST104491,Suresh Osman,2026-03-29,Indonesia,Mainstream,35-44
CUST104492,Siti Goh,2025-08-11,Indonesia,Budget,55+
CUST104493,Ravi Lim,2026-04-08,Malaysia,Budget,25-34
CUST104494,Wei Ming Rahman,2024-12-30,Malaysia,Premium,18-24
CUST104495,Wei Ming Wong,2026-06-06,Malaysia,Mainstream,18-24
CUST104496,Nabila Kaur,2025-07-30,Singapore,Budget,18-24
CUST104497,Wei Ming Kaur,2025-10-17,Malaysia,Mainstream,55+
CUST104498,Siti Osman,2026-07-02,Singapore,Budget,35-44
CUST104499,Hui Ling Chua,2026-06-21,Indonesia,Premium,45-54
CUST104500,Farhan Tan,2025-07-16,Indonesia,Premium,55+
CUST104501,Aina Lee,2025-10-14,Singapore,Budget,45-54
CUST104502,Xin Yi Nair,2026-04-26,Malaysia,Mainstream,25-34
CUST104503,Xin Yi Lee,2026-04-19,Singapore,Premium,45-54
CUST104504,Wei Ming Lim,2024-12-19,Singapore,Premium,25-34
CUST104505,Mei Ling Wong,2025-02-11,Indonesia,Mainstream,18-24
CUST104506,Xin Yi Lee,2025-05-12,Singapore,Mainstream,35-44
CUST104507,Suresh Bin Abdullah,2024-11-28,Indonesia,Mainstream,55+
CUST104508,Jia Xin Chua,2026-06-09,Singapore,Budget,45-54
CUST104509,Arif Rahman,2025-03-14,Indonesia,Mainstream,25-34
CUST104510,Xin Yi Chong,2025-01-26,Malaysia,Budget,45-54
CUST104511,Xin Yi Kaur,2026-03-05,Malaysia,Budget,25-34
CUST104512,Suresh Muthu,2025-07-03,Indonesia,Budget,35-44
CUST104513,Nabila Lim,2025-01-16,Malaysia,Premium,25-34
CUST104514,Divya Lim,2025-05-15,Singapore,Budget,25-34
CUST104515,Siti Rahman,2026-01-28,Thailand,Budget,25-34
CUST104516,Zhi Hao Lee,2025-03-31,Singapore,Budget,45-54
CUST104517,Suresh Rahman,2025-01-21,Singapore,Budget,55+
CUST104518,Zhi Hao Chua,2026-07-22,Malaysia,Premium,25-34
CUST104519,Nabila Binte Ismail,2025-06-10,Malaysia,Budget,25-34
CUST104520,Ravi Lim,2025-07-26,Malaysia,Budget,18-24
CUST104521,Ahmad Lee,2025-11-04,Indonesia,Premium,45-54
CUST104522,Nabila Chua,2026-06-27,Malaysia,Budget,35-44
CUST104523,Chen Wei Osman,2026-05-30,Singapore,Mainstream,35-44
CUST104524,Farhan Chua,2025-01-28,Singapore,Mainstream,18-24
CUST104525,Wei Ming Chong,2024-12-02,Singapore,Mainstream,18-24
CUST104526,Wei Ming Yusof,2025-09-26,Indonesia,Budget,55+
CUST104527,Nabila Yusof,2024-09-12,Singapore,Mainstream,35-44
CUST104528,Haziq Binte Ismail,2024-09-20,Malaysia,Mainstream,25-34
CUST104529,Nabila Chong,2025-03-30,Malaysia,Mainstream,25-34
CUST104530,Aina Chua,2025-05-31,Indonesia,Budget,25-34
CUST104531,Zhi Hao Rahman,2024-08-24,Singapore,Mainstream,18-24
CUST104532,Zhi Hao Nair,2025-05-10,Singapore,Mainstream,18-24
CUST104533,Suresh Kaur,2024-09-16,Thailand,Mainstream,35-44
CUST104534,Ahmad Kaur,2024-08-14,Malaysia,Premium,25-34
CUST104535,Arif Lim,2026-03-09,Malaysia,Premium,25-34
CUST104536,Wei Ming Nair,2025-04-03,Indonesia,Mainstream,35-44
CUST104537,Farhan Osman,2025-02-11,Thailand,Budget,25-34
CUST104538,Ravi Bin Abdullah,2024-12-08,Singapore,Budget,35-44
CUST104539,Arif Wong,2025-11-17,Thailand,Mainstream,45-54
CUST104540,Chen Wei Tan,2024-11-08,Singapore,Budget,25-34
CUST104541,Nur Aisyah Tan,2025-08-08,Thailand,Mainstream,45-54
CUST104542,Farhan Goh,2025-10-20,Singapore,Mainstream,25-34
CUST104543,Aina Kaur,2026-04-06,Singapore,Mainstream,25-34
CUST104544,Arif Wong,2025-12-07,Singapore,Budget,18-24
CUST104545,Ahmad Rahman,2024-08-17,Indonesia,Premium,35-44
CUST104546,Ravi Goh,2025-02-22,Thailand,Mainstream,25-34
CUST104547,Siti Binte Ismail,2025-02-14,Singapore,Mainstream,45-54
CUST104548,Arif Yusof,2024-10-14,Singapore,Mainstream,18-24
CUST104549,Mei Ling Rahman,2026-01-16,Singapore,Budget,35-44
CUST104550,Siti Lim,2025-04-03,Singapore,Mainstream,18-24
CUST104551,Mei Ling Yusof,2025-10-31,Indonesia,Budget,25-34
CUST104552,Siti Tan,2024-11-17,Singapore,Mainstream,35-44
CUST104553,Mei Ling Yusof,2025-09-24,Thailand,Budget,18-24
CUST104554,Priya Binte Ismail,2024-11-12,Thailand,Budget,25-34
CUST104555,Nur Aisyah Chua,2025-01-30,Singapore,Budget,35-44
CUST104556,Suresh Chua,2025-01-12,Malaysia,Budget,35-44
CUST104557,Ahmad Yusof,2024-09-22,Thailand,Premium,35-44
CUST104558,Jia Xin Tan,2024-12-29,Thailand,Mainstream,18-24
CUST104559,Jia Xin Yusof,2025-12-07,Indonesia,Budget,18-24
CUST104560,Zhi Hao Goh,2025-07-14,Singapore,Budget,25-34
CUST104561,Nabila Binte Ismail,2025-08-19,Singapore,Mainstream,25-34
CUST104562,Wei Ming Rahman,2026-06-12,Indonesia,Budget,25-34
CUST104563,Suresh Osman,2025-05-22,Malaysia,Mainstream,25-34
CUST104564,Hui Ling Bin Abdullah,2025-09-13,Indonesia,Budget,25-34
CUST104565,Divya Nair,2025-10-15,Indonesia,Mainstream,35-44
CUST104566,Nabila Chua,2026-05-10,Malaysia,Premium,18-24
CUST104567,Siti Tan,2025-07-26,Singapore,Budget,25-34
CUST104568,Zhi Hao Chong,2025-06-02,Malaysia,Premium,25-34
CUST104569,Chen Wei Chong,2026-05-13,Thailand,Premium,25-34
CUST104570,Ahmad Rahman,2025-04-22,Singapore,Premium,45-54
CUST104571,Hui Ling Muthu,2026-03-29,Singapore,Mainstream,25-34
CUST104572,Haziq Bin Abdullah,2026-04-15,Thailand,Premium,25-34
CUST104573,Ravi Wong,2025-10-10,Indonesia,Mainstream,45-54
CUST104574,Farhan Osman,2025-10-18,Malaysia,Premium,25-34
CUST104575,Haziq Bin Abdullah,2024-09-30,Indonesia,Budget,25-34
CUST104576,Priya Osman,2026-06-10,Malaysia,Mainstream,45-54
CUST104577,Chen Wei Lim,2025-11-16,Thailand,Mainstream,35-44
CUST104578,Haziq Kaur,2025-02-08,Thailand,Budget,55+
CUST104579,Divya Lim,2026-01-28,Singapore,Budget,45-54
CUST104580,Aina Yusof,2024-08-12,Malaysia,Budget,35-44
CUST104581,Aina Chua,2025-02-02,Singapore,Budget,25-34
CUST104582,Chen Wei Osman,2024-09-07,Indonesia,Budget,35-44
CUST104583,Ravi Goh,2024-09-05,Malaysia,Budget,18-24
CUST104584,Aina Yusof,2026-05-11,Malaysia,Budget,35-44
CUST104585,Ahmad Chua,2025-08-28,Thailand,Mainstream,55+
CUST104586,Hui Ling Kaur,2025-02-01,Malaysia,Budget,18-24
CUST104587,Farhan Muthu,2026-07-23,Indonesia,Budget,45-54
CUST104588,Hui Ling Nair,2025-09-03,Indonesia,Budget,35-44
CUST104589,Nur Aisyah Muthu,2025-03-14,Malaysia,Budget,25-34
CUST104590,Suresh Binte Ismail,2024-12-28,Singapore,Budget,45-54
CUST104591,Suresh Kaur,2025-09-30,Indonesia,Premium,35-44
CUST104592,Nabila Yusof,2024-11-06,Malaysia,Budget,25-34
CUST104593,Wei Ming Binte Ismail,2025-03-25,Singapore,Budget,35-44
CUST104594,Farhan Binte Ismail,2026-06-26,Indonesia,Mainstream,18-24
CUST104595,Arif Goh,2026-01-08,Malaysia,Premium,18-24
CUST104596,Suresh Lee,2024-09-13,Singapore,Mainstream,35-44
CUST104597,Siti Bin Abdullah,2026-07-28,Indonesia,Budget,45-54
CUST104598,Chen Wei Rahman,2026-05-12,Singapore,Mainstream,35-44
CUST104599,Wei Ming Wong,2025-11-20,Malaysia,Mainstream,45-54
CUST104600,Mei Ling Nair,2024-08-03,Malaysia,Budget,45-54
CUST104601,Priya Muthu,2025-03-02,Singapore,Premium,18-24
CUST104602,Zhi Hao Goh,2026-04-13,Malaysia,Premium,45-54
CUST104603,Jia Xin Nair,2025-10-16,Singapore,Mainstream,45-54
CUST104604,Jia Xin Yusof,2024-09-12,Singapore,Budget,25-34
CUST104605,Ravi Rahman,2026-02-20,Indonesia,Mainstream,25-34
CUST104606,Chen Wei Osman,2025-06-04,Singapore,Premium,35-44
CUST104607,Suresh Binte Ismail,2025-08-25,Thailand,Premium,55+
CUST104608,Ravi Lim,2025-01-20,Malaysia,Budget,55+
CUST104609,Arif Goh,2025-01-26,Singapore,Budget,35-44
CUST104610,Nur Aisyah Osman,2024-11-28,Thailand,Budget,45-54
CUST104611,Farhan Rahman,2026-05-03,Malaysia,Mainstream,25-34
CUST104612,Hui Ling Yusof,2025-09-01,Malaysia,Mainstream,45-54
CUST104613,Ravi Kaur,2025-03-12,Indonesia,Budget,35-44
CUST104614,Haziq Rahman,2025-09-27,Thailand,Budget,55+
CUST104615,Divya Rahman,2025-03-29,Singapore,Budget,55+
CUST104616,Divya Bin Abdullah,2025-04-21,Singapore,Premium,25-34
CUST104617,Mei Ling Chong,2025-11-01,Thailand,Budget,55+
CUST104618,Divya Lee,2026-05-17,Singapore,Budget,35-44
CUST104619,Zhi Hao Kaur,2024-08-20,Indonesia,Mainstream,25-34
CUST104620,Kumar Binte Ismail,2024-12-04,Malaysia,Mainstream,18-24
CUST104621,Zhi Hao Goh,2024-10-14,Malaysia,Mainstream,35-44
CUST104622,Xin Yi Nair,2025-12-23,Indonesia,Mainstream,25-34
CUST104623,Chen Wei Muthu,2025-12-11,Thailand,Budget,25-34
CUST104624,Ahmad Lim,2025-12-05,Singapore,Budget,35-44
CUST104625,Zhi Hao Nair,2026-07-07,Malaysia,Budget,18-24
CUST104626,Kumar Osman,2026-03-28,Indonesia,Mainstream,25-34
CUST104627,Suresh Rahman,2025-12-16,Singapore,Premium,45-54
CUST104628,Mei Ling Bin Abdullah,2024-08-08,Thailand,Budget,18-24
CUST104629,Nur Aisyah Binte Ismail,2026-03-02,Malaysia,Mainstream,35-44
CUST104630,Jia Xin Rahman,2025-07-24,Singapore,Mainstream,25-34
CUST104631,Nur Aisyah Lee,2025-06-25,Thailand,Premium,45-54
CUST104632,Zhi Hao Rahman,2025-11-09,Thailand,Mainstream,25-34
CUST104633,Ahmad Rahman,2024-09-27,Singapore,Budget,45-54
CUST104634,Ravi Nair,2026-05-22,Indonesia,Mainstream,35-44
CUST104635,Nabila Tan,2024-11-01,Singapore,Mainstream,45-54
CUST104636,Suresh Wong,2025-02-02,Singapore,Mainstream,35-44
CUST104637,Hui Ling Yusof,2025-12-18,Singapore,Premium,35-44
CUST104638,Nur Aisyah Bin Abdullah,2025-01-15,Thailand,Budget,18-24
CUST104639,Nabila Binte Ismail,2025-09-20,Singapore,Mainstream,35-44
CUST104640,Ahmad Binte Ismail,2024-08-20,Singapore,Budget,35-44
CUST104641,Arif Tan,2026-07-03,Indonesia,Budget,35-44
CUST104642,Wei Ming Kaur,2026-07-08,Malaysia,Budget,18-24
CUST104643,Farhan Tan,2025-06-27,Singapore,Budget,35-44
CUST104644,Priya Rahman,2024-09-18,Singapore,Budget,25-34
CUST104645,Divya Goh,2026-06-13,Indonesia,Mainstream,35-44
CUST104646,Aina Muthu,2025-01-08,Malaysia,Premium,35-44
CUST104647,Nur Aisyah Binte Ismail,2024-09-12,Indonesia,Budget,25-34
CUST104648,Xin Yi Rahman,2025-08-08,Singapore,Budget,35-44
CUST104649,Haziq Lee,2024-11-04,Malaysia,Budget,25-34
CUST104650,Siti Osman,2025-01-23,Indonesia,Budget,45-54
CUST104651,Divya Osman,2026-02-23,Singapore,Budget,45-54
CUST104652,Mei Ling Lim,2024-11-13,Singapore,Mainstream,25-34
CUST104653,Aina Lim,2025-03-06,Malaysia,Premium,25-34
CUST104654,Aina Lee,2026-07-20,Singapore,Mainstream,35-44
CUST104655,Xin Yi Muthu,2025-06-10,Singapore,Mainstream,45-54
CUST104656,Farhan Muthu,2025-04-08,Thailand,Mainstream,18-24
CUST104657,Arif Lim,2024-12-22,Malaysia,Budget,25-34
CUST104658,Nabila Chong,2025-01-12,Malaysia,Budget,25-34
CUST104659,Mei Ling Bin Abdullah,2025-08-16,Singapore,Budget,45-54
CUST104660,Kumar Yusof,2025-12-23,Malaysia,Budget,18-24
CUST104661,Haziq Muthu,2026-03-12,Malaysia,Premium,45-54
CUST104662,Farhan Lee,2026-05-26,Thailand,Mainstream,35-44
CUST104663,Nur Aisyah Lim,2025-04-18,Malaysia,Mainstream,45-54
CUST104664,Farhan Chong,2024-08-28,Indonesia,Budget,55+
CUST104665,Arif Lee,2026-06-01,Singapore,Budget,35-44
CUST104666,Zhi Hao Osman,2025-03-04,Malaysia,Premium,35-44
CUST104667,Chen Wei Wong,2025-05-29,Thailand,Budget,35-44
CUST104668,Jia Xin Muthu,2026-03-26,Malaysia,Mainstream,45-54
CUST104669,Aina Rahman,2026-02-24,Indonesia,Budget,35-44
CUST104670,Aina Bin Abdullah,2026-01-03,Thailand,Budget,18-24
CUST104671,Farhan Rahman,2025-03-16,Thailand,Budget,55+
CUST104672,Nabila Tan,2025-12-23,Singapore,Premium,18-24
CUST104673,Suresh Rahman,2024-12-02,Singapore,Budget,55+
CUST104674,Wei Ming Nair,2025-11-02,Malaysia,Mainstream,25-34
CUST104675,Aina Bin Abdullah,2026-05-11,Thailand,Budget,35-44
CUST104676,Wei Ming Lim,2026-05-21,Malaysia,Mainstream,55+
CUST104677,Farhan Lim,2025-10-10,Singapore,Mainstream,35-44
CUST104678,Ravi Lim,2025-10-05,Malaysia,Mainstream,35-44
CUST104679,Xin Yi Muthu,2025-02-09,Singapore,Budget,25-34
CUST104680,Ravi Goh,2025-08-14,Singapore,Budget,25-34
CUST104681,Chen Wei Tan,2026-04-01,Singapore,Premium,18-24
CUST104682,Priya Chua,2026-02-24,Singapore,Mainstream,35-44
CUST104683,Priya Chua,2025-06-11,Indonesia,Budget,25-34
CUST104684,Xin Yi Goh,2025-11-28,Singapore,Budget,25-34
CUST104685,Priya Wong,2025-03-26,Singapore,Budget,25-34
CUST104686,Wei Ming Rahman,2024-09-24,Malaysia,Mainstream,55+
CUST104687,Kumar Lee,2025-11-13,Singapore,Budget,45-54
CUST104688,Farhan Osman,2025-06-22,Malaysia,Budget,25-34
CUST104689,Xin Yi Yusof,2024-11-29,Singapore,Budget,55+
CUST104690,Wei Ming Kaur,2026-02-26,Singapore,Mainstream,25-34
CUST104691,Ravi Binte Ismail,2025-07-22,Indonesia,Premium,25-34
CUST104692,Farhan Yusof,2025-12-19,Singapore,Mainstream,25-34
CUST104693,Xin Yi Osman,2025-04-28,Singapore,Mainstream,45-54
CUST104694,Farhan Wong,2025-02-02,Singapore,Mainstream,25-34
CUST104695,Jia Xin Yusof,2026-04-18,Singapore,Budget,25-34
CUST104696,Farhan Lee,2026-03-15,Singapore,Mainstream,55+
CUST104697,Nur Aisyah Kaur,2026-07-13,Singapore,Budget,35-44
CUST104698,Siti Kaur,2026-07-21,Singapore,Budget,45-54
CUST104699,Suresh Chua,2026-06-22,Singapore,Mainstream,35-44
CUST104700,Mei Ling Goh,2025-03-01,Thailand,Budget,35-44
CUST104701,Nabila Lee,2024-10-08,Singapore,Mainstream,18-24
CUST104702,Xin Yi Wong,2025-10-03,Singapore,Mainstream,45-54
CUST104703,Suresh Wong,2024-10-23,Malaysia,Budget,25-34
CUST104704,Kumar Bin Abdullah,2025-02-12,Singapore,Budget,18-24
CUST104705,Haziq Rahman,2024-12-17,Indonesia,Mainstream,55+
CUST104706,Haziq Lim,2025-02-04,Singapore,Mainstream,18-24
CUST104707,Ahmad Lee,2026-03-06,Malaysia,Mainstream,18-24
CUST104708,Farhan Bin Abdullah,2025-07-12,Thailand,Budget,25-34
CUST104709,Hui Ling Wong,2025-07-11,Singapore,Mainstream,45-54
CUST104710,Mei Ling Chua,2025-04-17,Singapore,Budget,55+
CUST104711,Mei Ling Binte Ismail,2024-12-25,Malaysia,Budget,18-24
CUST104712,Kumar Nair,2026-05-08,Thailand,Mainstream,25-34
CUST104713,Farhan Muthu,2025-03-24,Malaysia,Budget,35-44
CUST104714,Farhan Chong,2024-11-28,Malaysia,Budget,35-44
CUST104715,Hui Ling Bin Abdullah,2026-05-06,Singapore,Budget,25-34
CUST104716,Suresh Wong,2025-09-30,Malaysia,Mainstream,25-34
CUST104717,Farhan Chong,2024-10-14,Singapore,Premium,35-44
CUST104718,Hui Ling Kaur,2026-07-12,Malaysia,Premium,18-24
CUST104719,Priya Bin Abdullah,2026-04-03,Singapore,Budget,45-54
CUST104720,Farhan Lee,2024-12-20,Malaysia,Mainstream,25-34
CUST104721,Nur Aisyah Chong,2026-03-26,Singapore,Mainstream,45-54
CUST104722,Ravi Rahman,2025-03-04,Indonesia,Budget,35-44
CUST104723,Nabila Nair,2024-10-10,Indonesia,Budget,35-44
CUST104724,Xin Yi Lim,2025-07-31,Indonesia,Budget,45-54
CUST104725,Xin Yi Wong,2025-08-10,Thailand,Mainstream,18-24
CUST104726,Ravi Osman,2025-09-20,Malaysia,Mainstream,25-34
CUST104727,Kumar Binte Ismail,2025-10-30,Indonesia,Budget,35-44
CUST104728,Hui Ling Nair,2025-10-25,Singapore,Budget,45-54
CUST104729,Xin Yi Lee,2025-06-20,Thailand,Mainstream,45-54
CUST104730,Nur Aisyah Rahman,2024-10-14,Malaysia,Mainstream,25-34
CUST104731,Farhan Muthu,2024-08-12,Malaysia,Budget,45-54
CUST104732,Arif Wong,2024-11-04,Malaysia,Budget,25-34
CUST104733,Zhi Hao Binte Ismail,2026-05-03,Indonesia,Premium,18-24
CUST104734,Suresh Muthu,2025-12-18,Indonesia,Mainstream,25-34
CUST104735,Jia Xin Chua,2025-01-23,Indonesia,Mainstream,45-54
CUST104736,Xin Yi Yusof,2025-06-26,Malaysia,Mainstream,35-44
CUST104737,Nur Aisyah Tan,2025-11-27,Malaysia,Premium,35-44
CUST104738,Priya Lim,2025-12-14,Thailand,Budget,35-44
CUST104739,Kumar Nair,2026-05-05,Malaysia,Budget,18-24
CUST104740,Divya Binte Ismail,2025-11-29,Malaysia,Budget,18-24
CUST104741,Wei Ming Binte Ismail,2025-09-24,Malaysia,Mainstream,18-24
CUST104742,Mei Ling Chua,2025-09-29,Malaysia,Budget,18-24
CUST104743,Jia Xin Rahman,2025-06-24,Indonesia,Budget,25-34
CUST104744,Divya Lim,2026-01-11,Malaysia,Budget,25-34
CUST104745,Siti Tan,2026-03-01,Thailand,Mainstream,45-54
CUST104746,Ahmad Lee,2024-10-20,Thailand,Mainstream,45-54
CUST104747,Divya Nair,2025-10-07,Malaysia,Budget,55+
CUST104748,Jia Xin Muthu,2026-01-25,Singapore,Budget,25-34
CUST104749,Chen Wei Lim,2025-04-21,Malaysia,Mainstream,35-44
CUST104750,Chen Wei Bin Abdullah,2025-06-29,Malaysia,Budget,18-24
CUST104751,Siti Kaur,2025-06-04,Malaysia,Mainstream,25-34
CUST104752,Wei Ming Wong,2026-02-18,Thailand,Budget,35-44
CUST104753,Nur Aisyah Kaur,2025-02-17,Singapore,Premium,25-34
CUST104754,Haziq Muthu,2026-03-11,Singapore,Budget,35-44
CUST104755,Siti Chong,2024-11-26,Thailand,Mainstream,45-54
CUST104756,Mei Ling Lee,2025-09-23,Thailand,Budget,18-24
CUST104757,Zhi Hao Goh,2025-10-04,Malaysia,Budget,55+
CUST104758,Farhan Tan,2025-10-19,Singapore,Mainstream,18-24
CUST104759,Chen Wei Muthu,2025-09-24,Malaysia,Mainstream,55+
CUST104760,Priya Kaur,2025-03-31,Malaysia,Mainstream,35-44
CUST104761,Suresh Kaur,2025-08-01,Malaysia,Mainstream,18-24
CUST104762,Mei Ling Muthu,2026-04-28,Singapore,Mainstream,25-34
CUST104763,Haziq Kaur,2025-06-11,Singapore,Premium,25-34
CUST104764,Nur Aisyah Lee,2026-01-16,Indonesia,Budget,45-54
CUST104765,Aina Rahman,2026-05-11,Malaysia,Premium,25-34
CUST104766,Ahmad Nair,2024-11-23,Indonesia,Budget,45-54
CUST104767,Hui Ling Chong,2025-12-13,Malaysia,Budget,25-34
CUST104768,Ravi Binte Ismail,2025-05-21,Singapore,Mainstream,55+
CUST104769,Ahmad Yusof,2026-03-26,Malaysia,Budget,25-34
CUST104770,Wei Ming Nair,2025-11-24,Thailand,Budget,35-44
CUST104771,Kumar Wong,2025-10-21,Malaysia,Budget,45-54
CUST104772,Zhi Hao Tan,2026-04-23,Malaysia,Mainstream,25-34
CUST104773,Wei Ming Lee,2024-08-18,Malaysia,Mainstream,18-24
CUST104774,Chen Wei Tan,2025-12-14,Thailand,Budget,35-44
CUST104775,Xin Yi Lim,2025-05-30,Malaysia,Budget,35-44
CUST104776,Mei Ling Lee,2025-06-12,Malaysia,Budget,45-54
CUST104777,Mei Ling Lim,2025-09-19,Indonesia,Budget,25-34
CUST104778,Xin Yi Rahman,2025-05-28,Singapore,Budget,45-54
CUST104779,Xin Yi Nair,2025-06-11,Malaysia,Budget,55+
CUST104780,Divya Rahman,2026-06-01,Malaysia,Mainstream,45-54
CUST104781,Aina Goh,2025-03-28,Thailand,Mainstream,18-24
CUST104782,Chen Wei Muthu,2026-05-07,Indonesia,Budget,18-24
CUST104783,Siti Chong,2025-09-15,Singapore,Budget,55+
CUST104784,Jia Xin Goh,2025-11-05,Indonesia,Budget,35-44
CUST104785,Nabila Muthu,2025-09-06,Indonesia,Budget,35-44
CUST104786,Nur Aisyah Rahman,2026-06-07,Malaysia,Budget,45-54
CUST104787,Ravi Chua,2025-03-04,Singapore,Premium,18-24
CUST104788,Jia Xin Bin Abdullah,2025-09-27,Singapore,Mainstream,45-54
CUST104789,Arif Yusof,2026-06-15,Malaysia,Mainstream,35-44
CUST104790,Mei Ling Kaur,2026-07-27,Malaysia,Budget,45-54
CUST104791,Haziq Tan,2025-06-30,Thailand,Mainstream,45-54
CUST104792,Xin Yi Rahman,2025-03-30,Singapore,Premium,35-44
CUST104793,Chen Wei Goh,2025-06-25,Malaysia,Budget,18-24
CUST104794,Ahmad Rahman,2025-02-19,Singapore,Mainstream,45-54
CUST104795,Siti Bin Abdullah,2025-01-23,Malaysia,Budget,45-54
CUST104796,Nabila Bin Abdullah,2024-10-31,Singapore,Mainstream,25-34
CUST104797,Farhan Kaur,2024-08-11,Malaysia,Budget,55+
CUST104798,Aina Osman,2024-10-22,Singapore,Mainstream,25-34
CUST104799,Divya Chua,2024-12-26,Malaysia,Budget,25-34
CUST104800,Divya Lee,2025-09-18,Singapore,Mainstream,55+
CUST104801,Nur Aisyah Binte Ismail,2025-07-27,Indonesia,Mainstream,35-44
CUST104802,Farhan Tan,2025-05-06,Singapore,Mainstream,45-54
CUST104803,Priya Lee,2026-03-28,Malaysia,Mainstream,45-54
CUST104804,Mei Ling Osman,2025-03-22,Malaysia,Budget,35-44
CUST104805,Nabila Yusof,2025-05-26,Singapore,Mainstream,25-34
CUST104806,Hui Ling Lee,2025-07-15,Singapore,Budget,45-54
CUST104807,Ravi Chong,2024-11-27,Singapore,Mainstream,35-44
CUST104808,Mei Ling Lee,2025-03-15,Malaysia,Budget,35-44
CUST104809,Farhan Chong,2024-09-17,Thailand,Mainstream,35-44
CUST104810,Nur Aisyah Kaur,2024-08-16,Singapore,Budget,18-24
CUST104811,Siti Yusof,2024-12-04,Indonesia,Premium,18-24
CUST104812,Suresh Kaur,2025-12-24,Indonesia,Mainstream,35-44
CUST104813,Jia Xin Goh,2026-03-14,Indonesia,Budget,45-54
CUST104814,Aina Lee,2025-12-23,Malaysia,Mainstream,25-34
CUST104815,Wei Ming Tan,2025-02-24,Thailand,Budget,25-34
CUST104816,Siti Binte Ismail,2024-11-06,Malaysia,Budget,25-34
CUST104817,Ravi Kaur,2024-10-25,Indonesia,Budget,45-54
CUST104818,Nabila Chong,2025-03-17,Singapore,Mainstream,18-24
CUST104819,Chen Wei Chong,2025-03-19,Indonesia,Premium,35-44
CUST104820,Jia Xin Yusof,2024-09-03,Thailand,Premium,35-44
CUST104821,Farhan Rahman,2025-03-16,Thailand,Budget,25-34
CUST104822,Mei Ling Nair,2026-04-18,Singapore,Budget,35-44
CUST104823,Jia Xin Yusof,2025-07-29,Indonesia,Mainstream,45-54
CUST104824,Nabila Lee,2025-11-10,Singapore,Budget,25-34
CUST104825,Kumar Lee,2025-04-21,Indonesia,Mainstream,18-24
CUST104826,Haziq Bin Abdullah,2025-04-21,Singapore,Premium,18-24
CUST104827,Nabila Lee,2025-12-27,Indonesia,Budget,35-44
CUST104828,Haziq Chua,2025-12-23,Malaysia,Budget,45-54
CUST104829,Xin Yi Muthu,2026-05-26,Singapore,Premium,35-44
CUST104830,Nur Aisyah Chong,2025-12-27,Singapore,Mainstream,55+
CUST104831,Hui Ling Rahman,2024-12-02,Singapore,Premium,35-44
CUST104832,Wei Ming Yusof,2025-04-07,Malaysia,Mainstream,25-34
CUST104833,Zhi Hao Chua,2024-09-09,Indonesia,Budget,25-34
CUST104834,Nur Aisyah Rahman,2024-09-21,Indonesia,Mainstream,35-44
CUST104835,Aina Osman,2024-11-11,Indonesia,Mainstream,35-44
CUST104836,Suresh Lim,2026-03-20,Indonesia,Premium,35-44
CUST104837,Farhan Tan,2025-11-28,Malaysia,Mainstream,35-44
CUST104838,Haziq Lim,2026-06-18,Malaysia,Mainstream,25-34
CUST104839,Haziq Bin Abdullah,2026-05-22,Malaysia,Budget,25-34
CUST104840,Wei Ming Muthu,2026-02-11,Singapore,Budget,35-44
CUST104841,Farhan Lee,2026-01-06,Malaysia,Premium,35-44
CUST104842,Zhi Hao Rahman,2026-07-18,Indonesia,Premium,45-54
CUST104843,Aina Lee,2024-11-21,Malaysia,Mainstream,25-34
CUST104844,Kumar Wong,2025-07-10,Indonesia,Premium,45-54
CUST104845,Wei Ming Rahman,2025-04-07,Singapore,Budget,25-34
CUST104846,Divya Bin Abdullah,2025-04-08,Indonesia,Mainstream,25-34
CUST104847,Arif Nair,2024-08-23,Singapore,Mainstream,45-54
CUST104848,Farhan Bin Abdullah,2026-04-13,Thailand,Mainstream,55+
CUST104849,Ravi Chua,2025-11-21,Singapore,Mainstream,55+
CUST104850,Wei Ming Binte Ismail,2025-12-16,Malaysia,Mainstream,18-24
CUST104851,Jia Xin Yusof,2025-06-22,Malaysia,Premium,25-34
CUST104852,Hui Ling Osman,2025-07-10,Singapore,Budget,45-54
CUST104853,Priya Lim,2024-12-30,Malaysia,Mainstream,45-54
CUST104854,Suresh Lim,2025-06-15,Singapore,Budget,35-44
CUST104855,Arif Goh,2026-02-09,Malaysia,Budget,18-24
CUST104856,Ahmad Lee,2025-06-12,Thailand,Mainstream,35-44
CUST104857,Aina Nair,2024-08-25,Singapore,Mainstream,18-24
CUST104858,Zhi Hao Tan,2025-06-02,Malaysia,Premium,25-34
CUST104859,Divya Rahman,2025-05-23,Thailand,Budget,35-44
CUST104860,Haziq Kaur,2026-03-23,Malaysia,Budget,18-24
CUST104861,Arif Muthu,2026-07-24,Indonesia,Mainstream,35-44
CUST104862,Kumar Rahman,2026-02-27,Malaysia,Premium,35-44
CUST104863,Chen Wei Chua,2026-07-11,Malaysia,Premium,25-34
CUST104864,Suresh Nair,2025-09-02,Singapore,Premium,25-34
CUST104865,Chen Wei Lim,2024-10-23,Singapore,Mainstream,55+
CUST104866,Divya Rahman,2025-09-06,Malaysia,Premium,35-44
CUST104867,Jia Xin Binte Ismail,2025-04-14,Indonesia,Budget,45-54
CUST104868,Siti Lee,2024-11-12,Singapore,Premium,25-34
CUST104869,Chen Wei Nair,2025-01-18,Thailand,Mainstream,35-44
CUST104870,Priya Lee,2025-04-11,Malaysia,Budget,55+
CUST104871,Ahmad Binte Ismail,2025-01-03,Malaysia,Mainstream,18-24
CUST104872,Ahmad Yusof,2026-01-06,Thailand,Mainstream,25-34
CUST104873,Siti Chong,2025-09-26,Thailand,Budget,55+
CUST104874,Ravi Kaur,2025-10-11,Malaysia,Budget,25-34
CUST104875,Kumar Chong,2024-12-24,Singapore,Mainstream,25-34
CUST104876,Xin Yi Binte Ismail,2025-10-04,Singapore,Premium,55+
CUST104877,Divya Yusof,2024-09-13,Singapore,Mainstream,18-24
CUST104878,Priya Wong,2026-03-15,Indonesia,Budget,35-44
CUST104879,Suresh Wong,2026-03-26,Singapore,Mainstream,45-54
CUST104880,Divya Bin Abdullah,2025-02-22,Indonesia,Budget,45-54
CUST104881,Chen Wei Chong,2025-01-18,Singapore,Budget,25-34
CUST104882,Xin Yi Nair,2025-03-21,Malaysia,Budget,18-24
CUST104883,Jia Xin Wong,2025-12-17,Malaysia,Mainstream,45-54
CUST104884,Ravi Osman,2026-07-23,Malaysia,Budget,45-54
CUST104885,Arif Osman,2025-12-07,Malaysia,Budget,25-34
CUST104886,Haziq Lim,2025-08-23,Thailand,Budget,25-34
CUST104887,Arif Yusof,2025-10-01,Thailand,Mainstream,35-44
CUST104888,Haziq Wong,2024-09-24,Indonesia,Budget,18-24
CUST104889,Zhi Hao Goh,2024-11-06,Singapore,Budget,45-54
CUST104890,Priya Binte Ismail,2025-01-10,Thailand,Mainstream,55+
CUST104891,Nabila Rahman,2026-07-13,Thailand,Mainstream,25-34
CUST104892,Mei Ling Lee,2026-04-27,Thailand,Mainstream,55+
CUST104893,Ahmad Rahman,2025-09-16,Malaysia,Mainstream,45-54
CUST104894,Aina Yusof,2025-05-02,Singapore,Mainstream,35-44
CUST104895,Siti Kaur,2025-03-20,Indonesia,Mainstream,55+
CUST104896,Hui Ling Binte Ismail,2025-12-25,Malaysia,Mainstream,25-34
CUST104897,Nabila Kaur,2026-05-10,Singapore,Mainstream,55+
CUST104898,Zhi Hao Muthu,2025-12-02,Malaysia,Budget,18-24
CUST104899,Ravi Chua,2024-12-28,Malaysia,Budget,35-44
CUST104900,Ravi Kaur,2024-08-08,Singapore,Budget,35-44
CUST104901,Zhi Hao Rahman,2024-09-10,Indonesia,Budget,18-24
CUST104902,Suresh Bin Abdullah,2025-05-22,Malaysia,Premium,35-44
CUST104903,Suresh Muthu,2026-05-24,Malaysia,Budget,35-44
CUST104904,Arif Yusof,2024-08-22,Singapore,Mainstream,25-34
CUST104905,Nabila Chong,2026-04-09,Thailand,Premium,35-44
CUST104906,Priya Muthu,2026-01-15,Malaysia,Mainstream,18-24
CUST104907,Ahmad Lim,2024-08-17,Malaysia,Budget,25-34
CUST104908,Siti Yusof,2025-07-27,Malaysia,Premium,25-34
CUST104909,Mei Ling Binte Ismail,2026-03-07,Malaysia,Budget,55+
CUST104910,Xin Yi Lim,2025-07-28,Indonesia,Budget,45-54
CUST104911,Siti Lee,2026-06-02,Singapore,Budget,35-44
CUST104912,Wei Ming Wong,2025-12-11,Thailand,Budget,35-44
CUST104913,Chen Wei Goh,2024-09-02,Singapore,Mainstream,35-44
CUST104914,Suresh Rahman,2025-12-24,Thailand,Budget,25-34
CUST104915,Hui Ling Osman,2024-10-16,Malaysia,Mainstream,18-24
CUST104916,Jia Xin Chua,2025-06-28,Singapore,Budget,35-44
CUST104917,Arif Yusof,2025-04-07,Malaysia,Premium,25-34
CUST104918,Divya Muthu,2025-03-03,Singapore,Budget,45-54
CUST104919,Arif Lee,2025-06-22,Thailand,Premium,25-34
CUST104920,Nabila Wong,2026-07-04,Indonesia,Budget,35-44
CUST104921,Aina Bin Abdullah,2024-09-26,Malaysia,Premium,25-34
CUST104922,Ravi Rahman,2025-08-17,Malaysia,Mainstream,35-44
CUST104923,Divya Muthu,2025-04-07,Thailand,Mainstream,55+
CUST104924,Aina Kaur,2025-06-20,Indonesia,Budget,25-34
CUST104925,Nur Aisyah Wong,2025-04-05,Malaysia,Mainstream,18-24
CUST104926,Haziq Binte Ismail,2025-11-13,Malaysia,Mainstream,35-44
CUST104927,Aina Kaur,2024-11-21,Singapore,Mainstream,18-24
CUST104928,Priya Yusof,2026-02-16,Indonesia,Mainstream,18-24
CUST104929,Jia Xin Rahman,2025-04-09,Malaysia,Premium,35-44
CUST104930,Ahmad Chua,2025-06-03,Indonesia,Premium,18-24
CUST104931,Suresh Nair,2025-07-27,Malaysia,Mainstream,18-24
CUST104932,Aina Chua,2026-07-13,Malaysia,Budget,25-34
CUST104933,Kumar Binte Ismail,2025-10-18,Malaysia,Budget,25-34
CUST104934,Mei Ling Nair,2026-06-25,Indonesia,Mainstream,55+
CUST104935,Zhi Hao Bin Abdullah,2025-07-27,Malaysia,Premium,25-34
CUST104936,Xin Yi Wong,2025-03-14,Thailand,Budget,25-34
CUST104937,Suresh Yusof,2025-07-13,Singapore,Budget,35-44
CUST104938,Nabila Nair,2025-01-23,Indonesia,Budget,45-54
CUST104939,Ahmad Bin Abdullah,2025-11-08,Thailand,Budget,25-34
CUST104940,Jia Xin Osman,2025-12-18,Indonesia,Premium,35-44
CUST104941,Jia Xin Tan,2025-09-05,Singapore,Mainstream,35-44
CUST104942,Siti Chong,2026-02-12,Indonesia,Budget,25-34
CUST104943,Zhi Hao Goh,2024-12-21,Singapore,Budget,18-24
CUST104944,Chen Wei Kaur,2024-12-15,Singapore,Budget,35-44
CUST104945,Divya Osman,2025-09-28,Indonesia,Mainstream,25-34
CUST104946,Wei Ming Chong,2024-12-28,Indonesia,Mainstream,25-34
CUST104947,Mei Ling Chua,2026-07-11,Singapore,Budget,35-44
CUST104948,Haziq Nair,2026-04-08,Thailand,Budget,25-34
CUST104949,Aina Yusof,2026-01-04,Malaysia,Premium,25-34
CUST104950,Divya Binte Ismail,2025-10-19,Thailand,Mainstream,25-34
CUST104951,Kumar Chua,2026-02-10,Indonesia,Mainstream,45-54
CUST104952,Zhi Hao Binte Ismail,2025-07-21,Thailand,Mainstream,45-54
CUST104953,Suresh Goh,2024-12-27,Indonesia,Premium,25-34
CUST104954,Zhi Hao Binte Ismail,2025-08-30,Thailand,Mainstream,25-34
CUST104955,Chen Wei Binte Ismail,2025-09-05,Malaysia,Premium,55+
CUST104956,Farhan Osman,2026-06-16,Singapore,Budget,35-44
CUST104957,Ahmad Binte Ismail,2026-01-06,Malaysia,Budget,35-44
CUST104958,Hui Ling Wong,2024-12-17,Indonesia,Budget,18-24
CUST104959,Aina Yusof,2024-12-15,Singapore,Premium,18-24
CUST104960,Siti Bin Abdullah,2026-05-14,Thailand,Mainstream,25-34
CUST104961,Ravi Bin Abdullah,2026-07-15,Singapore,Budget,45-54
CUST104962,Hui Ling Kaur,2024-11-30,Thailand,Premium,55+
CUST104963,Divya Binte Ismail,2026-03-24,Malaysia,Premium,25-34
CUST104964,Siti Binte Ismail,2025-06-05,Indonesia,Budget,35-44
CUST104965,Priya Tan,2024-12-03,Thailand,Mainstream,45-54
CUST104966,Wei Ming Wong,2025-01-01,Malaysia,Mainstream,45-54
CUST104967,Wei Ming Rahman,2025-06-23,Indonesia,Budget,25-34
CUST104968,Divya Tan,2025-10-28,Singapore,Mainstream,25-34
CUST104969,Zhi Hao Nair,2025-01-11,Indonesia,Budget,55+
CUST104970,Divya Nair,2025-03-09,Indonesia,Premium,25-34
CUST104971,Haziq Lim,2024-11-25,Singapore,Mainstream,25-34
CUST104972,Nur Aisyah Rahman,2025-07-19,Singapore,Premium,25-34
CUST104973,Aina Muthu,2024-09-10,Malaysia,Mainstream,35-44
CUST104974,Chen Wei Chong,2025-01-14,Singapore,Budget,18-24
CUST104975,Farhan Lee,2026-06-13,Indonesia,Budget,35-44
CUST104976,Hui Ling Lee,2025-12-27,Singapore,Mainstream,55+
CUST104977,Ahmad Binte Ismail,2024-12-23,Thailand,Budget,35-44
CUST104978,Xin Yi Osman,2026-05-06,Thailand,Mainstream,55+
CUST104979,Priya Muthu,2025-02-27,Thailand,Budget,45-54
CUST104980,Arif Muthu,2025-11-23,Malaysia,Budget,45-54
CUST104981,Xin Yi Binte Ismail,2026-02-28,Singapore,Mainstream,35-44
CUST104982,Aina Rahman,2025-06-30,Indonesia,Mainstream,45-54
CUST104983,Xin Yi Bin Abdullah,2024-09-17,Indonesia,Mainstream,35-44
CUST104984,Siti Rahman,2024-10-12,Thailand,Mainstream,25-34
CUST104985,Nur Aisyah Rahman,2025-10-07,Malaysia,Budget,55+
CUST104986,Zhi Hao Nair,2026-07-27,Singapore,Mainstream,35-44
CUST104987,Divya Bin Abdullah,2024-10-20,Thailand,Mainstream,45-54
CUST104988,Siti Muthu,2024-10-13,Indonesia,Mainstream,25-34
CUST104989,Kumar Lim,2025-05-14,Singapore,Budget,25-34
CUST104990,Mei Ling Tan,2025-04-27,Indonesia,Mainstream,45-54
CUST104991,Priya Osman,2025-07-10,Singapore,Budget,35-44
CUST104992,Kumar Yusof,2026-07-20,Malaysia,Mainstream,25-34
CUST104993,Mei Ling Wong,2026-04-04,Malaysia,Budget,45-54
CUST104994,Aina Chong,2026-04-16,Malaysia,Premium,35-44
CUST104995,Priya Binte Ismail,2024-09-30,Singapore,Mainstream,18-24
CUST104996,Chen Wei Bin Abdullah,2026-06-23,Singapore,Mainstream,35-44
CUST104997,Nabila Kaur,2025-06-18,Malaysia,Mainstream,18-24
CUST104998,Nabila Wong,2025-11-07,Singapore,Mainstream,35-44
CUST104999,Divya Nair,2026-07-25,Malaysia,Budget,25-34
CUST105000,Priya Binte Ismail,2024-09-26,Malaysia,Mainstream,25-34
CUST105001,Ahmad Nair,2026-07-16,Indonesia,Premium,55+
CUST105002,Kumar Chua,2024-11-12,Indonesia,Budget,18-24
CUST105003,Zhi Hao Bin Abdullah,2025-01-08,Singapore,Budget,45-54
CUST105004,Chen Wei Tan,2024-12-27,Singapore,Mainstream,35-44
CUST105005,Aina Lee,2026-04-02,Indonesia,Budget,25-34
CUST105006,Aina Chua,2024-10-24,Thailand,Mainstream,55+
CUST105007,Aina Nair,2025-05-18,Thailand,Mainstream,25-34
CUST105008,Haziq Yusof,2025-10-09,Thailand,Mainstream,35-44
CUST105009,Haziq Lee,2025-03-19,Malaysia,Budget,45-54
CUST105010,Siti Binte Ismail,2025-11-22,Thailand,Budget,45-54
CUST105011,Zhi Hao Kaur,2026-01-07,Malaysia,Premium,25-34
CUST105012,Hui Ling Binte Ismail,2025-12-31,Indonesia,Budget,45-54
CUST105013,Nabila Yusof,2025-06-09,Thailand,Mainstream,55+
CUST105014,Xin Yi Bin Abdullah,2025-05-17,Indonesia,Budget,35-44
CUST105015,Hui Ling Rahman,2026-02-04,Malaysia,Budget,35-44
CUST105016,Suresh Kaur,2026-01-31,Malaysia,Mainstream,25-34
CUST105017,Xin Yi Kaur,2024-09-07,Singapore,Budget,25-34
CUST105018,Mei Ling Nair,2025-07-19,Malaysia,Mainstream,25-34
CUST105019,Nabila Lee,2024-11-09,Indonesia,Mainstream,25-34
CUST105020,Divya Muthu,2025-11-30,Indonesia,Premium,35-44
CUST105021,Jia Xin Osman,2025-12-31,Singapore,Premium,25-34
CUST105022,Ahmad Muthu,2026-01-04,Indonesia,Budget,18-24
CUST105023,Mei Ling Nair,2025-07-08,Malaysia,Budget,25-34
CUST105024,Priya Nair,2025-01-07,Malaysia,Premium,18-24
CUST105025,Priya Nair,2025-07-29,Malaysia,Budget,35-44
CUST105026,Xin Yi Lee,2025-12-26,Malaysia,Budget,35-44
CUST105027,Farhan Rahman,2024-08-28,Indonesia,Budget,18-24
CUST105028,Ravi Chong,2025-06-07,Indonesia,Mainstream,25-34
CUST105029,Ahmad Tan,2025-10-15,Indonesia,Budget,18-24
CUST105030,Arif Tan,2026-07-22,Malaysia,Budget,35-44
CUST105031,Suresh Osman,2025-06-14,Indonesia,Mainstream,25-34
CUST105032,Hui Ling Tan,2025-05-02,Singapore,Mainstream,35-44
CUST105033,Xin Yi Kaur,2024-09-20,Malaysia,Budget,35-44
CUST105034,Priya Nair,2026-02-11,Malaysia,Mainstream,25-34
CUST105035,Siti Bin Abdullah,2026-04-02,Indonesia,Mainstream,18-24
CUST105036,Jia Xin Muthu,2024-07-30,Thailand,Budget,25-34
CUST105037,Xin Yi Bin Abdullah,2025-06-23,Singapore,Budget,25-34
CUST105038,Divya Muthu,2026-07-10,Indonesia,Budget,25-34
CUST105039,Nabila Chua,2026-05-13,Singapore,Budget,55+
CUST105040,Arif Binte Ismail,2025-08-16,Malaysia,Premium,25-34
CUST105041,Siti Bin Abdullah,2025-05-05,Indonesia,Budget,25-34
CUST105042,Nur Aisyah Rahman,2026-02-02,Indonesia,Premium,45-54
CUST105043,Divya Wong,2025-11-05,Thailand,Budget,55+
CUST105044,Farhan Binte Ismail,2025-02-07,Indonesia,Budget,25-34
CUST105045,Nur Aisyah Goh,2024-08-22,Singapore,Mainstream,35-44
CUST105046,Divya Binte Ismail,2025-08-05,Thailand,Mainstream,18-24
CUST105047,Haziq Osman,2025-09-29,Thailand,Budget,45-54
CUST105048,Nabila Bin Abdullah,2025-11-08,Malaysia,Budget,35-44
CUST105049,Zhi Hao Goh,2026-04-21,Singapore,Mainstream,35-44
CUST105050,Haziq Binte Ismail,2026-06-21,Singapore,Budget,25-34
CUST105051,Suresh Lee,2024-11-28,Indonesia,Mainstream,25-34
CUST105052,Mei Ling Chong,2026-07-02,Thailand,Mainstream,35-44
CUST105053,Xin Yi Lim,2024-12-07,Indonesia,Budget,18-24
CUST105054,Ahmad Osman,2026-01-30,Malaysia,Mainstream,35-44
CUST105055,Ahmad Rahman,2025-03-09,Singapore,Budget,18-24
CUST105056,Hui Ling Chong,2024-09-03,Malaysia,Premium,45-54
CUST105057,Ravi Chong,2025-01-29,Malaysia,Premium,25-34
CUST105058,Nabila Nair,2025-02-12,Singapore,Mainstream,45-54
CUST105059,Ahmad Tan,2026-01-17,Singapore,Premium,35-44
CUST105060,Divya Bin Abdullah,2025-05-19,Singapore,Mainstream,25-34
CUST105061,Ravi Bin Abdullah,2025-04-17,Singapore,Budget,25-34
CUST105062,Chen Wei Rahman,2025-09-22,Indonesia,Budget,35-44
CUST105063,Farhan Bin Abdullah,2026-07-02,Malaysia,Budget,25-34
CUST105064,Siti Muthu,2024-10-01,Malaysia,Mainstream,25-34
CUST105065,Kumar Kaur,2026-03-08,Malaysia,Mainstream,25-34
CUST105066,Nabila Nair,2024-08-18,Thailand,Mainstream,25-34
CUST105067,Wei Ming Wong,2024-09-17,Indonesia,Mainstream,45-54
CUST105068,Jia Xin Rahman,2026-07-16,Malaysia,Budget,25-34
CUST105069,Siti Kaur,2025-02-05,Indonesia,Budget,45-54
CUST105070,Jia Xin Rahman,2025-04-23,Indonesia,Budget,45-54
CUST105071,Farhan Wong,2026-02-11,Indonesia,Premium,35-44
CUST105072,Siti Lee,2024-12-13,Malaysia,Budget,18-24
CUST105073,Chen Wei Kaur,2026-05-09,Malaysia,Budget,35-44
CUST105074,Divya Goh,2026-01-29,Malaysia,Budget,45-54
CUST105075,Zhi Hao Binte Ismail,2024-09-05,Malaysia,Premium,25-34
CUST105076,Jia Xin Kaur,2025-02-02,Singapore,Budget,25-34
CUST105077,Mei Ling Bin Abdullah,2026-05-09,Malaysia,Mainstream,25-34
CUST105078,Arif Wong,2026-04-15,Malaysia,Budget,25-34
CUST105079,Chen Wei Yusof,2026-01-23,Malaysia,Budget,18-24
CUST105080,Haziq Bin Abdullah,2026-06-08,Malaysia,Mainstream,25-34
CUST105081,Farhan Chong,2026-03-18,Singapore,Mainstream,35-44
CUST105082,Farhan Lee,2025-06-07,Singapore,Mainstream,35-44
CUST105083,Jia Xin Tan,2026-07-24,Malaysia,Budget,25-34
CUST105084,Suresh Muthu,2026-01-01,Indonesia,Premium,55+
CUST105085,Hui Ling Lee,2025-12-12,Singapore,Mainstream,25-34
CUST105086,Ahmad Chua,2024-08-20,Singapore,Premium,18-24
CUST105087,Nabila Lee,2024-08-17,Singapore,Budget,25-34
CUST105088,Ravi Goh,2024-11-19,Malaysia,Budget,25-34
CUST105089,Haziq Rahman,2025-11-22,Singapore,Budget,35-44
CUST105090,Haziq Lee,2025-07-10,Malaysia,Mainstream,18-24
CUST105091,Wei Ming Chua,2025-07-26,Malaysia,Mainstream,45-54
CUST105092,Haziq Wong,2024-11-09,Thailand,Mainstream,45-54
CUST105093,Mei Ling Wong,2025-01-31,Indonesia,Budget,25-34
CUST105094,Arif Goh,2024-10-06,Singapore,Budget,45-54
CUST105095,Wei Ming Chong,2025-06-22,Malaysia,Budget,35-44
CUST105096,Wei Ming Yusof,2024-09-26,Indonesia,Mainstream,45-54
CUST105097,Chen Wei Nair,2025-02-02,Singapore,Budget,25-34
CUST105098,Zhi Hao Osman,2025-02-05,Thailand,Budget,35-44
CUST105099,Nabila Osman,2025-04-03,Malaysia,Budget,18-24
CUST105100,Siti Chong,2025-11-26,Singapore,Budget,18-24
CUST105101,Haziq Rahman,2025-05-11,Singapore,Premium,45-54
CUST105102,Aina Tan,2025-11-11,Thailand,Budget,25-34
CUST105103,Suresh Nair,2025-04-11,Thailand,Premium,25-34
CUST105104,Ravi Osman,2026-01-25,Thailand,Mainstream,25-34
CUST105105,Siti Lee,2024-12-23,Singapore,Mainstream,45-54
CUST105106,Suresh Bin Abdullah,2025-06-07,Indonesia,Mainstream,25-34
CUST105107,Haziq Rahman,2025-02-26,Singapore,Mainstream,25-34
CUST105108,Divya Kaur,2026-02-18,Malaysia,Mainstream,35-44
CUST105109,Aina Osman,2024-12-29,Indonesia,Budget,25-34
CUST105110,Priya Bin Abdullah,2024-12-21,Thailand,Premium,25-34
CUST105111,Farhan Nair,2026-04-14,Malaysia,Budget,35-44
CUST105112,Xin Yi Chua,2025-11-16,Malaysia,Budget,55+
CUST105113,Priya Goh,2025-03-22,Singapore,Budget,45-54
CUST105114,Hui Ling Lim,2024-10-30,Malaysia,Mainstream,18-24
CUST105115,Wei Ming Muthu,2025-02-06,Singapore,Budget,25-34
CUST105116,Nur Aisyah Nair,2025-08-19,Thailand,Budget,45-54
CUST105117,Haziq Chua,2025-12-23,Singapore,Budget,25-34
CUST105118,Chen Wei Tan,2024-10-03,Indonesia,Budget,35-44
CUST105119,Farhan Kaur,2024-10-29,Singapore,Budget,35-44
CUST105120,Aina Nair,2024-10-13,Malaysia,Premium,45-54
CUST105121,Divya Rahman,2025-12-19,Singapore,Budget,25-34
CUST105122,Arif Lee,2025-09-14,Malaysia,Premium,55+
CUST105123,Kumar Chong,2026-02-02,Malaysia,Mainstream,25-34
CUST105124,Xin Yi Chong,2024-09-01,Malaysia,Mainstream,35-44
CUST105125,Divya Tan,2024-11-04,Thailand,Premium,25-34
CUST105126,Zhi Hao Lee,2026-03-25,Singapore,Budget,35-44
CUST105127,Arif Binte Ismail,2026-01-30,Malaysia,Mainstream,25-34
CUST105128,Xin Yi Muthu,2025-06-22,Thailand,Budget,18-24
CUST105129,Ahmad Goh,2025-09-29,Singapore,Budget,25-34
CUST105130,Nur Aisyah Rahman,2025-08-28,Thailand,Budget,25-34
CUST105131,Chen Wei Bin Abdullah,2025-11-03,Thailand,Mainstream,55+
CUST105132,Aina Binte Ismail,2025-03-25,Indonesia,Mainstream,45-54
CUST105133,Priya Kaur,2024-10-12,Malaysia,Budget,35-44
CUST105134,Jia Xin Muthu,2024-09-28,Indonesia,Mainstream,25-34
CUST105135,Nabila Kaur,2025-08-31,Malaysia,Budget,25-34
CUST105136,Ahmad Tan,2024-12-02,Malaysia,Budget,25-34
CUST105137,Siti Tan,2025-03-10,Thailand,Budget,25-34
CUST105138,Suresh Binte Ismail,2026-03-08,Singapore,Mainstream,35-44
CUST105139,Priya Osman,2024-12-27,Indonesia,Mainstream,45-54
CUST105140,Ravi Nair,2025-11-16,Malaysia,Budget,25-34
CUST105141,Wei Ming Chong,2025-04-27,Singapore,Budget,18-24
CUST105142,Divya Rahman,2025-02-18,Malaysia,Mainstream,18-24
CUST105143,Ravi Muthu,2024-09-09,Indonesia,Mainstream,25-34
CUST105144,Kumar Rahman,2024-09-05,Malaysia,Budget,18-24
CUST105145,Priya Osman,2024-12-21,Indonesia,Mainstream,25-34
CUST105146,Hui Ling Muthu,2025-07-25,Malaysia,Mainstream,18-24
CUST105147,Xin Yi Kaur,2025-10-10,Thailand,Mainstream,18-24
CUST105148,Divya Muthu,2025-09-10,Malaysia,Budget,35-44
CUST105149,Xin Yi Rahman,2024-09-03,Indonesia,Premium,55+
CUST105150,Hui Ling Nair,2026-03-02,Singapore,Mainstream,25-34
CUST105151,Arif Lim,2025-07-12,Malaysia,Budget,25-34
CUST105152,Nabila Kaur,2025-03-20,Thailand,Premium,25-34
CUST105153,Aina Binte Ismail,2026-07-13,Singapore,Mainstream,45-54
CUST105154,Arif Tan,2025-04-22,Malaysia,Mainstream,35-44
CUST105155,Jia Xin Tan,2026-01-21,Indonesia,Mainstream,35-44
CUST105156,Farhan Rahman,2026-01-06,Indonesia,Budget,35-44
CUST105157,Ahmad Chong,2025-05-02,Thailand,Mainstream,55+
CUST105158,Priya Lee,2026-07-23,Indonesia,Budget,18-24
CUST105159,Hui Ling Rahman,2026-04-06,Thailand,Premium,25-34
CUST105160,Nabila Goh,2025-08-31,Malaysia,Budget,25-34
CUST105161,Mei Ling Goh,2025-05-29,Malaysia,Budget,35-44
CUST105162,Ahmad Lim,2026-05-11,Indonesia,Budget,18-24
CUST105163,Suresh Lee,2025-11-08,Indonesia,Mainstream,45-54
CUST105164,Zhi Hao Nair,2025-12-17,Singapore,Mainstream,35-44
CUST105165,Priya Chua,2025-07-04,Malaysia,Mainstream,55+
CUST105166,Ahmad Wong,2025-12-22,Malaysia,Budget,55+
CUST105167,Kumar Chua,2026-07-28,Indonesia,Budget,35-44
CUST105168,Siti Lim,2025-07-08,Malaysia,Mainstream,45-54
CUST105169,Suresh Rahman,2024-11-17,Indonesia,Budget,35-44
CUST105170,Zhi Hao Yusof,2025-05-29,Indonesia,Mainstream,25-34
CUST105171,Haziq Nair,2025-11-07,Singapore,Premium,35-44
CUST105172,Ravi Osman,2025-08-11,Malaysia,Mainstream,55+
CUST105173,Chen Wei Tan,2026-04-18,Malaysia,Budget,45-54
CUST105174,Ravi Bin Abdullah,2026-02-07,Singapore,Mainstream,35-44
CUST105175,Suresh Tan,2025-09-13,Malaysia,Premium,25-34
CUST105176,Siti Bin Abdullah,2025-05-23,Malaysia,Mainstream,45-54
CUST105177,Zhi Hao Tan,2025-08-09,Indonesia,Mainstream,25-34
CUST105178,Wei Ming Kaur,2024-08-26,Malaysia,Budget,35-44
CUST105179,Nabila Kaur,2025-04-20,Singapore,Mainstream,35-44
CUST105180,Farhan Nair,2026-07-13,Malaysia,Budget,35-44
CUST105181,Divya Wong,2025-07-12,Indonesia,Mainstream,25-34
CUST105182,Divya Tan,2025-05-30,Malaysia,Premium,35-44
CUST105183,Siti Yusof,2026-06-28,Singapore,Premium,25-34
CUST105184,Priya Tan,2025-10-21,Thailand,Budget,25-34
CUST105185,Arif Osman,2024-10-31,Singapore,Mainstream,18-24
CUST105186,Priya Tan,2025-11-11,Singapore,Budget,35-44
CUST105187,Ravi Kaur,2025-08-30,Malaysia,Mainstream,18-24
CUST105188,Mei Ling Muthu,2026-02-18,Indonesia,Mainstream,25-34
CUST105189,Priya Chong,2026-06-03,Indonesia,Mainstream,45-54
CUST105190,Ravi Nair,2025-12-09,Singapore,Budget,25-34
CUST105191,Siti Yusof,2025-01-11,Indonesia,Mainstream,45-54
CUST105192,Ravi Lim,2024-08-11,Indonesia,Mainstream,35-44
CUST105193,Nur Aisyah Yusof,2025-04-04,Thailand,Mainstream,25-34
CUST105194,Arif Muthu,2024-11-30,Thailand,Mainstream,45-54
CUST105195,Arif Goh,2025-04-11,Indonesia,Mainstream,25-34
CUST105196,Aina Lee,2025-04-05,Singapore,Budget,55+
CUST105197,Kumar Wong,2025-09-21,Singapore,Budget,25-34
CUST105198,Ravi Chua,2026-06-15,Thailand,Mainstream,45-54
CUST105199,Siti Chong,2025-10-03,Malaysia,Mainstream,35-44
CUST105200,Nabila Binte Ismail,2024-11-05,Malaysia,Budget,45-54
CUST105201,Aina Bin Abdullah,2025-07-03,Thailand,Budget,25-34
CUST105202,Haziq Bin Abdullah,2025-01-19,Thailand,Premium,35-44
CUST105203,Kumar Lee,2026-06-23,Indonesia,Premium,18-24
CUST105204,Jia Xin Bin Abdullah,2026-03-05,Thailand,Mainstream,45-54
CUST105205,Zhi Hao Tan,2025-12-23,Singapore,Mainstream,25-34
CUST105206,Nabila Tan,2025-11-09,Indonesia,Premium,25-34
CUST105207,Priya Muthu,2024-08-07,Thailand,Mainstream,35-44
CUST105208,Nur Aisyah Lim,2025-08-26,Singapore,Budget,35-44
CUST105209,Ravi Lim,2025-04-02,Singapore,Mainstream,45-54
CUST105210,Suresh Lee,2025-04-15,Indonesia,Premium,35-44
CUST105211,Suresh Binte Ismail,2025-09-27,Malaysia,Mainstream,18-24
CUST105212,Arif Goh,2024-08-23,Singapore,Budget,45-54
CUST105213,Xin Yi Muthu,2026-02-17,Singapore,Premium,25-34
CUST105214,Priya Lee,2026-07-04,Singapore,Mainstream,35-44
CUST105215,Divya Lee,2025-01-31,Singapore,Budget,25-34
CUST105216,Siti Wong,2025-04-08,Thailand,Premium,25-34
CUST105217,Zhi Hao Tan,2026-01-20,Indonesia,Mainstream,45-54
CUST105218,Priya Rahman,2024-11-03,Indonesia,Mainstream,55+
CUST105219,Hui Ling Lim,2026-04-02,Singapore,Premium,55+
CUST105220,Mei Ling Lim,2026-01-27,Malaysia,Budget,35-44
CUST105221,Priya Chong,2026-04-08,Singapore,Mainstream,18-24
CUST105222,Suresh Lim,2026-03-16,Thailand,Budget,25-34
CUST105223,Farhan Lim,2025-02-12,Thailand,Premium,25-34
CUST105224,Farhan Kaur,2025-03-03,Malaysia,Premium,35-44
CUST105225,Xin Yi Lee,2025-04-16,Thailand,Mainstream,25-34
CUST105226,Chen Wei Bin Abdullah,2024-11-08,Singapore,Mainstream,55+
CUST105227,Hui Ling Tan,2026-06-09,Singapore,Mainstream,25-34
CUST105228,Jia Xin Bin Abdullah,2025-05-03,Indonesia,Budget,18-24
CUST105229,Hui Ling Binte Ismail,2026-05-07,Malaysia,Budget,45-54
CUST105230,Nabila Osman,2024-08-31,Thailand,Budget,25-34
CUST105231,Wei Ming Muthu,2025-04-23,Singapore,Mainstream,18-24
CUST105232,Siti Lee,2025-01-21,Indonesia,Mainstream,35-44
CUST105233,Priya Lee,2025-06-08,Singapore,Mainstream,55+
CUST105234,Xin Yi Yusof,2025-10-22,Singapore,Budget,25-34
CUST105235,Divya Nair,2025-03-16,Malaysia,Mainstream,25-34
CUST105236,Ravi Bin Abdullah,2024-11-26,Thailand,Mainstream,25-34
CUST105237,Jia Xin Lim,2026-03-22,Malaysia,Premium,35-44
CUST105238,Ravi Lee,2024-10-31,Malaysia,Premium,25-34
CUST105239,Zhi Hao Chong,2025-02-14,Singapore,Mainstream,35-44
CUST105240,Kumar Bin Abdullah,2026-05-28,Singapore,Mainstream,35-44
CUST105241,Nabila Rahman,2024-09-14,Singapore,Budget,55+
CUST105242,Arif Rahman,2026-03-20,Indonesia,Budget,35-44
CUST105243,Chen Wei Binte Ismail,2025-05-17,Singapore,Mainstream,35-44
CUST105244,Nabila Lee,2026-04-26,Singapore,Mainstream,35-44
CUST105245,Suresh Nair,2026-03-08,Malaysia,Budget,25-34
CUST105246,Wei Ming Kaur,2025-04-16,Malaysia,Budget,25-34
CUST105247,Farhan Binte Ismail,2025-03-20,Malaysia,Mainstream,35-44
CUST105248,Ahmad Lim,2025-03-15,Singapore,Budget,25-34
CUST105249,Aina Osman,2025-11-21,Malaysia,Budget,18-24
CUST105250,Hui Ling Kaur,2024-12-08,Indonesia,Mainstream,25-34
CUST105251,Aina Tan,2026-06-24,Singapore,Premium,18-24
CUST105252,Jia Xin Binte Ismail,2024-11-13,Indonesia,Budget,25-34
CUST105253,Wei Ming Osman,2025-12-21,Singapore,Budget,35-44
CUST105254,Farhan Chua,2025-05-02,Thailand,Budget,45-54
CUST105255,Divya Muthu,2024-10-06,Thailand,Budget,25-34
CUST105256,Nabila Nair,2026-01-24,Singapore,Mainstream,45-54
CUST105257,Jia Xin Lee,2025-10-02,Malaysia,Budget,18-24
CUST105258,Haziq Lee,2024-12-02,Malaysia,Budget,55+
CUST105259,Ahmad Bin Abdullah,2024-11-05,Indonesia,Premium,35-44
CUST105260,Nabila Nair,2026-02-08,Malaysia,Mainstream,35-44
CUST105261,Priya Chong,2025-07-23,Malaysia,Budget,35-44
CUST105262,Farhan Bin Abdullah,2025-11-28,Singapore,Budget,35-44
CUST105263,Suresh Muthu,2025-07-17,Singapore,Mainstream,25-34
CUST105264,Haziq Wong,2025-10-26,Indonesia,Mainstream,25-34
CUST105265,Kumar Tan,2026-07-26,Malaysia,Premium,55+
CUST105266,Ravi Rahman,2024-09-23,Indonesia,Budget,45-54
CUST105267,Suresh Muthu,2025-04-20,Indonesia,Mainstream,35-44
CUST105268,Arif Muthu,2025-08-26,Malaysia,Budget,45-54
CUST105269,Arif Kaur,2026-05-12,Malaysia,Budget,18-24
CUST105270,Mei Ling Goh,2026-06-07,Thailand,Mainstream,35-44
CUST105271,Aina Muthu,2025-08-14,Indonesia,Mainstream,25-34
CUST105272,Divya Osman,2025-04-12,Thailand,Budget,25-34
CUST105273,Suresh Osman,2026-01-20,Thailand,Budget,55+
CUST105274,Farhan Wong,2025-02-01,Malaysia,Mainstream,45-54
CUST105275,Nabila Chua,2025-10-16,Indonesia,Budget,45-54
CUST105276,Chen Wei Chong,2026-07-21,Indonesia,Budget,35-44
CUST105277,Chen Wei Yusof,2025-07-02,Singapore,Budget,25-34
CUST105278,Ravi Bin Abdullah,2026-03-19,Malaysia,Budget,45-54
CUST105279,Divya Yusof,2026-07-19,Malaysia,Mainstream,18-24
CUST105280,Xin Yi Goh,2026-04-26,Malaysia,Budget,45-54
CUST105281,Priya Rahman,2026-01-03,Singapore,Mainstream,18-24
CUST105282,Nabila Goh,2025-07-19,Indonesia,Mainstream,45-54
CUST105283,Nur Aisyah Wong,2024-08-06,Indonesia,Budget,35-44
CUST105284,Chen Wei Bin Abdullah,2026-02-20,Malaysia,Mainstream,18-24
CUST105285,Xin Yi Lim,2026-06-18,Singapore,Budget,18-24
CUST105286,Nur Aisyah Chua,2026-03-12,Malaysia,Mainstream,25-34
CUST105287,Zhi Hao Chong,2025-12-08,Singapore,Mainstream,25-34
CUST105288,Suresh Rahman,2026-03-02,Singapore,Mainstream,45-54
CUST105289,Ahmad Nair,2025-12-07,Malaysia,Budget,25-34
CUST105290,Ravi Rahman,2024-08-21,Thailand,Mainstream,25-34
CUST105291,Zhi Hao Lee,2025-10-26,Malaysia,Mainstream,25-34
CUST105292,Ahmad Osman,2025-04-22,Malaysia,Budget,18-24
CUST105293,Jia Xin Yusof,2025-03-17,Thailand,Budget,25-34
CUST105294,Chen Wei Chua,2026-04-25,Malaysia,Budget,45-54
CUST105295,Nabila Chong,2026-01-30,Thailand,Budget,35-44
CUST105296,Kumar Goh,2025-09-29,Singapore,Budget,55+
CUST105297,Zhi Hao Binte Ismail,2025-08-28,Malaysia,Premium,25-34
CUST105298,Priya Binte Ismail,2026-07-20,Singapore,Premium,25-34
CUST105299,Haziq Lim,2025-04-15,Malaysia,Budget,18-24
CUST105300,Ravi Chong,2025-12-22,Thailand,Premium,35-44
CUST105301,Hui Ling Nair,2025-12-06,Indonesia,Mainstream,18-24
CUST105302,Xin Yi Yusof,2025-05-15,Malaysia,Mainstream,18-24
CUST105303,Ahmad Wong,2024-09-05,Singapore,Premium,35-44
CUST105304,Nur Aisyah Tan,2024-11-05,Thailand,Mainstream,25-34
CUST105305,Jia Xin Nair,2024-08-13,Malaysia,Mainstream,35-44
CUST105306,Wei Ming Goh,2025-10-01,Singapore,Budget,35-44
CUST105307,Divya Rahman,2026-05-03,Thailand,Budget,35-44
CUST105308,Nabila Bin Abdullah,2026-02-22,Malaysia,Premium,25-34
CUST105309,Nabila Rahman,2025-11-21,Malaysia,Budget,35-44
CUST105310,Jia Xin Lee,2025-12-22,Singapore,Budget,25-34
CUST105311,Nabila Binte Ismail,2026-02-28,Singapore,Budget,18-24
CUST105312,Nabila Wong,2026-04-10,Indonesia,Mainstream,25-34
CUST105313,Kumar Nair,2026-03-15,Malaysia,Budget,18-24
CUST105314,Aina Wong,2025-04-05,Thailand,Premium,25-34
CUST105315,Arif Wong,2025-08-05,Singapore,Budget,35-44
CUST105316,Ahmad Tan,2026-07-02,Malaysia,Premium,45-54
CUST105317,Hui Ling Muthu,2025-06-13,Indonesia,Mainstream,25-34
CUST105318,Wei Ming Lee,2024-11-22,Malaysia,Mainstream,18-24
CUST105319,Xin Yi Rahman,2025-09-22,Malaysia,Budget,25-34
CUST105320,Mei Ling Lim,2025-12-09,Malaysia,Budget,55+
CUST105321,Xin Yi Nair,2026-01-12,Indonesia,Premium,25-34
CUST105322,Suresh Osman,2025-10-26,Thailand,Mainstream,25-34
CUST105323,Jia Xin Tan,2026-01-07,Singapore,Budget,18-24
CUST105324,Priya Bin Abdullah,2024-09-23,Malaysia,Premium,45-54
CUST105325,Ahmad Bin Abdullah,2024-08-04,Malaysia,Mainstream,25-34
CUST105326,Chen Wei Nair,2025-11-21,Singapore,Budget,18-24
CUST105327,Kumar Muthu,2024-09-23,Singapore,Mainstream,35-44
CUST105328,Xin Yi Lee,2024-11-13,Thailand,Mainstream,35-44
CUST105329,Arif Wong,2026-06-04,Singapore,Mainstream,35-44
CUST105330,Divya Chua,2025-08-05,Singapore,Budget,55+
CUST105331,Kumar Chua,2025-04-06,Malaysia,Budget,45-54
CUST105332,Kumar Binte Ismail,2025-09-24,Singapore,Budget,35-44
CUST105333,Farhan Bin Abdullah,2025-08-30,Singapore,Budget,55+
CUST105334,Farhan Wong,2025-08-03,Singapore,Budget,45-54
CUST105335,Kumar Chua,2025-03-14,Singapore,Mainstream,25-34
CUST105336,Priya Yusof,2025-12-27,Malaysia,Mainstream,45-54
CUST105337,Ravi Nair,2025-05-20,Indonesia,Budget,35-44
CUST105338,Kumar Osman,2026-02-02,Singapore,Mainstream,35-44
CUST105339,Siti Rahman,2024-10-18,Malaysia,Budget,35-44
CUST105340,Suresh Wong,2026-05-29,Malaysia,Budget,45-54
CUST105341,Aina Tan,2026-06-11,Singapore,Mainstream,55+
CUST105342,Zhi Hao Muthu,2026-07-02,Malaysia,Premium,25-34
CUST105343,Ravi Chong,2025-11-16,Malaysia,Budget,35-44
CUST105344,Haziq Rahman,2025-05-13,Singapore,Premium,35-44
CUST105345,Jia Xin Lim,2024-08-09,Malaysia,Premium,45-54
CUST105346,Aina Yusof,2025-09-01,Singapore,Mainstream,25-34
CUST105347,Xin Yi Chua,2026-03-18,Thailand,Premium,25-34
CUST105348,Arif Nair,2025-11-03,Thailand,Budget,25-34
CUST105349,Xin Yi Binte Ismail,2026-04-28,Thailand,Budget,18-24
CUST105350,Mei Ling Muthu,2025-08-19,Singapore,Mainstream,18-24
CUST105351,Farhan Chua,2025-02-12,Indonesia,Mainstream,25-34
CUST105352,Ahmad Nair,2026-07-04,Malaysia,Budget,18-24
CUST105353,Zhi Hao Nair,2025-01-08,Singapore,Budget,45-54
CUST105354,Xin Yi Muthu,2026-02-13,Thailand,Budget,25-34
CUST105355,Kumar Muthu,2025-03-26,Indonesia,Budget,25-34
CUST105356,Zhi Hao Chong,2024-12-11,Singapore,Budget,45-54
CUST105357,Priya Lee,2025-01-09,Thailand,Premium,25-34
CUST105358,Aina Wong,2025-03-27,Singapore,Budget,35-44
CUST105359,Kumar Osman,2025-03-10,Malaysia,Mainstream,45-54
CUST105360,Farhan Nair,2026-03-15,Singapore,Budget,25-34
CUST105361,Wei Ming Lim,2026-04-21,Singapore,Budget,35-44
CUST105362,Haziq Bin Abdullah,2025-10-24,Thailand,Premium,25-34
CUST105363,Xin Yi Muthu,2025-05-11,Malaysia,Budget,25-34
CUST105364,Mei Ling Muthu,2025-05-04,Singapore,Budget,35-44
CUST105365,Farhan Goh,2025-01-08,Indonesia,Mainstream,25-34
CUST105366,Siti Lee,2025-12-16,Thailand,Budget,25-34
CUST105367,Jia Xin Chua,2024-11-05,Thailand,Budget,35-44
CUST105368,Wei Ming Osman,2025-09-05,Thailand,Premium,18-24
CUST105369,Wei Ming Rahman,2026-01-31,Thailand,Budget,25-34
CUST105370,Divya Bin Abdullah,2025-02-08,Malaysia,Mainstream,35-44
CUST105371,Mei Ling Goh,2026-04-27,Singapore,Budget,18-24
CUST105372,Haziq Tan,2025-10-07,Thailand,Budget,35-44
CUST105373,Divya Chong,2025-01-05,Singapore,Mainstream,45-54
CUST105374,Hui Ling Nair,2025-01-13,Singapore,Mainstream,45-54
CUST105375,Ahmad Yusof,2026-01-23,Malaysia,Budget,25-34
CUST105376,Kumar Binte Ismail,2026-03-30,Singapore,Premium,25-34
CUST105377,Ravi Yusof,2026-07-06,Malaysia,Mainstream,35-44
CUST105378,Nur Aisyah Binte Ismail,2026-05-25,Thailand,Mainstream,35-44
CUST105379,Divya Osman,2024-12-04,Malaysia,Mainstream,55+
CUST105380,Siti Binte Ismail,2025-01-03,Malaysia,Mainstream,35-44
CUST105381,Haziq Yusof,2025-07-25,Malaysia,Mainstream,25-34
CUST105382,Chen Wei Chua,2025-06-08,Indonesia,Budget,25-34
CUST105383,Nabila Bin Abdullah,2025-12-03,Singapore,Premium,55+
CUST105384,Kumar Binte Ismail,2026-03-11,Singapore,Mainstream,35-44
CUST105385,Hui Ling Chua,2026-07-21,Malaysia,Premium,45-54
CUST105386,Aina Lim,2025-03-26,Malaysia,Premium,35-44
CUST105387,Nur Aisyah Bin Abdullah,2026-07-04,Malaysia,Budget,55+
CUST105388,Farhan Lee,2026-05-14,Singapore,Budget,35-44
CUST105389,Kumar Muthu,2024-12-28,Singapore,Mainstream,55+
CUST105390,Siti Chong,2025-05-30,Indonesia,Mainstream,45-54
CUST105391,Farhan Wong,2025-08-06,Malaysia,Mainstream,45-54
CUST105392,Haziq Goh,2026-02-20,Malaysia,Budget,55+
CUST105393,Wei Ming Lee,2026-04-11,Thailand,Mainstream,35-44
CUST105394,Arif Lee,2025-08-23,Indonesia,Premium,35-44
CUST105395,Zhi Hao Lee,2025-11-10,Singapore,Premium,35-44
CUST105396,Priya Rahman,2025-07-05,Indonesia,Budget,45-54
CUST105397,Kumar Rahman,2026-03-31,Singapore,Premium,45-54
CUST105398,Jia Xin Yusof,2026-02-11,Singapore,Budget,45-54
CUST105399,Hui Ling Tan,2026-05-08,Indonesia,Mainstream,25-34
CUST105400,Ahmad Yusof,2025-09-23,Singapore,Budget,45-54
CUST105401,Kumar Binte Ismail,2026-01-09,Singapore,Mainstream,45-54
CUST105402,Zhi Hao Wong,2026-02-16,Thailand,Budget,35-44
CUST105403,Ravi Bin Abdullah,2025-06-23,Indonesia,Budget,25-34
CUST105404,Arif Chong,2025-07-31,Thailand,Budget,45-54
CUST105405,Jia Xin Yusof,2026-02-26,Thailand,Premium,45-54
CUST105406,Ahmad Wong,2025-03-06,Singapore,Mainstream,25-34
CUST105407,Nur Aisyah Bin Abdullah,2025-11-21,Malaysia,Mainstream,35-44
CUST105408,Xin Yi Binte Ismail,2025-11-22,Malaysia,Mainstream,35-44
CUST105409,Ahmad Osman,2025-08-15,Indonesia,Budget,35-44
CUST105410,Suresh Rahman,2026-04-19,Singapore,Budget,25-34
CUST105411,Arif Chua,2025-09-26,Singapore,Budget,25-34
CUST105412,Aina Rahman,2025-05-30,Singapore,Mainstream,45-54
CUST105413,Divya Bin Abdullah,2026-04-27,Indonesia,Premium,55+
CUST105414,Ravi Yusof,2025-06-12,Singapore,Budget,25-34
CUST105415,Kumar Kaur,2026-07-01,Malaysia,Mainstream,55+
CUST105416,Priya Tan,2025-05-15,Thailand,Mainstream,35-44
CUST105417,Arif Goh,2026-07-04,Indonesia,Premium,25-34
CUST105418,Mei Ling Bin Abdullah,2026-03-24,Malaysia,Budget,35-44
CUST105419,Wei Ming Wong,2025-11-16,Singapore,Premium,18-24
CUST105420,Nabila Wong,2025-05-07,Thailand,Mainstream,18-24
CUST105421,Nabila Kaur,2025-02-20,Malaysia,Mainstream,55+
CUST105422,Xin Yi Chua,2025-08-21,Malaysia,Mainstream,35-44
CUST105423,Wei Ming Tan,2026-04-25,Thailand,Budget,25-34
CUST105424,Chen Wei Muthu,2025-10-20,Singapore,Mainstream,35-44
CUST105425,Arif Nair,2025-01-01,Malaysia,Mainstream,35-44
CUST105426,Chen Wei Goh,2026-05-25,Singapore,Mainstream,35-44
CUST105427,Kumar Osman,2025-02-22,Singapore,Premium,25-34
CUST105428,Zhi Hao Muthu,2025-10-21,Malaysia,Mainstream,25-34
CUST105429,Arif Nair,2026-07-27,Indonesia,Budget,35-44
CUST105430,Wei Ming Wong,2025-03-09,Singapore,Budget,35-44
CUST105431,Wei Ming Lee,2026-07-10,Indonesia,Premium,55+
CUST105432,Haziq Nair,2025-11-02,Indonesia,Mainstream,25-34
CUST105433,Priya Lee,2026-03-09,Thailand,Premium,45-54
CUST105434,Jia Xin Yusof,2025-05-29,Singapore,Budget,55+
CUST105435,Kumar Lim,2026-06-19,Indonesia,Mainstream,25-34
CUST105436,Ahmad Osman,2026-05-24,Singapore,Premium,18-24
CUST105437,Mei Ling Binte Ismail,2025-07-07,Indonesia,Mainstream,35-44
CUST105438,Wei Ming Goh,2024-08-03,Malaysia,Budget,45-54
CUST105439,Xin Yi Bin Abdullah,2026-07-01,Indonesia,Budget,18-24
CUST105440,Hui Ling Lim,2025-08-27,Singapore,Premium,25-34
CUST105441,Jia Xin Osman,2024-12-21,Malaysia,Mainstream,35-44
CUST105442,Nur Aisyah Osman,2025-12-29,Singapore,Budget,45-54
CUST105443,Wei Ming Chua,2025-08-04,Singapore,Mainstream,18-24
CUST105444,Kumar Goh,2024-11-24,Malaysia,Budget,25-34
CUST105445,Mei Ling Rahman,2025-02-13,Singapore,Budget,25-34
CUST105446,Siti Osman,2025-12-27,Indonesia,Budget,55+
CUST105447,Farhan Wong,2025-01-27,Indonesia,Budget,35-44
CUST105448,Ravi Chong,2025-03-23,Malaysia,Mainstream,35-44
CUST105449,Aina Lee,2025-07-25,Indonesia,Budget,45-54
CUST105450,Hui Ling Tan,2025-09-10,Indonesia,Mainstream,35-44
CUST105451,Wei Ming Chong,2024-09-22,Thailand,Mainstream,55+
CUST105452,Ahmad Chua,2024-10-29,Singapore,Budget,25-34
CUST105453,Suresh Bin Abdullah,2024-08-06,Malaysia,Budget,18-24
CUST105454,Nabila Muthu,2025-03-23,Indonesia,Budget,25-34
CUST105455,Zhi Hao Kaur,2025-11-09,Singapore,Mainstream,25-34
CUST105456,Nur Aisyah Bin Abdullah,2026-05-10,Singapore,Premium,45-54
CUST105457,Wei Ming Nair,2026-04-29,Singapore,Mainstream,35-44
CUST105458,Farhan Bin Abdullah,2024-09-03,Malaysia,Mainstream,25-34
CUST105459,Arif Tan,2025-11-06,Malaysia,Premium,45-54
CUST105460,Zhi Hao Yusof,2026-05-10,Indonesia,Mainstream,35-44
CUST105461,Zhi Hao Lim,2026-02-16,Malaysia,Mainstream,35-44
CUST105462,Wei Ming Lim,2026-07-14,Indonesia,Mainstream,25-34
CUST105463,Xin Yi Chua,2025-07-07,Singapore,Budget,55+
CUST105464,Kumar Tan,2025-05-24,Indonesia,Budget,35-44
CUST105465,Priya Osman,2025-10-26,Indonesia,Mainstream,45-54
CUST105466,Arif Chua,2025-02-01,Singapore,Mainstream,45-54
CUST105467,Mei Ling Bin Abdullah,2025-08-13,Singapore,Budget,35-44
CUST105468,Chen Wei Kaur,2024-08-28,Singapore,Premium,18-24
CUST105469,Aina Lim,2025-01-18,Thailand,Budget,35-44
CUST105470,Jia Xin Nair,2026-06-05,Singapore,Mainstream,18-24
CUST105471,Zhi Hao Tan,2026-01-10,Singapore,Premium,55+
CUST105472,Zhi Hao Goh,2025-01-25,Singapore,Budget,25-34
CUST105473,Xin Yi Binte Ismail,2025-07-02,Singapore,Premium,25-34
CUST105474,Chen Wei Yusof,2025-01-26,Malaysia,Mainstream,35-44
CUST105475,Hui Ling Lim,2025-11-27,Indonesia,Mainstream,35-44
CUST105476,Chen Wei Binte Ismail,2026-07-02,Malaysia,Premium,35-44
CUST105477,Hui Ling Lee,2025-01-02,Indonesia,Mainstream,45-54
CUST105478,Ahmad Chong,2025-01-02,Singapore,Mainstream,45-54
CUST105479,Aina Goh,2025-04-19,Malaysia,Mainstream,45-54
CUST105480,Xin Yi Tan,2025-10-07,Indonesia,Budget,25-34
CUST105481,Hui Ling Tan,2026-07-23,Indonesia,Budget,35-44
CUST105482,Jia Xin Wong,2025-02-13,Thailand,Budget,45-54
CUST105483,Chen Wei Wong,2025-04-04,Singapore,Budget,25-34
CUST105484,Wei Ming Muthu,2025-03-29,Malaysia,Mainstream,25-34
CUST105485,Kumar Muthu,2026-03-27,Indonesia,Premium,18-24
CUST105486,Xin Yi Muthu,2025-02-11,Singapore,Premium,35-44
CUST105487,Haziq Bin Abdullah,2025-02-16,Indonesia,Budget,35-44
CUST105488,Zhi Hao Lee,2024-11-11,Singapore,Mainstream,25-34
CUST105489,Zhi Hao Chua,2025-06-10,Singapore,Mainstream,18-24
CUST105490,Ahmad Rahman,2025-02-10,Indonesia,Budget,18-24
CUST105491,Chen Wei Nair,2025-10-09,Indonesia,Mainstream,35-44
CUST105492,Suresh Binte Ismail,2025-03-08,Thailand,Budget,25-34
CUST105493,Haziq Rahman,2025-03-10,Thailand,Premium,45-54
CUST105494,Mei Ling Osman,2025-01-06,Singapore,Budget,55+
CUST105495,Jia Xin Binte Ismail,2024-11-11,Malaysia,Mainstream,45-54
CUST105496,Chen Wei Goh,2026-07-27,Thailand,Premium,45-54
CUST105497,Priya Rahman,2025-01-07,Singapore,Mainstream,55+
CUST105498,Siti Tan,2024-12-28,Malaysia,Budget,35-44
CUST105499,Divya Binte Ismail,2025-06-26,Thailand,Budget,35-44
CUST105500,Haziq Bin Abdullah,2025-07-15,Singapore,Premium,45-54
CUST105501,Zhi Hao Kaur,2025-02-17,Thailand,Budget,35-44
CUST105502,Zhi Hao Lim,2025-08-31,Malaysia,Budget,25-34
CUST105503,Mei Ling Nair,2025-09-30,Thailand,Premium,18-24
CUST105504,Priya Muthu,2024-12-20,Malaysia,Mainstream,35-44
CUST105505,Ahmad Wong,2024-12-31,Indonesia,Mainstream,45-54
CUST105506,Wei Ming Bin Abdullah,2026-02-28,Indonesia,Budget,35-44
CUST105507,Mei Ling Lee,2024-12-01,Singapore,Mainstream,25-34
CUST105508,Suresh Chua,2025-12-03,Malaysia,Mainstream,35-44
CUST105509,Nur Aisyah Chong,2026-04-20,Thailand,Budget,45-54
CUST105510,Mei Ling Lim,2024-10-26,Thailand,Budget,45-54
CUST105511,Aina Chong,2026-02-06,Thailand,Budget,35-44
CUST105512,Hui Ling Kaur,2026-03-03,Malaysia,Mainstream,25-34
CUST105513,Ravi Rahman,2026-01-13,Malaysia,Budget,25-34
CUST105514,Jia Xin Lim,2025-08-05,Malaysia,Premium,45-54
CUST105515,Siti Goh,2026-03-30,Malaysia,Budget,25-34
CUST105516,Zhi Hao Bin Abdullah,2026-04-04,Malaysia,Budget,45-54
CUST105517,Mei Ling Bin Abdullah,2025-10-16,Singapore,Premium,25-34
CUST105518,Farhan Bin Abdullah,2026-02-20,Singapore,Premium,55+
CUST105519,Zhi Hao Chong,2026-03-11,Malaysia,Mainstream,25-34
CUST105520,Zhi Hao Lee,2024-10-02,Singapore,Premium,35-44
CUST105521,Kumar Binte Ismail,2025-05-21,Singapore,Budget,35-44
CUST105522,Siti Lee,2026-07-19,Singapore,Mainstream,45-54
CUST105523,Mei Ling Yusof,2026-05-16,Indonesia,Budget,45-54
CUST105524,Hui Ling Rahman,2024-12-12,Thailand,Mainstream,18-24
CUST105525,Suresh Muthu,2026-01-13,Malaysia,Mainstream,25-34
CUST105526,Chen Wei Rahman,2026-04-09,Thailand,Mainstream,25-34
CUST105527,Arif Bin Abdullah,2025-03-31,Thailand,Budget,35-44
CUST105528,Arif Goh,2024-11-25,Singapore,Budget,35-44
CUST105529,Suresh Osman,2025-10-12,Singapore,Premium,25-34
CUST105530,Ravi Wong,2025-02-02,Singapore,Mainstream,45-54
CUST105531,Mei Ling Osman,2025-09-25,Singapore,Budget,25-34
CUST105532,Haziq Kaur,2026-05-11,Malaysia,Budget,25-34
CUST105533,Haziq Wong,2024-12-24,Singapore,Budget,25-34
CUST105534,Farhan Osman,2024-09-27,Thailand,Budget,35-44
CUST105535,Jia Xin Chua,2024-08-10,Malaysia,Budget,18-24
CUST105536,Mei Ling Rahman,2026-05-17,Malaysia,Mainstream,45-54
CUST105537,Siti Nair,2025-06-12,Thailand,Mainstream,35-44
CUST105538,Mei Ling Wong,2025-04-30,Thailand,Mainstream,35-44
CUST105539,Ravi Tan,2026-06-02,Indonesia,Budget,25-34
CUST105540,Hui Ling Goh,2024-09-03,Indonesia,Budget,45-54
CUST105541,Aina Chong,2026-05-15,Thailand,Budget,45-54
CUST105542,Wei Ming Chong,2026-01-14,Malaysia,Premium,35-44
CUST105543,Farhan Chong,2024-08-21,Thailand,Mainstream,25-34
CUST105544,Wei Ming Chong,2025-06-19,Singapore,Budget,25-34
CUST105545,Divya Rahman,2025-03-21,Malaysia,Mainstream,25-34
CUST105546,Hui Ling Goh,2025-08-03,Malaysia,Mainstream,25-34
CUST105547,Ravi Nair,2025-01-26,Singapore,Mainstream,35-44
CUST105548,Xin Yi Yusof,2026-05-31,Singapore,Mainstream,25-34
CUST105549,Arif Lee,2025-03-23,Singapore,Premium,45-54
CUST105550,Suresh Rahman,2026-06-11,Singapore,Budget,25-34
CUST105551,Nabila Tan,2026-03-20,Singapore,Mainstream,35-44
CUST105552,Priya Wong,2025-07-25,Malaysia,Mainstream,55+
CUST105553,Zhi Hao Bin Abdullah,2025-09-05,Indonesia,Mainstream,25-34
CUST105554,Siti Nair,2026-04-09,Malaysia,Budget,25-34
CUST105555,Kumar Muthu,2024-12-24,Indonesia,Mainstream,35-44
CUST105556,Suresh Rahman,2025-12-21,Singapore,Budget,35-44
CUST105557,Divya Rahman,2024-11-04,Indonesia,Mainstream,45-54
CUST105558,Priya Yusof,2026-07-19,Singapore,Mainstream,45-54
CUST105559,Kumar Bin Abdullah,2026-02-06,Singapore,Budget,35-44
CUST105560,Kumar Muthu,2025-12-25,Malaysia,Premium,55+
CUST105561,Kumar Wong,2025-05-20,Thailand,Mainstream,25-34
CUST105562,Zhi Hao Lim,2025-10-10,Thailand,Mainstream,25-34
CUST105563,Kumar Bin Abdullah,2026-04-06,Indonesia,Premium,25-34
CUST105564,Chen Wei Muthu,2025-06-08,Indonesia,Mainstream,35-44
CUST105565,Xin Yi Binte Ismail,2024-08-29,Malaysia,Budget,25-34
CUST105566,Zhi Hao Nair,2026-04-23,Indonesia,Mainstream,18-24
CUST105567,Suresh Bin Abdullah,2026-01-26,Singapore,Mainstream,55+
CUST105568,Ravi Bin Abdullah,2025-08-14,Singapore,Mainstream,25-34
CUST105569,Divya Muthu,2025-02-14,Thailand,Premium,25-34
CUST105570,Hui Ling Bin Abdullah,2026-04-21,Thailand,Mainstream,25-34
CUST105571,Haziq Tan,2026-02-11,Singapore,Budget,25-34
CUST105572,Aina Kaur,2026-02-08,Singapore,Mainstream,18-24
CUST105573,Priya Osman,2025-05-06,Singapore,Mainstream,25-34
CUST105574,Haziq Rahman,2026-05-30,Malaysia,Budget,25-34
CUST105575,Wei Ming Lim,2025-04-04,Singapore,Budget,45-54
CUST105576,Arif Goh,2025-09-22,Malaysia,Budget,25-34
CUST105577,Divya Yusof,2025-12-02,Singapore,Mainstream,35-44
CUST105578,Siti Osman,2024-11-07,Singapore,Budget,35-44
CUST105579,Ravi Chua,2024-12-09,Singapore,Budget,45-54
CUST105580,Mei Ling Yusof,2024-12-20,Indonesia,Budget,55+
CUST105581,Ahmad Wong,2024-10-21,Singapore,Mainstream,35-44
CUST105582,Divya Rahman,2026-02-09,Malaysia,Budget,18-24
CUST105583,Nabila Yusof,2024-11-12,Indonesia,Budget,18-24
CUST105584,Ravi Yusof,2026-03-23,Indonesia,Mainstream,25-34
CUST105585,Farhan Goh,2025-11-30,Singapore,Budget,45-54
CUST105586,Siti Chong,2025-06-19,Indonesia,Budget,35-44
CUST105587,Hui Ling Rahman,2025-02-01,Singapore,Mainstream,18-24
CUST105588,Divya Kaur,2025-06-03,Malaysia,Budget,18-24
CUST105589,Chen Wei Nair,2025-06-16,Malaysia,Budget,45-54
CUST105590,Farhan Lee,2025-10-28,Thailand,Budget,35-44
CUST105591,Zhi Hao Chua,2025-05-23,Thailand,Budget,25-34
CUST105592,Kumar Chong,2025-08-17,Indonesia,Mainstream,45-54
CUST105593,Divya Tan,2025-08-15,Thailand,Premium,35-44
CUST105594,Chen Wei Chong,2025-05-28,Singapore,Budget,35-44
CUST105595,Siti Nair,2025-05-17,Indonesia,Mainstream,25-34
CUST105596,Aina Muthu,2025-12-01,Singapore,Premium,35-44
CUST105597,Wei Ming Lee,2026-04-21,Singapore,Mainstream,25-34
CUST105598,Nur Aisyah Chong,2025-12-23,Malaysia,Mainstream,55+
CUST105599,Ahmad Kaur,2025-10-04,Indonesia,Mainstream,45-54
CUST105600,Nabila Kaur,2026-04-03,Indonesia,Mainstream,35-44
CUST105601,Farhan Lim,2026-03-22,Thailand,Premium,35-44
CUST105602,Kumar Muthu,2024-09-03,Malaysia,Budget,55+
CUST105603,Mei Ling Muthu,2026-01-06,Thailand,Premium,18-24
CUST105604,Ahmad Chong,2025-02-05,Thailand,Mainstream,18-24
CUST105605,Farhan Chong,2026-04-27,Indonesia,Mainstream,45-54
CUST105606,Hui Ling Tan,2024-08-19,Singapore,Mainstream,25-34
CUST105607,Mei Ling Chong,2026-02-24,Malaysia,Budget,35-44
CUST105608,Divya Lee,2025-10-15,Indonesia,Budget,35-44
CUST105609,Kumar Yusof,2025-01-05,Thailand,Premium,25-34
CUST105610,Zhi Hao Tan,2026-03-04,Singapore,Mainstream,25-34
CUST105611,Mei Ling Yusof,2025-06-23,Singapore,Premium,45-54
CUST105612,Xin Yi Rahman,2025-01-02,Singapore,Budget,25-34
CUST105613,Chen Wei Nair,2026-07-12,Singapore,Budget,25-34
CUST105614,Farhan Nair,2026-07-11,Indonesia,Budget,25-34
CUST105615,Suresh Binte Ismail,2024-12-31,Singapore,Budget,18-24
CUST105616,Nur Aisyah Lee,2026-01-19,Malaysia,Mainstream,35-44
CUST105617,Hui Ling Osman,2024-10-04,Indonesia,Premium,55+
CUST105618,Nabila Nair,2024-09-21,Malaysia,Premium,35-44
CUST105619,Nabila Lim,2024-10-25,Singapore,Mainstream,35-44
CUST105620,Zhi Hao Lee,2024-08-01,Malaysia,Budget,25-34
CUST105621,Kumar Rahman,2024-12-06,Malaysia,Mainstream,55+
CUST105622,Ahmad Nair,2025-10-23,Thailand,Mainstream,45-54
CUST105623,Nur Aisyah Nair,2024-08-04,Indonesia,Mainstream,45-54
CUST105624,Chen Wei Tan,2025-11-19,Thailand,Mainstream,25-34
CUST105625,Suresh Nair,2025-05-27,Singapore,Budget,18-24
CUST105626,Priya Chua,2026-07-25,Indonesia,Budget,25-34
CUST105627,Zhi Hao Chua,2024-08-26,Malaysia,Premium,25-34
CUST105628,Hui Ling Tan,2025-05-23,Indonesia,Mainstream,18-24
CUST105629,Zhi Hao Rahman,2024-09-05,Malaysia,Premium,45-54
CUST105630,Siti Lee,2025-11-14,Singapore,Budget,25-34
CUST105631,Ravi Bin Abdullah,2025-12-13,Singapore,Mainstream,25-34
CUST105632,Nabila Lee,2025-07-13,Indonesia,Budget,45-54
CUST105633,Nur Aisyah Lim,2024-11-06,Indonesia,Premium,55+
CUST105634,Suresh Lim,2025-06-24,Singapore,Budget,25-34
CUST105635,Farhan Yusof,2024-12-28,Malaysia,Mainstream,25-34
CUST105636,Ahmad Binte Ismail,2026-02-23,Indonesia,Budget,45-54
CUST105637,Arif Yusof,2025-01-09,Malaysia,Budget,55+
CUST105638,Mei Ling Tan,2025-02-10,Singapore,Budget,35-44
CUST105639,Nur Aisyah Chong,2024-10-13,Thailand,Mainstream,25-34
CUST105640,Nur Aisyah Wong,2026-06-17,Malaysia,Mainstream,35-44
CUST105641,Arif Chua,2025-10-22,Indonesia,Premium,45-54
CUST105642,Zhi Hao Chua,2026-05-26,Indonesia,Mainstream,18-24
CUST105643,Hui Ling Wong,2025-10-10,Indonesia,Mainstream,25-34
CUST105644,Kumar Nair,2025-01-22,Singapore,Mainstream,45-54
CUST105645,Haziq Binte Ismail,2025-04-18,Thailand,Budget,35-44
CUST105646,Xin Yi Chong,2025-01-26,Singapore,Mainstream,25-34
CUST105647,Haziq Lim,2025-02-06,Indonesia,Mainstream,45-54
CUST105648,Nabila Lee,2024-08-04,Thailand,Mainstream,35-44
CUST105649,Kumar Bin Abdullah,2024-10-25,Indonesia,Budget,25-34
CUST105650,Nabila Muthu,2025-05-28,Malaysia,Budget,25-34
CUST105651,Arif Lee,2024-10-28,Singapore,Budget,25-34
CUST105652,Ravi Chong,2026-06-25,Malaysia,Premium,55+
CUST105653,Nur Aisyah Wong,2025-02-18,Malaysia,Mainstream,25-34
CUST105654,Jia Xin Rahman,2025-07-13,Singapore,Mainstream,45-54
CUST105655,Nabila Binte Ismail,2024-08-30,Singapore,Mainstream,35-44
CUST105656,Ravi Muthu,2025-07-27,Thailand,Mainstream,45-54
CUST105657,Xin Yi Chua,2026-03-21,Singapore,Budget,55+
CUST105658,Nur Aisyah Lim,2025-02-16,Singapore,Budget,55+
CUST105659,Xin Yi Chua,2024-09-04,Singapore,Mainstream,45-54
CUST105660,Ravi Lee,2026-07-18,Malaysia,Budget,25-34
CUST105661,Ahmad Tan,2026-06-13,Malaysia,Budget,25-34
CUST105662,Kumar Kaur,2025-04-03,Indonesia,Mainstream,25-34
CUST105663,Arif Lim,2025-06-19,Malaysia,Budget,35-44
CUST105664,Wei Ming Binte Ismail,2025-06-24,Singapore,Premium,25-34
CUST105665,Nabila Yusof,2026-05-25,Malaysia,Mainstream,25-34
CUST105666,Chen Wei Binte Ismail,2025-06-07,Singapore,Premium,18-24
CUST105667,Divya Muthu,2025-06-10,Indonesia,Premium,45-54
CUST105668,Jia Xin Nair,2024-11-17,Singapore,Budget,18-24
CUST105669,Aina Osman,2025-10-18,Singapore,Budget,25-34
CUST105670,Nabila Nair,2025-11-18,Malaysia,Mainstream,35-44
CUST105671,Divya Muthu,2026-05-31,Singapore,Budget,35-44
CUST105672,Aina Wong,2025-06-11,Malaysia,Premium,45-54
CUST105673,Zhi Hao Chong,2025-04-12,Malaysia,Budget,35-44
CUST105674,Siti Kaur,2026-01-06,Thailand,Mainstream,45-54
CUST105675,Zhi Hao Muthu,2025-02-11,Singapore,Mainstream,25-34
CUST105676,Divya Bin Abdullah,2024-09-13,Malaysia,Premium,18-24
CUST105677,Nabila Chong,2026-03-24,Indonesia,Mainstream,35-44
CUST105678,Kumar Chua,2025-06-06,Singapore,Mainstream,25-34
CUST105679,Jia Xin Wong,2025-03-10,Malaysia,Budget,45-54
CUST105680,Haziq Muthu,2026-07-16,Thailand,Mainstream,55+
CUST105681,Ahmad Wong,2026-03-21,Indonesia,Mainstream,25-34
CUST105682,Suresh Bin Abdullah,2025-10-14,Thailand,Mainstream,45-54
CUST105683,Ravi Chong,2026-04-20,Indonesia,Mainstream,25-34
CUST105684,Suresh Lee,2025-11-12,Malaysia,Budget,25-34
CUST105685,Haziq Tan,2026-04-13,Thailand,Budget,25-34
CUST105686,Xin Yi Lim,2024-10-13,Singapore,Premium,35-44
CUST105687,Zhi Hao Bin Abdullah,2025-05-18,Malaysia,Budget,55+
CUST105688,Nabila Chua,2025-12-01,Indonesia,Mainstream,25-34
CUST105689,Arif Muthu,2025-01-07,Thailand,Mainstream,35-44
CUST105690,Kumar Chong,2026-07-16,Thailand,Premium,25-34
CUST105691,Hui Ling Lim,2025-05-20,Singapore,Budget,25-34
CUST105692,Siti Chong,2025-03-18,Indonesia,Budget,35-44
CUST105693,Ahmad Osman,2024-12-16,Singapore,Premium,45-54
CUST105694,Nur Aisyah Chua,2026-02-17,Indonesia,Mainstream,35-44
CUST105695,Wei Ming Rahman,2025-05-24,Indonesia,Mainstream,55+
CUST105696,Nur Aisyah Lim,2025-01-15,Singapore,Budget,18-24
CUST105697,Divya Muthu,2024-12-24,Indonesia,Budget,35-44
CUST105698,Aina Osman,2026-03-23,Malaysia,Premium,25-34
CUST105699,Divya Tan,2024-08-16,Malaysia,Mainstream,45-54
CUST105700,Priya Osman,2026-01-11,Thailand,Premium,18-24
CUST105701,Wei Ming Lim,2025-10-17,Indonesia,Premium,25-34
CUST105702,Haziq Tan,2026-03-11,Malaysia,Mainstream,45-54
CUST105703,Nabila Chua,2026-04-11,Singapore,Mainstream,25-34
CUST105704,Aina Chong,2026-01-24,Singapore,Mainstream,35-44
CUST105705,Hui Ling Lee,2026-04-22,Singapore,Mainstream,55+
CUST105706,Haziq Muthu,2025-02-10,Singapore,Mainstream,25-34
CUST105707,Farhan Osman,2025-05-19,Singapore,Budget,35-44
CUST105708,Xin Yi Tan,2025-10-18,Malaysia,Premium,55+
CUST105709,Zhi Hao Nair,2025-06-25,Indonesia,Mainstream,35-44
CUST105710,Ahmad Chua,2025-05-14,Singapore,Premium,25-34
CUST105711,Suresh Chong,2026-03-17,Malaysia,Budget,45-54
CUST105712,Priya Goh,2025-12-25,Thailand,Mainstream,35-44
CUST105713,Nabila Yusof,2024-10-24,Singapore,Mainstream,45-54
CUST105714,Zhi Hao Lim,2026-07-21,Indonesia,Mainstream,35-44
CUST105715,Farhan Bin Abdullah,2024-08-30,Singapore,Budget,25-34
CUST105716,Ahmad Osman,2024-08-25,Malaysia,Budget,45-54
CUST105717,Siti Goh,2026-01-26,Indonesia,Mainstream,18-24
CUST105718,Arif Lim,2025-12-07,Singapore,Premium,45-54
CUST105719,Nabila Lim,2026-02-28,Singapore,Budget,45-54
CUST105720,Ravi Chua,2025-06-15,Thailand,Budget,55+
CUST105721,Priya Tan,2026-02-23,Singapore,Mainstream,18-24
CUST105722,Priya Lim,2024-12-29,Indonesia,Budget,25-34
CUST105723,Aina Muthu,2025-10-20,Malaysia,Budget,25-34
CUST105724,Nabila Osman,2024-08-22,Singapore,Mainstream,25-34
CUST105725,Xin Yi Muthu,2024-11-14,Indonesia,Mainstream,25-34
CUST105726,Xin Yi Nair,2025-10-10,Malaysia,Budget,35-44
CUST105727,Nabila Rahman,2025-05-20,Singapore,Budget,25-34
CUST105728,Farhan Muthu,2026-07-12,Thailand,Premium,55+
CUST105729,Priya Rahman,2026-06-10,Malaysia,Mainstream,25-34
CUST105730,Nur Aisyah Rahman,2025-07-25,Indonesia,Mainstream,25-34
CUST105731,Divya Muthu,2025-08-18,Singapore,Budget,35-44
CUST105732,Arif Yusof,2025-10-12,Singapore,Mainstream,25-34
CUST105733,Xin Yi Muthu,2026-05-25,Indonesia,Mainstream,35-44
CUST105734,Xin Yi Bin Abdullah,2024-11-23,Indonesia,Budget,35-44
CUST105735,Mei Ling Goh,2025-10-06,Singapore,Mainstream,35-44
CUST105736,Chen Wei Nair,2025-08-20,Indonesia,Mainstream,35-44
CUST105737,Nabila Yusof,2025-10-08,Malaysia,Budget,45-54
CUST105738,Hui Ling Muthu,2025-07-31,Singapore,Mainstream,55+
CUST105739,Nur Aisyah Wong,2025-04-12,Indonesia,Budget,18-24
CUST105740,Siti Yusof,2025-01-18,Malaysia,Mainstream,35-44
CUST105741,Wei Ming Nair,2025-06-23,Malaysia,Premium,45-54
CUST105742,Suresh Chua,2026-03-30,Indonesia,Budget,18-24
CUST105743,Priya Muthu,2024-10-29,Malaysia,Budget,35-44
CUST105744,Jia Xin Yusof,2026-01-03,Thailand,Budget,35-44
CUST105745,Ahmad Lim,2026-07-18,Indonesia,Premium,25-34
CUST105746,Wei Ming Bin Abdullah,2026-07-01,Malaysia,Budget,25-34
CUST105747,Chen Wei Goh,2025-01-10,Malaysia,Budget,45-54
CUST105748,Farhan Goh,2025-10-20,Thailand,Mainstream,18-24
CUST105749,Wei Ming Goh,2026-07-13,Thailand,Mainstream,18-24
CUST105750,Siti Tan,2024-12-14,Singapore,Mainstream,45-54
CUST105751,Xin Yi Wong,2025-12-19,Singapore,Premium,45-54
CUST105752,Kumar Chua,2024-08-15,Malaysia,Budget,35-44
CUST105753,Priya Chua,2024-10-25,Thailand,Mainstream,25-34
CUST105754,Nur Aisyah Lim,2026-06-24,Thailand,Mainstream,18-24
CUST105755,Priya Nair,2025-03-12,Indonesia,Budget,45-54
CUST105756,Siti Bin Abdullah,2025-05-15,Singapore,Premium,25-34
CUST105757,Ravi Kaur,2026-03-26,Thailand,Mainstream,55+
CUST105758,Farhan Binte Ismail,2025-11-21,Singapore,Budget,45-54
CUST105759,Wei Ming Tan,2025-08-05,Malaysia,Budget,18-24
CUST105760,Aina Lim,2026-04-14,Malaysia,Budget,35-44
CUST105761,Siti Muthu,2025-02-18,Malaysia,Premium,55+
CUST105762,Priya Chua,2026-01-08,Malaysia,Budget,45-54
CUST105763,Priya Muthu,2024-09-13,Singapore,Premium,35-44
CUST105764,Haziq Kaur,2024-12-21,Singapore,Budget,25-34
CUST105765,Aina Lee,2025-04-22,Indonesia,Premium,35-44
CUST105766,Chen Wei Wong,2026-05-03,Singapore,Mainstream,35-44
CUST105767,Haziq Nair,2026-07-11,Malaysia,Budget,35-44
CUST105768,Zhi Hao Wong,2026-04-14,Singapore,Budget,25-34
CUST105769,Haziq Chua,2025-07-30,Singapore,Mainstream,45-54
CUST105770,Haziq Osman,2025-01-05,Singapore,Budget,35-44
CUST105771,Nur Aisyah Muthu,2026-04-09,Indonesia,Budget,25-34
CUST105772,Haziq Binte Ismail,2025-02-28,Malaysia,Mainstream,25-34
CUST105773,Nabila Kaur,2026-06-25,Singapore,Premium,25-34
CUST105774,Priya Binte Ismail,2026-01-17,Indonesia,Mainstream,25-34
CUST105775,Jia Xin Tan,2025-05-19,Singapore,Premium,25-34
CUST105776,Aina Yusof,2024-12-02,Indonesia,Mainstream,35-44
CUST105777,Aina Chong,2025-01-08,Singapore,Mainstream,25-34
CUST105778,Jia Xin Yusof,2025-07-06,Thailand,Budget,25-34
CUST105779,Suresh Lim,2026-07-03,Singapore,Mainstream,18-24
CUST105780,Jia Xin Goh,2025-12-27,Malaysia,Mainstream,25-34
CUST105781,Suresh Goh,2025-01-03,Malaysia,Mainstream,25-34
CUST105782,Nur Aisyah Lee,2026-05-31,Malaysia,Premium,25-34
CUST105783,Arif Osman,2025-03-01,Indonesia,Mainstream,35-44
CUST105784,Ahmad Binte Ismail,2025-03-03,Singapore,Mainstream,35-44
CUST105785,Hui Ling Chua,2025-01-27,Malaysia,Mainstream,35-44
CUST105786,Haziq Muthu,2026-02-21,Thailand,Budget,18-24
CUST105787,Nabila Osman,2026-02-01,Thailand,Budget,25-34
CUST105788,Xin Yi Osman,2026-03-07,Malaysia,Premium,18-24
CUST105789,Nabila Lee,2025-10-15,Malaysia,Budget,25-34
CUST105790,Xin Yi Osman,2025-07-12,Indonesia,Mainstream,35-44
CUST105791,Arif Yusof,2026-05-03,Indonesia,Mainstream,45-54
CUST105792,Priya Lim,2025-06-10,Thailand,Premium,35-44
CUST105793,Nur Aisyah Lim,2026-02-05,Indonesia,Mainstream,25-34
CUST105794,Suresh Chua,2025-06-14,Malaysia,Budget,25-34
CUST105795,Arif Nair,2025-12-20,Malaysia,Budget,55+
CUST105796,Aina Kaur,2024-09-01,Malaysia,Mainstream,25-34
CUST105797,Zhi Hao Muthu,2025-12-08,Singapore,Budget,18-24
CUST105798,Ahmad Nair,2024-10-31,Indonesia,Mainstream,18-24
CUST105799,Divya Wong,2026-03-24,Malaysia,Budget,55+
CUST105800,Suresh Lee,2026-05-29,Singapore,Budget,45-54
CUST105801,Xin Yi Nair,2026-03-14,Indonesia,Premium,25-34
CUST105802,Aina Chua,2025-09-26,Singapore,Premium,18-24
CUST105803,Ravi Chong,2024-10-09,Singapore,Mainstream,45-54
CUST105804,Zhi Hao Kaur,2026-03-23,Malaysia,Budget,25-34
CUST105805,Priya Yusof,2025-01-03,Indonesia,Premium,18-24
CUST105806,Suresh Yusof,2025-03-08,Malaysia,Mainstream,25-34
CUST105807,Xin Yi Osman,2025-11-20,Singapore,Premium,25-34
CUST105808,Jia Xin Tan,2025-11-26,Malaysia,Budget,25-34
CUST105809,Priya Chua,2024-09-06,Singapore,Budget,35-44
CUST105810,Haziq Kaur,2025-02-23,Thailand,Mainstream,35-44
CUST105811,Xin Yi Lim,2026-02-05,Singapore,Premium,35-44
CUST105812,Zhi Hao Yusof,2024-10-02,Thailand,Budget,18-24
CUST105813,Ahmad Yusof,2025-10-06,Singapore,Budget,18-24
CUST105814,Mei Ling Kaur,2026-06-01,Singapore,Mainstream,45-54
CUST105815,Zhi Hao Chua,2024-12-13,Malaysia,Premium,25-34
CUST105816,Siti Rahman,2024-11-02,Indonesia,Mainstream,25-34
CUST105817,Farhan Binte Ismail,2025-09-09,Thailand,Premium,18-24
CUST105818,Priya Wong,2025-03-03,Malaysia,Mainstream,25-34
CUST105819,Priya Lee,2026-02-08,Malaysia,Premium,35-44
CUST105820,Ahmad Yusof,2024-11-16,Singapore,Mainstream,25-34
CUST105821,Priya Osman,2025-11-02,Malaysia,Budget,35-44
CUST105822,Mei Ling Yusof,2026-01-15,Malaysia,Mainstream,25-34
CUST105823,Arif Bin Abdullah,2025-07-29,Thailand,Mainstream,45-54
CUST105824,Mei Ling Wong,2026-01-15,Malaysia,Mainstream,35-44
CUST105825,Mei Ling Bin Abdullah,2025-05-02,Indonesia,Budget,25-34
CUST105826,Mei Ling Yusof,2025-01-30,Indonesia,Mainstream,45-54
CUST105827,Ravi Binte Ismail,2025-10-06,Singapore,Mainstream,55+
CUST105828,Priya Kaur,2025-01-04,Malaysia,Budget,18-24
CUST105829,Ahmad Chua,2025-09-18,Thailand,Premium,35-44
CUST105830,Jia Xin Yusof,2024-08-20,Malaysia,Budget,35-44
CUST105831,Suresh Rahman,2026-01-18,Malaysia,Budget,35-44
CUST105832,Haziq Rahman,2025-03-02,Thailand,Budget,18-24
CUST105833,Priya Nair,2025-07-04,Singapore,Mainstream,18-24
CUST105834,Zhi Hao Chong,2024-09-09,Thailand,Budget,25-34
CUST105835,Siti Lim,2026-02-19,Malaysia,Mainstream,18-24
CUST105836,Chen Wei Muthu,2026-03-08,Malaysia,Mainstream,25-34
CUST105837,Suresh Kaur,2024-11-03,Singapore,Mainstream,45-54
CUST105838,Suresh Kaur,2024-10-10,Malaysia,Premium,25-34
CUST105839,Hui Ling Bin Abdullah,2025-01-30,Singapore,Premium,25-34
CUST105840,Kumar Wong,2025-08-17,Singapore,Budget,25-34
CUST105841,Chen Wei Rahman,2025-10-03,Malaysia,Budget,25-34
CUST105842,Zhi Hao Rahman,2025-03-30,Singapore,Budget,45-54
CUST105843,Zhi Hao Chong,2025-01-30,Malaysia,Mainstream,45-54
CUST105844,Nur Aisyah Lee,2026-01-09,Singapore,Budget,25-34
CUST105845,Arif Muthu,2026-07-24,Singapore,Mainstream,25-34
CUST105846,Ravi Goh,2026-06-06,Singapore,Mainstream,25-34
CUST105847,Suresh Binte Ismail,2025-11-20,Malaysia,Mainstream,55+
CUST105848,Ravi Lim,2025-03-19,Singapore,Budget,25-34
CUST105849,Nabila Chua,2025-09-11,Singapore,Budget,25-34
CUST105850,Aina Goh,2025-05-04,Malaysia,Budget,25-34
CUST105851,Haziq Osman,2025-08-21,Indonesia,Mainstream,18-24
CUST105852,Arif Tan,2026-01-27,Indonesia,Mainstream,25-34
CUST105853,Nabila Binte Ismail,2025-01-29,Singapore,Mainstream,55+
CUST105854,Farhan Tan,2025-02-16,Thailand,Mainstream,18-24
CUST105855,Zhi Hao Osman,2024-08-26,Malaysia,Mainstream,25-34
CUST105856,Haziq Chong,2024-12-04,Malaysia,Budget,25-34
CUST105857,Aina Kaur,2025-10-25,Singapore,Budget,25-34
CUST105858,Farhan Chong,2025-03-02,Singapore,Budget,55+
CUST105859,Chen Wei Binte Ismail,2025-11-16,Malaysia,Budget,35-44
CUST105860,Mei Ling Nair,2024-10-30,Singapore,Budget,55+
CUST105861,Divya Tan,2025-05-10,Indonesia,Mainstream,45-54
CUST105862,Kumar Nair,2024-11-27,Singapore,Budget,35-44
CUST105863,Aina Chua,2026-01-05,Singapore,Budget,35-44
CUST105864,Nabila Yusof,2026-07-19,Singapore,Budget,35-44
CUST105865,Divya Rahman,2026-04-17,Singapore,Budget,35-44
CUST105866,Jia Xin Osman,2025-07-07,Malaysia,Budget,35-44
CUST105867,Mei Ling Yusof,2024-08-27,Singapore,Budget,35-44
CUST105868,Arif Lim,2025-04-28,Malaysia,Budget,25-34
CUST105869,Siti Bin Abdullah,2024-12-16,Singapore,Premium,35-44
CUST105870,Zhi Hao Nair,2025-08-21,Malaysia,Budget,25-34
CUST105871,Divya Rahman,2024-08-29,Thailand,Budget,35-44
CUST105872,Divya Lim,2024-09-11,Thailand,Mainstream,35-44
CUST105873,Mei Ling Bin Abdullah,2026-02-20,Malaysia,Budget,35-44
CUST105874,Hui Ling Bin Abdullah,2024-11-07,Malaysia,Mainstream,35-44
CUST105875,Arif Kaur,2026-07-16,Indonesia,Budget,45-54
CUST105876,Ahmad Nair,2025-05-23,Thailand,Premium,45-54
CUST105877,Farhan Bin Abdullah,2025-09-13,Malaysia,Premium,25-34
CUST105878,Wei Ming Yusof,2025-12-22,Singapore,Mainstream,25-34
CUST105879,Nabila Rahman,2024-09-16,Indonesia,Budget,18-24
CUST105880,Siti Rahman,2025-04-02,Singapore,Mainstream,18-24
CUST105881,Siti Binte Ismail,2026-04-20,Indonesia,Budget,25-34
CUST105882,Mei Ling Chua,2026-04-19,Singapore,Mainstream,45-54
CUST105883,Ravi Goh,2026-05-05,Singapore,Budget,45-54
CUST105884,Jia Xin Kaur,2025-12-20,Indonesia,Mainstream,25-34
CUST105885,Jia Xin Tan,2026-06-09,Indonesia,Budget,45-54
CUST105886,Jia Xin Binte Ismail,2026-01-18,Malaysia,Mainstream,25-34
CUST105887,Mei Ling Bin Abdullah,2025-01-17,Indonesia,Budget,45-54
CUST105888,Ravi Osman,2024-10-30,Thailand,Budget,25-34
CUST105889,Nabila Lim,2025-01-02,Malaysia,Mainstream,35-44
CUST105890,Arif Goh,2025-08-01,Thailand,Mainstream,25-34
CUST105891,Haziq Chong,2025-03-09,Malaysia,Budget,18-24
CUST105892,Priya Kaur,2024-09-08,Singapore,Budget,25-34
CUST105893,Ahmad Osman,2026-06-21,Indonesia,Premium,35-44
CUST105894,Ahmad Tan,2024-10-07,Malaysia,Mainstream,55+
CUST105895,Aina Chua,2025-02-16,Thailand,Mainstream,35-44
CUST105896,Kumar Lim,2025-10-20,Singapore,Mainstream,45-54
CUST105897,Arif Osman,2025-09-05,Singapore,Mainstream,18-24
CUST105898,Farhan Kaur,2025-09-12,Singapore,Mainstream,45-54
CUST105899,Nabila Tan,2026-04-05,Malaysia,Budget,45-54
CUST105900,Siti Osman,2026-02-11,Indonesia,Mainstream,25-34
CUST105901,Ahmad Tan,2025-12-26,Malaysia,Mainstream,35-44
CUST105902,Ravi Bin Abdullah,2026-07-25,Singapore,Budget,18-24
CUST105903,Xin Yi Chua,2025-07-29,Malaysia,Mainstream,25-34
CUST105904,Haziq Lee,2025-08-16,Singapore,Budget,18-24
CUST105905,Kumar Muthu,2025-12-01,Malaysia,Budget,35-44
CUST105906,Divya Nair,2026-03-23,Indonesia,Mainstream,45-54
CUST105907,Arif Nair,2024-08-21,Singapore,Premium,18-24
CUST105908,Divya Rahman,2025-03-21,Malaysia,Budget,55+
CUST105909,Xin Yi Bin Abdullah,2025-08-17,Malaysia,Mainstream,45-54
CUST105910,Ravi Goh,2025-02-17,Singapore,Budget,35-44
CUST105911,Divya Lim,2025-10-31,Malaysia,Mainstream,55+
CUST105912,Divya Kaur,2026-02-22,Malaysia,Mainstream,45-54
CUST105913,Divya Rahman,2025-03-25,Malaysia,Mainstream,25-34
CUST105914,Zhi Hao Binte Ismail,2025-01-13,Singapore,Budget,55+
CUST105915,Divya Chong,2025-04-11,Singapore,Budget,25-34
CUST105916,Zhi Hao Chua,2025-06-11,Indonesia,Mainstream,25-34
CUST105917,Suresh Chua,2026-07-28,Singapore,Budget,25-34
CUST105918,Xin Yi Muthu,2025-04-20,Indonesia,Budget,35-44
CUST105919,Siti Rahman,2025-05-04,Malaysia,Budget,55+
CUST105920,Ahmad Lee,2025-10-01,Malaysia,Mainstream,25-34
CUST105921,Ravi Tan,2026-02-02,Indonesia,Budget,35-44
CUST105922,Arif Chua,2024-08-14,Malaysia,Mainstream,25-34
CUST105923,Haziq Rahman,2025-10-29,Singapore,Budget,45-54
CUST105924,Priya Chong,2026-01-12,Singapore,Mainstream,18-24
CUST105925,Mei Ling Bin Abdullah,2025-03-01,Indonesia,Premium,35-44
CUST105926,Ahmad Osman,2025-08-12,Malaysia,Budget,35-44
CUST105927,Ravi Osman,2025-06-18,Indonesia,Mainstream,18-24
CUST105928,Zhi Hao Muthu,2025-04-12,Malaysia,Mainstream,55+
CUST105929,Siti Tan,2025-11-02,Malaysia,Budget,55+
CUST105930,Arif Goh,2026-04-09,Singapore,Mainstream,25-34
CUST105931,Zhi Hao Binte Ismail,2026-03-29,Singapore,Premium,35-44
CUST105932,Suresh Rahman,2024-09-12,Indonesia,Mainstream,45-54
CUST105933,Divya Binte Ismail,2025-07-25,Singapore,Premium,18-24
CUST105934,Hui Ling Rahman,2025-09-28,Thailand,Mainstream,18-24
CUST105935,Siti Chong,2025-12-08,Singapore,Mainstream,35-44
CUST105936,Wei Ming Binte Ismail,2025-02-18,Malaysia,Budget,35-44
CUST105937,Divya Wong,2024-10-01,Singapore,Premium,35-44
CUST105938,Zhi Hao Nair,2025-01-14,Indonesia,Mainstream,35-44
CUST105939,Nabila Osman,2025-07-04,Singapore,Budget,35-44
CUST105940,Siti Yusof,2025-08-16,Malaysia,Mainstream,25-34
CUST105941,Zhi Hao Chong,2024-11-04,Thailand,Mainstream,25-34
CUST105942,Xin Yi Bin Abdullah,2024-11-11,Malaysia,Premium,25-34
CUST105943,Jia Xin Osman,2025-10-18,Singapore,Mainstream,25-34
CUST105944,Suresh Tan,2024-08-25,Indonesia,Premium,45-54
CUST105945,Mei Ling Binte Ismail,2024-12-02,Malaysia,Mainstream,45-54
CUST105946,Nur Aisyah Tan,2024-11-19,Singapore,Mainstream,25-34
CUST105947,Ahmad Yusof,2026-06-18,Malaysia,Mainstream,35-44
CUST105948,Ahmad Wong,2026-04-26,Indonesia,Budget,25-34
CUST105949,Xin Yi Nair,2025-12-24,Malaysia,Budget,35-44
CUST105950,Chen Wei Wong,2025-01-20,Indonesia,Premium,55+
CUST105951,Siti Lee,2026-06-02,Indonesia,Premium,25-34
CUST105952,Ahmad Lee,2026-05-30,Malaysia,Premium,45-54
CUST105953,Haziq Tan,2026-07-06,Singapore,Budget,18-24
CUST105954,Ahmad Lee,2026-03-11,Indonesia,Budget,25-34
CUST105955,Siti Nair,2024-09-27,Malaysia,Premium,35-44
CUST105956,Haziq Chong,2025-02-18,Singapore,Budget,45-54
CUST105957,Hui Ling Lim,2025-02-21,Singapore,Mainstream,35-44
CUST105958,Farhan Yusof,2025-12-28,Thailand,Budget,45-54
CUST105959,Priya Rahman,2025-04-29,Singapore,Premium,45-54
CUST105960,Suresh Tan,2025-01-07,Singapore,Mainstream,35-44
CUST105961,Hui Ling Bin Abdullah,2025-07-06,Singapore,Budget,25-34
CUST105962,Nabila Kaur,2024-11-12,Singapore,Mainstream,25-34
CUST105963,Nur Aisyah Rahman,2025-06-09,Thailand,Budget,35-44
CUST105964,Nabila Yusof,2025-12-05,Malaysia,Mainstream,35-44
CUST105965,Siti Binte Ismail,2025-04-19,Indonesia,Mainstream,25-34
CUST105966,Hui Ling Chua,2024-09-09,Indonesia,Mainstream,25-34
CUST105967,Arif Rahman,2024-12-03,Malaysia,Budget,25-34
CUST105968,Priya Nair,2025-07-31,Indonesia,Budget,18-24
CUST105969,Zhi Hao Chua,2025-05-20,Thailand,Budget,25-34
CUST105970,Kumar Wong,2024-08-16,Indonesia,Premium,45-54
CUST105971,Jia Xin Tan,2025-01-29,Indonesia,Budget,45-54
CUST105972,Ravi Chong,2025-07-28,Malaysia,Mainstream,55+
CUST105973,Mei Ling Goh,2026-01-05,Indonesia,Budget,35-44
CUST105974,Nur Aisyah Goh,2024-10-06,Singapore,Premium,25-34
CUST105975,Aina Binte Ismail,2024-08-15,Indonesia,Mainstream,35-44
CUST105976,Aina Chua,2026-06-08,Malaysia,Budget,45-54
CUST105977,Jia Xin Wong,2026-07-06,Malaysia,Mainstream,35-44
CUST105978,Haziq Bin Abdullah,2026-05-06,Thailand,Mainstream,35-44
CUST105979,Wei Ming Nair,2025-10-20,Malaysia,Mainstream,35-44
CUST105980,Chen Wei Kaur,2026-04-04,Singapore,Premium,18-24
CUST105981,Arif Chong,2024-10-24,Indonesia,Mainstream,25-34
CUST105982,Kumar Osman,2024-09-30,Thailand,Premium,25-34
CUST105983,Zhi Hao Wong,2026-03-20,Malaysia,Mainstream,25-34
CUST105984,Zhi Hao Yusof,2024-12-01,Thailand,Budget,45-54
CUST105985,Aina Wong,2026-04-17,Indonesia,Mainstream,25-34
CUST105986,Divya Tan,2025-01-01,Thailand,Mainstream,18-24
CUST105987,Farhan Wong,2025-11-05,Singapore,Budget,45-54
CUST105988,Ahmad Goh,2026-06-30,Malaysia,Mainstream,45-54
CUST105989,Nabila Kaur,2025-09-20,Indonesia,Budget,35-44
CUST105990,Zhi Hao Lim,2024-12-06,Thailand,Budget,25-34
CUST105991,Mei Ling Yusof,2024-09-16,Singapore,Premium,25-34
CUST105992,Aina Goh,2026-05-02,Singapore,Budget,35-44
CUST105993,Mei Ling Muthu,2024-11-26,Singapore,Mainstream,45-54
CUST105994,Nabila Chong,2025-12-27,Indonesia,Budget,25-34
CUST105995,Hui Ling Wong,2025-08-25,Thailand,Mainstream,45-54
CUST105996,Xin Yi Chong,2026-05-11,Malaysia,Premium,35-44
CUST105997,Chen Wei Osman,2024-08-18,Singapore,Mainstream,35-44
CUST105998,Hui Ling Osman,2024-12-30,Singapore,Mainstream,18-24
CUST105999,Jia Xin Osman,2025-04-17,Thailand,Budget,55+
