customer_id,customer_name,signup_date,country,segment,age_group,last_purchase_date,frequency,monetary_sgd,avg_basket_sgd,categories_purchased,recency_days,tenure_days,churned,recency_days_quartile,frequency_quartile,monetary_sgd_quartile
CUST100000,Hui Ling Chua,2025-07-24,Thailand,Budget,25-34,2026-05-14,6,406.36,67.73,4,76,370,0.0,3,3,4
CUST100001,Aina Lee,2025-08-31,Singapore,Budget,35-44,2026-06-21,5,541.61,108.32,3,38,332,0.0,2,3,3
CUST100002,Farhan Osman,2026-06-07,Malaysia,Budget,45-54,2026-04-08,6,2175.02,362.5,4,112,52,1.0,4,3,1
CUST100003,Hui Ling Yusof,2026-05-04,Singapore,Mainstream,45-54,2026-07-15,7,527.23,75.32,4,14,86,0.0,1,2,3
CUST100004,Siti Lim,2025-05-21,Singapore,Mainstream,35-44,2026-06-05,13,1219.82,93.83,7,54,434,0.0,3,1,2
CUST100005,Ahmad Goh,2025-06-09,Indonesia,Budget,25-34,2026-07-28,2,95.49,47.74,1,1,415,0.0,1,4,4
CUST100006,Ravi Chua,2025-06-19,Singapore,Budget,25-34,2026-02-07,2,195.42,97.71,2,172,405,1.0,4,4,4
CUST100007,Ravi Chua,2026-04-06,Malaysia,Premium,55+,2026-07-21,10,999.96,100.0,4,8,114,0.0,1,1,2
CUST100008,Ahmad Lim,2025-07-22,Indonesia,Budget,35-44,2026-06-15,6,675.11,112.52,4,44,372,0.0,3,3,3
CUST100009,Haziq Lee,2026-06-15,Singapore,Budget,45-54,2026-07-29,4,408.52,102.13,3,0,44,0.0,1,4,4
CUST100010,Ahmad Wong,2026-04-15,Malaysia,Budget,35-44,2026-04-28,2,985.67,492.84,2,92,105,1.0,4,4,2
CUST100011,Nur Aisyah Muthu,2025-07-30,Indonesia,Budget,55+,2025-11-03,2,209.94,104.97,2,268,364,1.0,4,4,4
CUST100012,Xin Yi Nair,2025-05-05,Thailand,Mainstream,45-54,2026-06-28,6,716.79,119.46,5,31,450,0.0,2,3,3
CUST100013,Farhan Osman,2025-04-07,Singapore,Mainstream,25-34,2026-06-10,10,1305.99,130.6,6,49,478,0.0,3,1,2
CUST100014,Ahmad Lee,2024-08-12,Thailand,Budget,45-54,2026-06-05,5,432.27,86.45,4,54,716,0.0,3,3,4
CUST100015,Mei Ling Binte Ismail,2024-11-13,Indonesia,Premium,25-34,2026-07-23,14,3122.68,223.05,5,6,623,0.0,1,1,1
CUST100016,Hui Ling Chong,2025-10-25,Indonesia,Budget,25-34,2026-06-24,5,297.21,59.44,4,35,277,0.0,2,3,4
CUST100017,Suresh Tan,2025-01-04,Malaysia,Premium,45-54,2026-06-26,14,2001.59,142.97,5,33,571,0.0,2,1,1
CUST100018,Suresh Osman,2026-05-21,Indonesia,Budget,25-34,2026-07-27,5,1552.3,310.46,3,2,69,0.0,1,3,1
CUST100019,Kumar Nair,2024-11-11,Indonesia,Budget,25-34,2026-04-28,5,446.89,89.38,3,92,625,1.0,4,3,4
CUST100020,Nur Aisyah Chua,2025-10-20,Singapore,Premium,35-44,2026-05-28,11,1978.86,179.9,5,62,282,0.0,3,1,1
CUST100021,Ravi Wong,2025-01-21,Thailand,Premium,55+,2026-07-07,17,2342.11,137.77,7,22,554,0.0,2,1,1
CUST100022,Hui Ling Goh,2024-08-20,Thailand,Mainstream,18-24,2026-06-21,10,1142.34,114.23,5,38,708,0.0,2,1,2
CUST100023,Farhan Muthu,2025-03-03,Malaysia,Mainstream,35-44,2026-06-12,8,685.94,85.74,6,47,513,0.0,3,2,3
CUST100024,Aina Chua,2024-09-26,Indonesia,Mainstream,35-44,2026-06-30,8,765.15,95.64,4,29,671,0.0,2,2,3
CUST100025,Xin Yi Bin Abdullah,2026-07-22,Malaysia,Mainstream,25-34,2026-06-22,15,3259.86,217.32,5,37,7,0.0,2,1,1
CUST100026,Jia Xin Kaur,2026-03-27,Indonesia,Budget,35-44,2026-06-05,8,1159.62,144.95,4,54,124,0.0,3,2,2
CUST100027,Mei Ling Tan,2025-04-28,Indonesia,Mainstream,35-44,2026-07-22,6,389.46,64.91,4,7,457,0.0,1,3,4
CUST100028,Ahmad Bin Abdullah,2025-06-30,Singapore,Mainstream,45-54,2026-07-18,7,656.19,93.74,5,11,394,0.0,1,2,3
CUST100029,Ravi Yusof,2026-05-03,Singapore,Mainstream,35-44,2026-06-27,5,893.17,178.63,3,32,87,0.0,2,3,2
CUST100030,Chen Wei Chua,2025-02-20,Singapore,Premium,55+,2026-05-24,15,1384.55,92.3,7,66,524,0.0,3,1,2
CUST100031,Jia Xin Goh,2026-06-17,Thailand,Mainstream,45-54,2026-06-22,5,972.57,194.51,4,37,42,0.0,2,3,2
CUST100032,Farhan Rahman,2024-08-05,Malaysia,Budget,18-24,2026-03-19,2,232.72,116.36,2,132,723,1.0,4,4,4
CUST100033,Chen Wei Wong,2026-04-06,Thailand,Budget,45-54,2026-05-02,6,691.06,115.18,4,88,114,0.0,4,3,3
CUST100034,Hui Ling Kaur,2025-09-07,Malaysia,Mainstream,35-44,2026-04-25,3,139.75,46.58,2,95,325,1.0,4,4,4
CUST100035,Xin Yi Bin Abdullah,2024-12-05,Singapore,Budget,18-24,2026-03-25,4,138.29,34.57,3,126,601,1.0,4,4,4
CUST100036,Mei Ling Lim,2025-07-19,Thailand,Premium,35-44,2026-07-23,12,2826.72,235.56,6,6,375,0.0,1,1,1
CUST100037,Aina Kaur,2025-02-01,Malaysia,Budget,45-54,2025-08-27,1,723.26,723.26,1,336,543,1.0,4,4,3
CUST100038,Priya Binte Ismail,2025-03-03,Malaysia,Budget,25-34,2026-01-14,3,233.46,77.82,2,196,513,1.0,4,4,4
CUST100039,Divya Yusof,2024-09-05,Singapore,Mainstream,25-34,2026-06-03,5,788.18,157.64,4,56,692,0.0,3,3,3
CUST100040,Chen Wei Lee,2025-08-25,Singapore,Budget,35-44,2026-06-29,7,974.58,139.23,5,30,338,0.0,2,2,2
CUST100041,Nur Aisyah Osman,2024-08-14,Singapore,Mainstream,25-34,2026-07-27,7,2871.93,410.28,4,2,714,0.0,1,2,1
CUST100042,Zhi Hao Yusof,2025-07-17,Malaysia,Budget,45-54,2026-06-05,5,467.76,93.55,5,54,377,0.0,3,3,3
CUST100043,Hui Ling Rahman,2024-10-15,Malaysia,Mainstream,25-34,2026-07-16,8,1402.51,175.31,5,13,652,0.0,1,2,2
CUST100044,Xin Yi Osman,2025-02-10,Singapore,Mainstream,45-54,2026-07-23,13,3948.74,303.75,5,6,534,0.0,1,1,1
CUST100045,Farhan Osman,2026-04-23,Singapore,Premium,45-54,2026-06-27,9,1715.09,190.57,5,32,97,0.0,2,2,1
CUST100046,Haziq Wong,2025-04-16,Singapore,Budget,25-34,2026-04-09,4,671.41,167.85,4,111,469,1.0,4,4,3
CUST100047,Suresh Rahman,2024-10-26,Malaysia,Budget,35-44,2026-04-23,5,806.23,161.25,5,97,641,1.0,4,3,3
CUST100048,Siti Yusof,2026-04-27,Thailand,Mainstream,25-34,2026-05-07,8,893.44,111.68,4,83,93,0.0,4,2,2
CUST100049,Zhi Hao Bin Abdullah,2024-11-24,Malaysia,Premium,25-34,2026-03-31,7,532.72,76.1,5,120,612,1.0,4,2,3
CUST100050,Haziq Bin Abdullah,2026-05-14,Singapore,Mainstream,35-44,2026-06-26,13,1253.27,96.41,7,33,76,0.0,2,1,2
CUST100051,Haziq Tan,2024-11-01,Malaysia,Mainstream,25-34,2026-07-27,8,633.76,79.22,5,2,635,0.0,1,2,3
CUST100052,Xin Yi Chua,2024-12-31,Thailand,Mainstream,45-54,2026-07-13,6,1263.25,210.54,5,16,575,0.0,1,3,2
CUST100053,Xin Yi Nair,2026-04-10,Indonesia,Mainstream,35-44,2026-07-14,9,830.85,92.32,5,15,110,0.0,1,2,3
CUST100054,Mei Ling Yusof,2025-02-14,Indonesia,Premium,18-24,2026-07-01,7,515.91,73.7,4,28,530,0.0,2,2,3
CUST100055,Kumar Chua,2026-05-05,Thailand,Premium,25-34,2026-07-21,10,808.25,80.82,4,8,85,0.0,1,1,3
CUST100056,Divya Lee,2025-06-10,Malaysia,Mainstream,45-54,2026-04-22,9,783.74,87.08,4,98,414,1.0,4,2,3
CUST100057,Ahmad Chong,2024-09-23,Thailand,Mainstream,25-34,2026-06-30,9,1887.41,209.71,6,29,674,0.0,2,2,1
CUST100058,Wei Ming Bin Abdullah,2026-03-01,Singapore,Premium,35-44,2026-06-28,15,2474.82,164.99,6,31,150,0.0,2,1,1
CUST100059,Siti Lim,2026-03-25,Indonesia,Budget,18-24,2026-07-09,8,768.72,96.09,5,20,126,0.0,2,2,3
CUST100060,Farhan Yusof,2025-09-24,Thailand,Budget,55+,2026-05-24,4,138.78,34.69,3,66,308,0.0,3,4,4
CUST100061,Aina Kaur,2025-11-02,Thailand,Premium,25-34,2026-07-20,12,2592.88,216.07,7,9,269,0.0,1,1,1
CUST100062,Suresh Chong,2026-06-24,Malaysia,Mainstream,35-44,2026-07-18,7,1261.19,180.17,6,11,35,0.0,1,2,2
CUST100063,Hui Ling Chua,2025-08-31,Indonesia,Budget,35-44,2026-06-25,5,932.02,186.4,5,34,332,0.0,2,3,2
CUST100064,Divya Nair,2026-01-21,Singapore,Mainstream,25-34,2026-05-17,6,506.22,84.37,4,73,189,0.0,3,3,3
CUST100065,Divya Chong,2026-04-30,Malaysia,Mainstream,35-44,2026-07-17,9,1810.53,201.17,4,12,90,0.0,1,2,1
CUST100066,Hui Ling Chong,2026-01-09,Malaysia,Mainstream,18-24,2026-06-01,8,1294.58,161.82,5,58,201,0.0,3,2,2
CUST100067,Xin Yi Rahman,2026-07-14,Malaysia,Mainstream,25-34,2026-07-19,8,1100.8,137.6,6,10,15,0.0,1,2,2
CUST100068,Zhi Hao Tan,2024-09-30,Indonesia,Budget,25-34,2026-03-11,2,247.51,123.76,2,140,667,1.0,4,4,4
CUST100069,Priya Lee,2024-08-03,Singapore,Mainstream,35-44,2026-04-20,4,1591.86,397.96,3,100,725,1.0,4,4,1
CUST100070,Nabila Binte Ismail,2025-11-03,Singapore,Budget,45-54,2026-05-17,5,542.45,108.49,4,73,268,0.0,3,3,3
CUST100071,Kumar Lee,2024-10-28,Singapore,Premium,18-24,2026-06-12,7,390.57,55.8,5,47,639,0.0,3,2,4
CUST100072,Nabila Osman,2025-08-27,Indonesia,Budget,45-54,2026-02-24,6,540.02,90.0,5,155,336,1.0,4,3,3
CUST100073,Wei Ming Binte Ismail,2024-10-01,Indonesia,Mainstream,45-54,2026-07-25,11,958.98,87.18,5,4,666,0.0,1,1,2
CUST100074,Haziq Tan,2026-03-25,Indonesia,Mainstream,18-24,2026-07-15,9,1815.81,201.76,5,14,126,0.0,1,2,1
CUST100075,Suresh Rahman,2026-01-03,Singapore,Mainstream,18-24,2026-05-17,9,2626.76,291.86,5,73,207,0.0,3,2,1
CUST100076,Chen Wei Rahman,2025-02-04,Indonesia,Mainstream,25-34,2026-06-30,6,517.94,86.32,5,29,540,0.0,2,3,3
CUST100077,Farhan Nair,2026-02-19,Indonesia,Mainstream,18-24,2025-12-22,3,178.02,59.34,2,219,160,1.0,4,4,4
CUST100078,Arif Chong,2024-12-05,Singapore,Mainstream,45-54,2026-06-17,7,959.23,137.03,6,42,601,0.0,3,2,2
CUST100079,Ahmad Chua,2025-09-22,Singapore,Budget,35-44,2026-06-11,4,498.87,124.72,4,48,310,0.0,3,4,3
CUST100080,Nabila Nair,2025-10-08,Malaysia,Budget,25-34,2026-06-09,4,403.54,100.88,2,50,294,0.0,3,4,4
CUST100081,Farhan Lee,2025-09-02,Malaysia,Mainstream,35-44,2026-04-13,4,1879.53,469.88,2,107,330,1.0,4,4,1
CUST100082,Farhan Osman,2024-12-24,Singapore,Budget,25-34,2026-06-23,4,586.53,146.63,3,36,582,0.0,2,4,3
CUST100083,Priya Bin Abdullah,2026-07-25,Singapore,Mainstream,45-54,2026-07-20,8,1203.26,150.41,6,9,4,0.0,1,2,2
CUST100084,Priya Tan,2025-01-27,Singapore,Budget,35-44,2026-05-25,4,597.16,149.29,3,65,548,0.0,3,4,3
CUST100085,Arif Lim,2025-01-07,Singapore,Mainstream,25-34,2026-07-26,9,1182.39,131.38,6,3,568,0.0,1,2,2
CUST100086,Xin Yi Yusof,2024-12-07,Singapore,Budget,35-44,2025-11-10,1,96.0,96.0,1,261,599,1.0,4,4,4
CUST100087,Aina Lee,2024-08-01,Indonesia,Mainstream,25-34,2026-06-30,10,1702.31,170.23,5,29,727,0.0,2,1,1
CUST100088,Ravi Bin Abdullah,2025-01-04,Malaysia,Budget,55+,2026-05-28,4,972.67,243.17,3,62,571,0.0,3,4,2
CUST100089,Chen Wei Kaur,2025-07-09,Malaysia,Mainstream,25-34,2026-06-26,7,571.57,81.65,4,33,385,0.0,2,2,3
CUST100090,Chen Wei Bin Abdullah,2025-08-23,Indonesia,Budget,45-54,2026-06-09,4,630.95,157.74,4,50,340,0.0,3,4,3
CUST100091,Mei Ling Yusof,2025-10-19,Malaysia,Mainstream,55+,2026-06-27,11,1788.92,162.63,6,32,283,0.0,2,1,1
CUST100092,Mei Ling Lee,2024-12-03,Singapore,Budget,35-44,2026-07-12,6,732.39,122.06,3,17,603,0.0,2,3,3
CUST100093,Nur Aisyah Wong,2025-10-16,Singapore,Mainstream,35-44,2026-03-25,9,921.61,102.4,5,126,286,1.0,4,2,2
CUST100094,Siti Rahman,2025-06-06,Singapore,Mainstream,35-44,2026-04-18,7,755.98,108.0,6,102,418,1.0,4,2,3
CUST100095,Aina Nair,2026-05-20,Malaysia,Premium,18-24,2026-07-02,9,1597.92,177.55,6,27,70,0.0,2,2,1
CUST100096,Zhi Hao Wong,2025-12-10,Malaysia,Mainstream,55+,2025-12-20,3,421.87,140.62,3,221,231,1.0,4,4,4
CUST100097,Nabila Lim,2026-01-16,Malaysia,Mainstream,25-34,2026-07-28,5,332.18,66.44,4,1,194,0.0,1,3,4
CUST100098,Priya Lim,2025-09-15,Malaysia,Mainstream,45-54,2026-05-30,6,1066.53,177.76,4,60,317,0.0,3,3,2
CUST100099,Priya Goh,2025-07-28,Thailand,Budget,35-44,2026-07-01,8,904.03,113.0,6,28,366,0.0,2,2,2
CUST100100,Jia Xin Muthu,2025-02-21,Singapore,Mainstream,18-24,2026-05-09,5,677.43,135.49,4,81,523,0.0,3,3,3
CUST100101,Mei Ling Yusof,2025-09-17,Malaysia,Budget,25-34,2026-07-04,9,990.99,110.11,5,25,315,0.0,2,2,2
CUST100102,Mei Ling Binte Ismail,2026-04-11,Malaysia,Mainstream,25-34,2026-06-24,13,802.1,61.7,6,35,109,0.0,2,1,3
CUST100103,Xin Yi Goh,2025-06-27,Indonesia,Budget,25-34,2026-03-07,2,219.72,109.86,1,144,397,1.0,4,4,4
CUST100104,Kumar Chua,2026-06-20,Indonesia,Budget,35-44,2026-06-03,6,2166.86,361.14,3,56,39,0.0,3,3,1
CUST100105,Kumar Yusof,2024-11-17,Indonesia,Mainstream,18-24,2026-04-07,3,476.56,158.85,3,113,619,1.0,4,4,3
CUST100106,Xin Yi Lee,2025-01-13,Singapore,Mainstream,55+,2026-06-26,5,763.87,152.77,4,33,562,0.0,2,3,3
CUST100107,Ravi Rahman,2026-02-15,Malaysia,Budget,25-34,2026-07-17,2,196.39,98.2,2,12,164,0.0,1,4,4
CUST100108,Hui Ling Lim,2026-01-18,Indonesia,Mainstream,35-44,2026-07-14,8,1513.98,189.25,4,15,192,0.0,1,2,1
CUST100109,Farhan Muthu,2026-07-09,Malaysia,Mainstream,25-34,2026-06-13,8,1785.38,223.17,5,46,20,0.0,3,2,1
CUST100110,Arif Lee,2025-11-05,Thailand,Budget,18-24,2026-06-22,1,108.09,108.09,1,37,266,0.0,2,4,4
CUST100111,Ravi Binte Ismail,2026-07-02,Malaysia,Budget,35-44,2026-04-27,7,1295.07,185.01,4,93,27,1.0,4,2,2
CUST100112,Ravi Rahman,2024-09-14,Malaysia,Premium,25-34,2026-07-09,11,1117.69,101.61,6,20,683,0.0,2,1,2
CUST100113,Haziq Chong,2026-04-23,Malaysia,Premium,35-44,2026-07-03,14,2567.43,183.39,5,26,97,0.0,2,1,1
CUST100114,Ahmad Bin Abdullah,2025-04-04,Malaysia,Budget,35-44,2026-01-15,1,129.44,129.44,1,195,481,1.0,4,4,4
CUST100115,Mei Ling Osman,2025-06-08,Indonesia,Mainstream,25-34,2026-05-08,1,123.26,123.26,1,82,416,0.0,4,4,4
CUST100116,Wei Ming Chua,2026-02-07,Singapore,Budget,25-34,2026-07-25,3,298.27,99.42,2,4,172,0.0,1,4,4
CUST100117,Mei Ling Yusof,2024-12-17,Malaysia,Premium,25-34,2026-07-25,11,1304.37,118.58,7,4,589,0.0,1,1,2
CUST100118,Aina Lee,2026-05-11,Malaysia,Budget,25-34,2026-07-28,6,396.05,66.01,4,1,79,0.0,1,3,4
CUST100119,Priya Nair,2024-10-20,Thailand,Budget,45-54,2026-07-22,5,389.98,78.0,5,7,647,0.0,1,3,4
CUST100120,Arif Chong,2025-02-04,Malaysia,Budget,18-24,2026-06-25,5,266.42,53.28,3,34,540,0.0,2,3,4
CUST100121,Hui Ling Nair,2025-04-22,Thailand,Mainstream,25-34,2026-07-05,9,1510.87,167.87,5,24,463,0.0,2,2,1
CUST100122,Zhi Hao Lim,2024-10-25,Thailand,Budget,35-44,2026-05-09,4,869.58,217.4,4,81,642,0.0,3,4,2
CUST100123,Xin Yi Lee,2025-10-08,Singapore,Mainstream,35-44,2026-06-10,10,1507.97,150.8,6,49,294,0.0,3,1,1
CUST100124,Xin Yi Tan,2026-01-05,Thailand,Mainstream,55+,2026-07-24,7,612.05,87.44,4,5,205,0.0,1,2,3
CUST100125,Nur Aisyah Kaur,2026-04-08,Thailand,Mainstream,45-54,2026-07-29,10,3037.43,303.74,7,0,112,0.0,1,1,1
CUST100126,Nur Aisyah Rahman,2024-09-23,Singapore,Mainstream,45-54,2026-07-24,11,1225.87,111.44,7,5,674,0.0,1,1,2
CUST100127,Aina Bin Abdullah,2025-10-09,Malaysia,Budget,35-44,2026-05-31,5,559.78,111.96,5,59,293,0.0,3,3,3
CUST100128,Aina Lim,2024-12-01,Singapore,Budget,25-34,2026-07-08,5,1132.74,226.55,3,21,605,0.0,2,3,2
CUST100129,Nur Aisyah Chong,2025-11-29,Malaysia,Budget,18-24,2026-04-12,5,291.19,58.24,3,108,242,1.0,4,3,4
CUST100130,Xin Yi Bin Abdullah,2024-08-31,Singapore,Mainstream,45-54,2026-06-24,9,883.12,98.12,6,35,697,0.0,2,2,2
CUST100131,Kumar Muthu,2024-11-01,Indonesia,Budget,25-34,2026-04-06,5,488.37,97.67,3,114,635,1.0,4,3,3
CUST100132,Nabila Chong,2025-12-17,Malaysia,Mainstream,25-34,2026-07-22,14,868.27,62.02,6,7,224,0.0,1,1,2
CUST100133,Farhan Wong,2025-08-08,Malaysia,Mainstream,35-44,2026-07-29,3,2217.35,739.12,1,0,355,0.0,1,4,1
CUST100134,Zhi Hao Chong,2024-12-27,Singapore,Mainstream,45-54,2026-05-26,8,934.07,116.76,6,64,579,0.0,3,2,2
CUST100135,Kumar Tan,2026-02-14,Indonesia,Mainstream,35-44,2026-07-21,10,1021.49,102.15,4,8,165,0.0,1,1,2
CUST100136,Nur Aisyah Goh,2026-07-12,Malaysia,Budget,18-24,2026-06-08,3,232.46,77.49,3,51,17,0.0,3,4,4
CUST100137,Farhan Kaur,2025-12-31,Malaysia,Budget,55+,2026-07-06,5,956.28,191.26,4,23,210,0.0,2,3,2
CUST100138,Mei Ling Chua,2025-05-24,Singapore,Mainstream,18-24,2026-06-17,10,1314.65,131.46,6,42,431,0.0,3,1,2
CUST100139,Hui Ling Lim,2026-04-21,Singapore,Budget,55+,2026-06-12,7,806.01,115.14,5,47,99,0.0,3,2,3
CUST100140,Kumar Kaur,2025-11-28,Malaysia,Mainstream,25-34,2025-12-13,6,1182.28,197.05,5,228,243,1.0,4,3,2
CUST100141,Aina Kaur,2024-09-27,Thailand,Premium,55+,2026-07-06,16,2822.27,176.39,6,23,670,0.0,2,1,1
CUST100142,Farhan Goh,2026-06-05,Singapore,Budget,55+,2026-07-03,9,1651.56,183.51,6,26,54,0.0,2,2,1
CUST100143,Nur Aisyah Chong,2026-06-23,Indonesia,Budget,25-34,2026-05-09,3,133.52,44.51,2,81,36,0.0,3,4,4
CUST100144,Ahmad Kaur,2025-09-23,Singapore,Budget,45-54,2026-06-30,6,1103.71,183.95,4,29,309,0.0,2,3,2
CUST100145,Haziq Rahman,2026-07-20,Indonesia,Budget,18-24,2026-04-24,5,444.24,88.85,5,96,9,1.0,4,3,4
CUST100146,Nabila Rahman,2026-07-09,Singapore,Premium,18-24,2026-07-22,13,1944.76,149.6,6,7,20,0.0,1,1,1
CUST100147,Ahmad Kaur,2026-03-18,Malaysia,Premium,25-34,2026-05-09,7,1176.37,168.05,4,81,133,0.0,3,2,2
CUST100148,Haziq Lee,2026-05-16,Malaysia,Budget,35-44,2026-07-29,6,270.71,45.12,4,0,74,0.0,1,3,4
CUST100149,Kumar Tan,2024-12-15,Singapore,Premium,18-24,2026-07-24,18,2981.63,165.65,6,5,591,0.0,1,1,1
CUST100150,Jia Xin Osman,2026-05-01,Singapore,Budget,35-44,2026-07-11,1,619.24,619.24,1,18,89,0.0,2,4,3
CUST100151,Wei Ming Muthu,2025-07-12,Malaysia,Premium,55+,2026-07-03,18,2122.35,117.91,7,26,382,0.0,2,1,1
CUST100152,Ahmad Bin Abdullah,2025-03-02,Malaysia,Mainstream,45-54,2026-07-27,8,815.06,101.88,4,2,514,0.0,1,2,3
CUST100153,Priya Chong,2025-04-29,Thailand,Budget,25-34,2026-03-07,5,579.21,115.84,3,144,456,1.0,4,3,3
CUST100154,Priya Lim,2025-04-08,Malaysia,Mainstream,35-44,2026-05-28,9,875.67,97.3,4,62,477,0.0,3,2,2
CUST100155,Aina Yusof,2025-11-10,Thailand,Mainstream,25-34,2026-05-22,6,614.96,102.49,4,68,261,0.0,3,3,3
CUST100156,Arif Rahman,2024-10-19,Malaysia,Budget,25-34,2026-04-28,3,203.0,67.67,2,92,648,1.0,4,4,4
CUST100157,Siti Nair,2026-06-09,Singapore,Budget,55+,2026-07-12,3,540.69,180.23,2,17,50,0.0,2,4,3
CUST100158,Ravi Yusof,2026-05-12,Singapore,Mainstream,55+,2026-06-03,5,1164.91,232.98,4,56,78,0.0,3,3,2
CUST100159,Chen Wei Chua,2024-11-12,Malaysia,Budget,25-34,2026-07-05,6,663.97,110.66,4,24,624,0.0,2,3,3
CUST100160,Priya Lim,2026-06-10,Singapore,Budget,25-34,2026-07-28,8,1747.38,218.42,5,1,49,0.0,1,2,1
CUST100161,Zhi Hao Muthu,2026-03-11,Thailand,Budget,25-34,2026-05-05,3,175.4,58.47,3,85,140,0.0,4,4,4
CUST100162,Nabila Binte Ismail,2026-03-25,Indonesia,Mainstream,25-34,2025-12-13,3,358.87,119.62,3,228,126,1.0,4,4,4
CUST100163,Siti Tan,2026-07-05,Malaysia,Budget,18-24,2026-07-23,8,1140.22,142.53,5,6,24,0.0,1,2,2
CUST100164,Arif Chong,2026-05-05,Malaysia,Mainstream,18-24,2026-07-23,4,738.92,184.73,3,6,85,0.0,1,4,3
CUST100165,Ahmad Wong,2025-06-06,Malaysia,Budget,25-34,2026-05-19,3,294.95,98.32,3,71,418,0.0,3,4,4
CUST100166,Priya Osman,2025-04-03,Malaysia,Budget,25-34,2026-03-21,3,406.19,135.4,3,130,482,1.0,4,4,4
CUST100167,Mei Ling Osman,2026-05-30,Singapore,Mainstream,45-54,2026-07-24,11,1465.56,133.23,7,5,60,0.0,1,1,1
CUST100168,Nabila Rahman,2024-09-10,Singapore,Budget,45-54,2026-07-23,5,553.38,110.68,4,6,687,0.0,1,3,3
CUST100169,Siti Goh,2026-05-21,Singapore,Mainstream,35-44,2026-06-14,5,1664.46,332.89,4,45,69,0.0,3,3,1
CUST100170,Zhi Hao Rahman,2025-03-15,Singapore,Budget,25-34,2026-01-13,3,245.19,81.73,2,197,501,1.0,4,4,4
CUST100171,Zhi Hao Kaur,2024-12-22,Indonesia,Mainstream,45-54,2026-06-14,9,1685.55,187.28,5,45,584,0.0,3,2,1
CUST100172,Chen Wei Binte Ismail,2025-07-14,Singapore,Budget,25-34,2026-06-05,5,1406.64,281.33,5,54,380,0.0,3,3,2
CUST100173,Nabila Goh,2025-08-05,Singapore,Mainstream,45-54,2026-04-16,5,406.34,81.27,3,104,358,1.0,4,3,4
CUST100174,Nur Aisyah Bin Abdullah,2026-05-11,Thailand,Budget,18-24,2026-05-31,3,289.36,96.45,2,59,79,0.0,3,4,4
CUST100175,Ahmad Tan,2026-02-03,Thailand,Premium,55+,2026-07-15,11,1446.14,131.47,6,14,176,0.0,1,1,1
CUST100176,Kumar Lee,2024-11-16,Malaysia,Budget,18-24,2026-05-27,9,1158.25,128.69,5,63,620,0.0,3,2,2
CUST100177,Nabila Goh,2025-11-17,Malaysia,Budget,45-54,2026-06-10,3,260.54,86.85,2,49,254,0.0,3,4,4
CUST100178,Nur Aisyah Muthu,2026-07-04,Indonesia,Mainstream,18-24,2026-05-05,9,1381.09,153.45,7,85,25,0.0,4,2,2
CUST100179,Hui Ling Chua,2025-02-12,Singapore,Budget,45-54,2026-07-21,5,229.96,45.99,3,8,532,0.0,1,3,4
CUST100180,Haziq Muthu,2025-03-17,Malaysia,Mainstream,35-44,2026-07-02,7,1033.56,147.65,5,27,499,0.0,2,2,2
CUST100181,Siti Muthu,2026-06-11,Singapore,Mainstream,18-24,2025-12-18,3,543.87,181.29,3,223,48,1.0,4,4,3
CUST100182,Arif Kaur,2026-06-22,Malaysia,Mainstream,45-54,2026-07-14,11,2295.22,208.66,5,15,37,0.0,1,1,1
CUST100183,Mei Ling Rahman,2026-05-05,Thailand,Mainstream,18-24,2026-07-06,9,1000.7,111.19,5,23,85,0.0,2,2,2
CUST100184,Wei Ming Chua,2026-06-22,Indonesia,Premium,35-44,2026-06-20,11,2346.91,213.36,5,39,37,0.0,3,1,1
CUST100185,Priya Nair,2025-05-06,Thailand,Mainstream,25-34,2026-07-24,7,450.32,64.33,4,5,449,0.0,1,2,4
CUST100186,Farhan Wong,2026-04-24,Indonesia,Budget,45-54,2026-07-21,2,180.58,90.29,2,8,96,0.0,1,4,4
CUST100187,Suresh Lim,2025-05-12,Malaysia,Mainstream,45-54,2026-06-02,6,912.82,152.14,4,57,443,0.0,3,3,2
CUST100188,Ravi Chua,2026-03-23,Indonesia,Budget,25-34,2026-01-28,3,275.79,91.93,3,182,128,1.0,4,4,4
CUST100189,Jia Xin Binte Ismail,2024-08-19,Indonesia,Budget,45-54,2026-05-12,3,717.11,239.04,3,78,709,0.0,3,4,3
CUST100190,Wei Ming Goh,2025-02-15,Malaysia,Budget,55+,2026-01-06,3,718.8,239.6,3,204,529,1.0,4,4,3
CUST100191,Chen Wei Binte Ismail,2025-10-29,Singapore,Budget,35-44,2026-06-16,7,832.63,118.95,4,43,273,0.0,3,2,3
CUST100192,Wei Ming Lim,2025-09-20,Malaysia,Budget,25-34,2026-07-23,7,1759.91,251.42,4,6,312,0.0,1,2,1
CUST100193,Hui Ling Osman,2026-06-12,Singapore,Budget,25-34,2026-07-08,7,1354.73,193.53,4,21,47,0.0,2,2,2
CUST100194,Suresh Bin Abdullah,2026-06-19,Malaysia,Mainstream,25-34,2026-07-16,7,957.9,136.84,5,13,40,0.0,1,2,2
CUST100195,Ravi Bin Abdullah,2025-07-02,Singapore,Mainstream,25-34,2026-03-24,9,1685.44,187.27,6,127,392,1.0,4,2,1
CUST100196,Jia Xin Chong,2026-07-13,Malaysia,Premium,25-34,2026-07-20,18,3087.67,171.54,7,9,16,0.0,1,1,1
CUST100197,Ravi Muthu,2025-04-20,Singapore,Budget,45-54,2026-06-26,4,272.79,68.2,3,33,465,0.0,2,4,4
CUST100198,Wei Ming Bin Abdullah,2025-10-23,Singapore,Budget,35-44,2026-02-13,2,192.61,96.3,2,166,279,1.0,4,4,4
CUST100199,Kumar Rahman,2026-04-19,Malaysia,Mainstream,35-44,2026-07-28,9,1686.57,187.4,5,1,101,0.0,1,2,1
CUST100200,Nabila Chua,2025-07-03,Singapore,Budget,18-24,2026-06-13,8,882.04,110.26,6,46,391,0.0,3,2,2
CUST100201,Priya Goh,2025-06-21,Thailand,Budget,18-24,2026-05-24,3,308.39,102.8,2,66,403,0.0,3,4,4
CUST100202,Mei Ling Kaur,2025-01-31,Malaysia,Mainstream,45-54,2026-06-23,6,297.06,49.51,4,36,544,0.0,2,3,4
CUST100203,Farhan Bin Abdullah,2026-03-07,Malaysia,Mainstream,35-44,2026-06-18,10,1738.73,173.87,7,41,144,0.0,3,1,1
CUST100204,Chen Wei Tan,2025-06-25,Singapore,Budget,55+,2026-06-07,7,685.16,97.88,4,52,399,0.0,3,2,3
CUST100205,Nur Aisyah Binte Ismail,2024-11-20,Indonesia,Mainstream,35-44,2026-05-10,8,1161.38,145.17,6,80,616,0.0,3,2,2
CUST100206,Kumar Lim,2026-01-13,Malaysia,Mainstream,25-34,2026-01-31,1,28.94,28.94,1,179,197,1.0,4,4,4
CUST100207,Wei Ming Yusof,2024-11-27,Malaysia,Premium,35-44,2026-07-15,9,2234.3,248.26,6,14,609,0.0,1,2,1
CUST100208,Nabila Lim,2025-02-16,Singapore,Budget,35-44,2026-07-21,7,1737.05,248.15,5,8,528,0.0,1,2,1
CUST100209,Kumar Kaur,2025-09-19,Indonesia,Mainstream,18-24,2026-07-12,10,2145.44,214.54,4,17,313,0.0,2,1,1
CUST100210,Chen Wei Yusof,2024-10-23,Thailand,Mainstream,35-44,2026-07-15,11,907.19,82.47,4,14,644,0.0,1,1,2
CUST100211,Xin Yi Chong,2024-08-23,Malaysia,Budget,25-34,2026-05-04,5,229.21,45.84,4,86,705,0.0,4,3,4
CUST100212,Farhan Bin Abdullah,2026-02-07,Singapore,Mainstream,25-34,2026-05-27,12,845.94,70.5,5,63,172,0.0,3,1,3
CUST100213,Suresh Osman,2024-08-13,Singapore,Mainstream,18-24,2026-07-03,5,261.13,52.23,4,26,715,0.0,2,3,4
CUST100214,Wei Ming Yusof,2026-07-28,Singapore,Budget,35-44,2026-07-26,9,940.1,104.46,5,3,1,0.0,1,2,2
CUST100215,Hui Ling Chua,2026-04-26,Indonesia,Mainstream,35-44,2026-06-14,10,1208.38,120.84,5,45,94,0.0,3,1,2
CUST100216,Haziq Lim,2026-06-28,Thailand,Budget,25-34,2026-04-25,4,272.01,68.0,3,95,31,1.0,4,4,4
CUST100217,Farhan Lim,2025-11-03,Thailand,Mainstream,45-54,2026-07-08,9,1120.13,124.46,6,21,268,0.0,2,2,2
CUST100218,Divya Muthu,2024-09-14,Indonesia,Budget,45-54,2026-07-15,10,1424.38,142.44,5,14,683,0.0,1,1,1
CUST100219,Hui Ling Wong,2025-05-17,Singapore,Mainstream,25-34,2026-06-29,7,1295.67,185.1,4,30,438,0.0,2,2,2
CUST100220,Nabila Rahman,2025-05-05,Thailand,Budget,18-24,2026-07-17,8,1486.69,185.84,5,12,450,0.0,1,2,1
CUST100221,Arif Kaur,2026-05-29,Singapore,Mainstream,25-34,2026-06-03,7,881.65,125.95,5,56,61,0.0,3,2,2
CUST100222,Ahmad Nair,2025-07-18,Singapore,Mainstream,25-34,2026-07-23,7,1269.16,181.31,5,6,376,0.0,1,2,2
CUST100223,Priya Goh,2025-10-23,Indonesia,Mainstream,55+,2026-07-08,4,1435.97,358.99,3,21,279,0.0,2,4,1
CUST100224,Ahmad Rahman,2025-08-14,Singapore,Mainstream,45-54,2026-02-18,2,106.71,53.36,2,161,349,1.0,4,4,4
CUST100225,Nabila Muthu,2026-01-20,Indonesia,Budget,18-24,2026-06-18,5,790.23,158.05,4,41,190,0.0,3,3,3
CUST100226,Mei Ling Tan,2026-03-04,Thailand,Budget,35-44,2026-07-01,4,610.95,152.74,3,28,147,0.0,2,4,3
CUST100227,Divya Chong,2024-09-03,Indonesia,Mainstream,25-34,2026-07-18,9,1685.44,187.27,6,11,694,0.0,1,2,1
CUST100228,Arif Nair,2025-06-17,Indonesia,Budget,18-24,2026-07-10,6,553.38,92.23,4,19,407,0.0,2,3,3
CUST100229,Haziq Lim,2025-10-02,Malaysia,Mainstream,25-34,2026-05-11,6,387.08,64.51,4,79,300,0.0,3,3,4
CUST100230,Ravi Bin Abdullah,2026-06-06,Singapore,Mainstream,18-24,2026-04-09,5,516.14,103.23,2,111,53,1.0,4,3,3
CUST100231,Ravi Lee,2025-01-19,Indonesia,Premium,25-34,2026-05-22,14,1977.96,141.28,6,68,556,0.0,3,1,1
CUST100232,Wei Ming Goh,2025-08-19,Malaysia,Budget,25-34,2026-05-31,5,974.99,195.0,3,59,344,0.0,3,3,2
CUST100233,Nur Aisyah Chong,2025-10-20,Thailand,Mainstream,25-34,2026-07-10,11,1952.78,177.53,5,19,282,0.0,2,1,1
CUST100234,Nur Aisyah Muthu,2025-03-30,Singapore,Budget,25-34,2026-05-24,1,124.16,124.16,1,66,486,0.0,3,4,4
CUST100235,Ravi Osman,2026-04-24,Singapore,Premium,35-44,2026-07-11,16,2264.74,141.55,7,18,96,0.0,2,1,1
CUST100236,Farhan Kaur,2025-07-05,Malaysia,Mainstream,25-34,2026-07-22,5,788.3,157.66,4,7,389,0.0,1,3,3
CUST100237,Zhi Hao Chua,2024-11-06,Indonesia,Mainstream,35-44,2026-07-02,10,1757.98,175.8,6,27,630,0.0,2,1,1
CUST100238,Haziq Tan,2025-08-25,Indonesia,Mainstream,25-34,2026-06-27,5,1281.06,256.21,4,32,338,0.0,2,3,2
CUST100239,Aina Lim,2026-07-29,Thailand,Budget,55+,2026-07-06,8,1234.11,154.26,6,23,0,0.0,2,2,2
CUST100240,Kumar Osman,2026-02-12,Singapore,Mainstream,18-24,2026-06-30,10,1230.48,123.05,6,29,167,0.0,2,1,2
CUST100241,Kumar Chua,2026-06-19,Malaysia,Mainstream,35-44,2026-07-10,5,760.96,152.19,4,19,40,0.0,2,3,3
CUST100242,Mei Ling Binte Ismail,2025-07-29,Singapore,Budget,25-34,2026-07-21,5,440.43,88.09,4,8,365,0.0,1,3,4
CUST100243,Priya Kaur,2025-11-05,Singapore,Premium,25-34,2026-07-22,9,2801.78,311.31,4,7,266,0.0,1,2,1
CUST100244,Xin Yi Nair,2026-04-24,Malaysia,Premium,35-44,2026-07-09,9,541.97,60.22,4,20,96,0.0,2,2,3
CUST100245,Chen Wei Muthu,2025-03-15,Malaysia,Premium,45-54,2026-07-25,10,1733.16,173.32,7,4,501,0.0,1,1,1
CUST100246,Xin Yi Nair,2026-03-23,Malaysia,Mainstream,55+,2026-07-11,9,393.74,43.75,5,18,128,0.0,2,2,4
CUST100247,Kumar Lee,2025-11-22,Malaysia,Budget,35-44,2026-02-22,6,688.95,114.82,4,157,249,1.0,4,3,3
CUST100248,Arif Wong,2024-08-07,Malaysia,Mainstream,25-34,2026-07-29,11,1226.3,111.48,5,0,721,0.0,1,1,2
CUST100249,Chen Wei Lee,2026-06-11,Indonesia,Budget,45-54,2026-05-06,3,414.66,138.22,3,84,48,0.0,4,4,4
CUST100250,Arif Nair,2026-01-30,Singapore,Mainstream,25-34,2026-05-19,6,1064.57,177.43,4,71,180,0.0,3,3,2
CUST100251,Nabila Muthu,2025-12-09,Singapore,Budget,35-44,2026-05-12,9,580.37,64.49,5,78,232,0.0,3,2,3
CUST100252,Kumar Lee,2025-07-23,Indonesia,Premium,45-54,2026-06-19,12,1287.35,107.28,6,40,371,0.0,3,1,2
CUST100253,Ahmad Binte Ismail,2026-02-01,Indonesia,Budget,25-34,2026-07-12,7,1842.58,263.23,5,17,178,0.0,2,2,1
CUST100254,Kumar Binte Ismail,2024-08-20,Indonesia,Budget,35-44,2026-04-30,3,670.49,223.5,3,90,708,0.0,4,4,3
CUST100255,Nabila Chua,2026-07-26,Singapore,Budget,18-24,2026-06-27,6,725.65,120.94,4,32,3,0.0,2,3,3
CUST100256,Haziq Osman,2024-09-05,Malaysia,Mainstream,18-24,2026-07-13,11,869.03,79.0,6,16,692,0.0,1,1,2
CUST100257,Nabila Lim,2025-07-04,Thailand,Budget,55+,2026-07-11,8,1863.7,232.96,6,18,390,0.0,2,2,1
CUST100258,Suresh Tan,2026-07-02,Malaysia,Budget,25-34,2025-11-03,5,821.0,164.2,3,268,27,1.0,4,3,3
CUST100259,Mei Ling Chong,2026-05-05,Malaysia,Budget,25-34,2026-05-24,3,121.36,40.45,3,66,85,0.0,3,4,4
CUST100260,Jia Xin Bin Abdullah,2026-05-15,Thailand,Budget,35-44,2026-07-12,5,1185.3,237.06,3,17,75,0.0,2,3,2
CUST100261,Nur Aisyah Osman,2026-01-01,Singapore,Premium,25-34,2026-05-26,6,320.8,53.47,4,64,209,0.0,3,3,4
CUST100262,Priya Rahman,2025-11-28,Indonesia,Mainstream,18-24,2026-05-13,6,1427.63,237.94,5,77,243,0.0,3,3,1
CUST100263,Chen Wei Bin Abdullah,2025-04-17,Thailand,Budget,25-34,2026-04-22,3,767.62,255.87,2,98,468,1.0,4,4,3
CUST100264,Chen Wei Muthu,2025-12-14,Singapore,Budget,35-44,2026-06-18,5,662.29,132.46,4,41,227,0.0,3,3,3
CUST100265,Divya Bin Abdullah,2025-02-15,Indonesia,Budget,25-34,2026-05-20,6,429.86,71.64,3,70,529,0.0,3,3,4
CUST100266,Nur Aisyah Rahman,2025-12-27,Malaysia,Budget,45-54,2026-07-16,6,769.4,128.23,4,13,214,0.0,1,3,3
CUST100267,Divya Bin Abdullah,2026-01-18,Thailand,Budget,25-34,2026-07-11,6,758.97,126.5,4,18,192,0.0,2,3,3
CUST100268,Mei Ling Lim,2026-01-09,Thailand,Budget,55+,2026-05-16,4,430.75,107.69,3,74,201,0.0,3,4,4
CUST100269,Ahmad Tan,2025-12-01,Thailand,Budget,25-34,2026-07-21,9,1812.67,201.41,6,8,240,0.0,1,2,1
CUST100270,Ravi Tan,2024-11-25,Singapore,Budget,25-34,2026-06-15,1,96.22,96.22,1,44,611,0.0,3,4,4
CUST100271,Nur Aisyah Bin Abdullah,2026-01-30,Indonesia,Mainstream,55+,2026-07-24,9,1575.04,175.0,5,5,180,0.0,1,2,1
CUST100272,Haziq Tan,2026-01-11,Thailand,Budget,45-54,2026-06-23,9,1305.44,145.05,5,36,199,0.0,2,2,2
CUST100273,Farhan Chong,2024-08-30,Malaysia,Mainstream,25-34,2026-07-19,4,474.77,118.69,3,10,698,0.0,1,4,3
CUST100274,Ahmad Yusof,2025-04-08,Malaysia,Mainstream,25-34,2026-04-17,2,631.23,315.62,2,103,477,1.0,4,4,3
CUST100275,Haziq Wong,2026-03-12,Singapore,Premium,45-54,2026-07-26,14,1458.35,104.17,6,3,139,0.0,1,1,1
CUST100276,Haziq Rahman,2024-11-03,Thailand,Budget,18-24,2025-12-07,1,30.91,30.91,1,234,633,1.0,4,4,4
CUST100277,Nabila Kaur,2026-03-18,Singapore,Mainstream,25-34,2026-06-18,8,1019.33,127.42,6,41,133,0.0,3,2,2
CUST100278,Ravi Muthu,2026-04-02,Singapore,Premium,35-44,2026-07-01,12,1083.52,90.29,5,28,118,0.0,2,1,2
CUST100279,Xin Yi Osman,2025-09-08,Thailand,Premium,45-54,2026-04-30,10,1781.91,178.19,6,90,324,0.0,4,1,1
CUST100280,Ahmad Tan,2025-03-12,Thailand,Mainstream,35-44,2026-05-23,9,896.85,99.65,5,67,504,0.0,3,2,2
CUST100281,Mei Ling Bin Abdullah,2026-03-13,Thailand,Budget,35-44,2025-08-21,1,148.14,148.14,1,342,138,1.0,4,4,4
CUST100282,Suresh Binte Ismail,2025-01-26,Malaysia,Premium,55+,2026-06-09,6,442.95,73.82,4,50,549,0.0,3,3,4
CUST100283,Siti Binte Ismail,2026-04-06,Singapore,Mainstream,18-24,2026-04-27,5,478.54,95.71,4,93,114,1.0,4,3,3
CUST100284,Zhi Hao Chong,2025-01-05,Malaysia,Budget,45-54,2026-04-23,5,460.99,92.2,4,97,570,1.0,4,3,4
CUST100285,Chen Wei Lee,2026-05-21,Singapore,Budget,18-24,2026-07-08,1,295.23,295.23,1,21,69,0.0,2,4,4
CUST100286,Kumar Tan,2025-08-24,Thailand,Premium,35-44,2026-07-21,17,3407.22,200.42,7,8,339,0.0,1,1,1
CUST100287,Wei Ming Wong,2025-04-18,Malaysia,Budget,35-44,2026-06-12,8,578.63,72.33,6,47,467,0.0,3,2,3
CUST100288,Chen Wei Kaur,2026-01-17,Malaysia,Mainstream,25-34,2026-07-11,9,1563.12,173.68,5,18,193,0.0,2,2,1
CUST100289,Suresh Lim,2025-05-09,Singapore,Budget,35-44,2026-02-07,3,182.68,60.89,3,172,446,1.0,4,4,4
CUST100290,Hui Ling Osman,2025-03-14,Malaysia,Mainstream,45-54,2025-12-23,2,70.14,35.07,2,218,502,1.0,4,4,4
CUST100291,Arif Tan,2025-04-11,Thailand,Budget,35-44,2026-07-11,4,1574.06,393.52,3,18,474,0.0,2,4,1
CUST100292,Farhan Muthu,2025-10-13,Indonesia,Mainstream,18-24,2026-07-27,10,1162.21,116.22,5,2,289,0.0,1,1,2
CUST100293,Aina Lim,2025-01-11,Singapore,Mainstream,18-24,2026-07-27,8,922.1,115.26,7,2,564,0.0,1,2,2
CUST100294,Haziq Osman,2025-02-10,Singapore,Premium,35-44,2026-05-23,10,983.97,98.4,5,67,534,0.0,3,1,2
CUST100295,Haziq Muthu,2025-12-03,Malaysia,Budget,35-44,,0,0.0,0.0,0,9999,238,,4,4,4
CUST100296,Siti Goh,2025-02-09,Singapore,Budget,25-34,2026-04-30,4,317.2,79.3,2,90,535,0.0,4,4,4
CUST100297,Priya Osman,2024-09-27,Thailand,Budget,25-34,2026-07-03,4,375.63,93.91,4,26,670,0.0,2,4,4
CUST100298,Divya Chua,2024-12-10,Indonesia,Budget,35-44,2026-07-18,2,139.12,69.56,2,11,596,0.0,1,4,4
CUST100299,Zhi Hao Nair,2025-02-09,Singapore,Premium,25-34,2026-06-24,14,1166.49,83.32,6,35,535,0.0,2,1,2
CUST100300,Zhi Hao Chua,2025-01-16,Indonesia,Budget,18-24,2026-05-28,4,460.72,115.18,3,62,559,0.0,3,4,4
CUST100301,Ravi Bin Abdullah,2024-12-19,Malaysia,Budget,25-34,2026-06-13,4,592.93,148.23,4,46,587,0.0,3,4,3
CUST100302,Haziq Chong,2025-12-30,Singapore,Mainstream,35-44,2026-07-11,7,976.83,139.55,5,18,211,0.0,2,2,2
CUST100303,Priya Kaur,2025-02-18,Malaysia,Budget,55+,2026-05-14,6,702.75,117.12,5,76,526,0.0,3,3,3
CUST100304,Nabila Osman,2026-03-06,Singapore,Budget,35-44,2026-03-04,7,572.46,81.78,3,147,145,1.0,4,2,3
CUST100305,Haziq Lee,2025-11-10,Malaysia,Mainstream,25-34,2026-03-16,6,791.97,132.0,5,135,261,1.0,4,3,3
CUST100306,Xin Yi Wong,2024-09-15,Indonesia,Budget,45-54,2026-05-21,5,1739.38,347.88,3,69,682,0.0,3,3,1
CUST100307,Aina Nair,2026-01-04,Thailand,Mainstream,25-34,2026-06-23,12,1782.38,148.53,6,36,206,0.0,2,1,1
CUST100308,Siti Binte Ismail,2024-11-21,Singapore,Mainstream,55+,2026-05-25,6,712.68,118.78,4,65,615,0.0,3,3,3
CUST100309,Hui Ling Bin Abdullah,2025-09-24,Malaysia,Budget,25-34,2026-07-13,5,289.27,57.85,4,16,308,0.0,1,3,4
CUST100310,Farhan Kaur,2026-02-26,Singapore,Mainstream,45-54,2026-05-24,8,1210.51,151.31,6,66,153,0.0,3,2,2
CUST100311,Nur Aisyah Lee,2026-05-20,Malaysia,Premium,45-54,2026-07-11,15,1747.61,116.51,7,18,70,0.0,2,1,1
CUST100312,Zhi Hao Binte Ismail,2025-06-24,Singapore,Budget,45-54,2026-07-13,7,724.43,103.49,5,16,400,0.0,1,2,3
CUST100313,Priya Wong,2025-09-03,Malaysia,Mainstream,18-24,2026-06-21,8,632.8,79.1,4,38,329,0.0,2,2,3
CUST100314,Ahmad Wong,2025-07-21,Singapore,Budget,45-54,2026-07-18,6,1137.8,189.63,4,11,373,0.0,1,3,2
CUST100315,Ravi Rahman,2026-06-28,Thailand,Mainstream,35-44,2026-06-29,6,540.3,90.05,4,30,31,0.0,2,3,3
CUST100316,Farhan Wong,2026-01-15,Thailand,Mainstream,25-34,2026-07-23,5,562.08,112.42,4,6,195,0.0,1,3,3
CUST100317,Nur Aisyah Yusof,2026-07-27,Singapore,Budget,35-44,2026-06-22,4,556.75,139.19,3,37,2,0.0,2,4,3
CUST100318,Siti Rahman,2025-12-21,Indonesia,Mainstream,35-44,2026-06-19,3,614.4,204.8,2,40,220,0.0,3,4,3
CUST100319,Xin Yi Goh,2024-09-18,Singapore,Budget,55+,2025-11-09,2,880.14,440.07,2,262,679,1.0,4,4,2
CUST100320,Aina Muthu,2026-04-09,Indonesia,Mainstream,45-54,2026-06-02,6,1338.58,223.1,4,57,111,0.0,3,3,2
CUST100321,Suresh Kaur,2025-03-13,Singapore,Mainstream,25-34,2026-06-13,11,1871.74,170.16,6,46,503,0.0,3,1,1
CUST100322,Xin Yi Rahman,2026-07-25,Singapore,Budget,35-44,2026-02-04,4,320.67,80.17,3,175,4,1.0,4,4,4
CUST100323,Mei Ling Chong,2025-06-14,Indonesia,Budget,25-34,2026-07-29,5,336.1,67.22,2,0,410,0.0,1,3,4
CUST100324,Nabila Osman,2024-09-25,Malaysia,Premium,25-34,2026-07-13,8,1971.47,246.43,4,16,672,0.0,1,2,1
CUST100325,Mei Ling Nair,2025-11-22,Malaysia,Budget,45-54,2026-05-21,3,449.12,149.71,2,69,249,0.0,3,4,4
CUST100326,Siti Osman,2026-03-08,Malaysia,Budget,35-44,2026-06-30,4,1594.72,398.68,3,29,143,0.0,2,4,1
CUST100327,Divya Kaur,2025-06-08,Singapore,Budget,45-54,2026-06-27,5,528.21,105.64,4,32,416,0.0,2,3,3
CUST100328,Xin Yi Nair,2026-01-07,Singapore,Mainstream,35-44,2026-02-22,4,1098.04,274.51,4,157,203,1.0,4,4,2
CUST100329,Hui Ling Rahman,2024-10-17,Malaysia,Budget,25-34,2026-05-04,2,116.82,58.41,2,86,650,0.0,4,4,4
CUST100330,Nur Aisyah Chua,2024-11-17,Malaysia,Mainstream,35-44,2026-06-30,4,298.95,74.74,3,29,619,0.0,2,4,4
CUST100331,Wei Ming Binte Ismail,2025-04-09,Singapore,Mainstream,18-24,2026-06-05,4,358.11,89.53,3,54,476,0.0,3,4,4
CUST100332,Divya Yusof,2025-04-19,Malaysia,Budget,55+,2026-07-16,6,691.78,115.3,4,13,466,0.0,1,3,3
CUST100333,Ahmad Osman,2025-05-16,Malaysia,Mainstream,55+,2026-05-07,4,839.8,209.95,4,83,439,0.0,4,4,3
CUST100334,Chen Wei Lim,2025-02-08,Indonesia,Budget,45-54,2026-04-30,9,1482.34,164.7,5,90,536,0.0,4,2,1
CUST100335,Nabila Nair,2025-08-28,Indonesia,Budget,45-54,2026-07-18,4,432.45,108.11,3,11,335,0.0,1,4,4
CUST100336,Zhi Hao Lim,2024-08-21,Malaysia,Mainstream,35-44,2026-07-10,9,655.94,72.88,3,19,707,0.0,2,2,3
CUST100337,Zhi Hao Yusof,2025-11-19,Malaysia,Budget,35-44,2026-05-27,7,1715.89,245.13,4,63,252,0.0,3,2,1
CUST100338,Divya Lim,2026-07-23,Malaysia,Premium,45-54,2026-06-29,10,1908.74,190.87,5,30,6,0.0,2,1,1
CUST100339,Ahmad Goh,2025-03-07,Singapore,Mainstream,25-34,2026-04-12,8,1024.38,128.05,6,108,509,1.0,4,2,2
CUST100340,Ravi Bin Abdullah,2025-04-02,Singapore,Budget,45-54,2026-06-07,5,569.24,113.85,4,52,483,0.0,3,3,3
CUST100341,Nabila Goh,2024-08-12,Singapore,Premium,25-34,2026-05-04,13,1680.46,129.27,5,86,716,0.0,4,1,1
CUST100342,Nur Aisyah Osman,2025-10-14,Indonesia,Mainstream,45-54,2026-06-09,5,1079.97,215.99,4,50,288,0.0,3,3,2
CUST100343,Farhan Chong,2025-09-22,Singapore,Budget,35-44,2025-10-31,3,273.57,91.19,3,271,310,1.0,4,4,4
CUST100344,Farhan Chua,2025-06-14,Malaysia,Mainstream,45-54,2026-06-12,10,1761.72,176.17,7,47,410,0.0,3,1,1
CUST100345,Nabila Chua,2025-10-16,Malaysia,Premium,35-44,2026-07-23,12,1460.48,121.71,6,6,286,0.0,1,1,1
CUST100346,Chen Wei Goh,2025-01-03,Malaysia,Budget,35-44,2026-05-15,4,365.66,91.42,3,75,572,0.0,3,4,4
CUST100347,Hui Ling Binte Ismail,2025-09-20,Indonesia,Budget,55+,2026-07-14,5,489.12,97.82,5,15,312,0.0,1,3,3
CUST100348,Ravi Chong,2025-01-03,Indonesia,Mainstream,25-34,2026-06-30,5,430.45,86.09,4,29,572,0.0,2,3,4
CUST100349,Hui Ling Lim,2025-09-22,Singapore,Budget,25-34,2025-12-07,5,448.88,89.78,4,234,310,1.0,4,3,4
CUST100350,Ahmad Nair,2026-02-15,Indonesia,Budget,18-24,2026-04-19,4,740.9,185.22,3,101,164,1.0,4,4,3
CUST100351,Nur Aisyah Bin Abdullah,2024-08-05,Malaysia,Mainstream,35-44,2026-01-27,2,262.74,131.37,2,183,723,1.0,4,4,4
CUST100352,Arif Chong,2025-07-10,Singapore,Premium,35-44,2026-06-06,12,1523.23,126.94,6,53,384,0.0,3,1,1
CUST100353,Wei Ming Chong,2025-03-01,Indonesia,Mainstream,35-44,2026-07-29,9,1074.03,119.34,5,0,515,0.0,1,2,2
CUST100354,Mei Ling Lee,2025-05-24,Indonesia,Budget,18-24,2026-04-15,1,131.78,131.78,1,105,431,1.0,4,4,4
CUST100355,Aina Kaur,2025-11-09,Singapore,Budget,18-24,2025-12-31,1,18.06,18.06,1,210,262,1.0,4,4,4
CUST100356,Ravi Chua,2024-08-19,Thailand,Budget,45-54,2026-01-26,3,238.81,79.6,3,184,709,1.0,4,4,4
CUST100357,Chen Wei Chua,2025-10-31,Malaysia,Budget,35-44,2026-07-16,3,270.38,90.13,3,13,271,0.0,1,4,4
CUST100358,Ahmad Kaur,2024-08-04,Malaysia,Mainstream,18-24,2026-07-29,9,1267.57,140.84,4,0,724,0.0,1,2,2
CUST100359,Siti Chong,2025-09-18,Singapore,Budget,18-24,2026-05-26,5,566.98,113.4,4,64,314,0.0,3,3,3
CUST100360,Arif Muthu,2026-07-13,Singapore,Mainstream,25-34,2026-05-16,5,311.28,62.26,2,74,16,0.0,3,3,4
CUST100361,Haziq Lim,2026-07-03,Malaysia,Mainstream,45-54,2026-07-16,9,1088.57,120.95,6,13,26,0.0,1,2,2
CUST100362,Xin Yi Lim,2024-08-18,Malaysia,Mainstream,35-44,2026-03-09,7,898.94,128.42,5,142,710,1.0,4,2,2
CUST100363,Ravi Lim,2025-07-09,Malaysia,Premium,35-44,2026-07-14,11,1392.94,126.63,5,15,385,0.0,1,1,2
CUST100364,Mei Ling Nair,2025-10-20,Indonesia,Mainstream,35-44,2026-06-20,9,1638.44,182.05,5,39,282,0.0,3,2,1
CUST100365,Ravi Lee,2024-12-14,Singapore,Premium,45-54,2026-07-17,10,1105.69,110.57,6,12,592,0.0,1,1,2
CUST100366,Chen Wei Chua,2025-05-05,Indonesia,Mainstream,25-34,2026-06-30,6,532.9,88.82,5,29,450,0.0,2,3,3
CUST100367,Siti Yusof,2025-04-03,Indonesia,Mainstream,25-34,2026-06-30,12,2290.54,190.88,5,29,482,0.0,2,1,1
CUST100368,Ravi Wong,2025-03-16,Indonesia,Budget,25-34,2026-06-23,7,1327.79,189.68,5,36,500,0.0,2,2,2
CUST100369,Ravi Muthu,2026-03-07,Indonesia,Budget,55+,2026-07-27,11,1371.42,124.67,4,2,144,0.0,1,1,2
CUST100370,Haziq Chua,2026-05-26,Thailand,Premium,35-44,2026-05-30,17,3040.57,178.86,6,60,64,0.0,3,1,1
CUST100371,Zhi Hao Rahman,2025-02-13,Singapore,Budget,35-44,2026-07-21,5,519.31,103.86,4,8,531,0.0,1,3,3
CUST100372,Xin Yi Wong,2026-07-14,Indonesia,Premium,45-54,2026-07-12,13,2566.94,197.46,6,17,15,0.0,2,1,1
CUST100373,Ahmad Rahman,2025-02-19,Thailand,Budget,25-34,2026-07-13,4,278.53,69.63,3,16,525,0.0,1,4,4
CUST100374,Priya Bin Abdullah,2026-04-26,Malaysia,Mainstream,25-34,2026-06-15,9,1902.8,211.42,4,44,94,0.0,3,2,1
CUST100375,Nabila Bin Abdullah,2026-01-19,Singapore,Budget,35-44,2026-06-30,3,88.39,29.46,3,29,191,0.0,2,4,4
CUST100376,Hui Ling Goh,2025-02-28,Thailand,Premium,55+,2026-06-20,9,809.7,89.97,6,39,516,0.0,3,2,3
CUST100377,Divya Lee,2025-05-01,Singapore,Budget,25-34,2026-05-22,8,1432.66,179.08,6,68,454,0.0,3,2,1
CUST100378,Ravi Wong,2025-01-05,Singapore,Budget,25-34,2026-05-03,3,1706.8,568.93,2,87,570,0.0,4,4,1
CUST100379,Arif Yusof,2025-05-10,Singapore,Premium,45-54,2026-05-19,10,2365.31,236.53,7,71,445,0.0,3,1,1
CUST100380,Nur Aisyah Chong,2026-06-25,Malaysia,Budget,35-44,2026-02-18,7,283.65,40.52,2,161,34,1.0,4,2,4
CUST100381,Chen Wei Goh,2024-11-23,Malaysia,Budget,35-44,2026-01-30,3,361.09,120.36,2,180,613,1.0,4,4,4
CUST100382,Jia Xin Chua,2026-02-22,Malaysia,Premium,25-34,2026-06-30,12,2078.92,173.24,7,29,157,0.0,2,1,1
CUST100383,Zhi Hao Kaur,2026-04-21,Thailand,Mainstream,25-34,2026-07-22,8,503.45,62.93,3,7,99,0.0,1,2,3
CUST100384,Arif Wong,2024-10-26,Malaysia,Budget,25-34,2026-07-10,1,19.89,19.89,1,19,641,0.0,2,4,4
CUST100385,Aina Goh,2026-03-09,Malaysia,Mainstream,25-34,2026-07-28,9,1795.72,199.52,5,1,142,0.0,1,2,1
CUST100386,Wei Ming Yusof,2025-07-03,Thailand,Budget,45-54,2026-06-16,5,335.75,67.15,4,43,391,0.0,3,3,4
CUST100387,Haziq Goh,2025-08-09,Indonesia,Budget,35-44,2026-06-03,6,1243.58,207.26,4,56,354,0.0,3,3,2
CUST100388,Farhan Lim,2025-01-14,Singapore,Mainstream,45-54,2026-07-01,15,1310.5,87.37,7,28,561,0.0,2,1,2
CUST100389,Kumar Osman,2026-06-27,Singapore,Budget,25-34,2026-07-04,6,333.96,55.66,3,25,32,0.0,2,3,4
CUST100390,Suresh Nair,2026-05-13,Malaysia,Mainstream,25-34,2026-07-06,5,763.78,152.76,5,23,77,0.0,2,3,3
CUST100391,Arif Lim,2025-09-29,Indonesia,Budget,45-54,2026-06-15,4,1356.93,339.23,3,44,303,0.0,3,4,2
CUST100392,Mei Ling Chong,2025-08-18,Malaysia,Premium,25-34,2026-07-23,14,2180.2,155.73,6,6,345,0.0,1,1,1
CUST100393,Wei Ming Yusof,2024-12-31,Singapore,Mainstream,18-24,2026-04-27,2,620.28,310.14,2,93,575,1.0,4,4,3
CUST100394,Ahmad Tan,2025-05-13,Indonesia,Budget,25-34,2026-06-01,4,649.88,162.47,3,58,442,0.0,3,4,3
CUST100395,Hui Ling Lee,2026-04-12,Indonesia,Premium,25-34,2026-07-01,11,1780.04,161.82,4,28,108,0.0,2,1,1
CUST100396,Ravi Osman,2024-08-14,Malaysia,Mainstream,18-24,2026-06-08,10,821.71,82.17,4,51,714,0.0,3,1,3
CUST100397,Farhan Rahman,2025-08-28,Thailand,Budget,25-34,2026-06-07,3,79.47,26.49,3,52,335,0.0,3,4,4
CUST100398,Nabila Lee,2024-08-24,Indonesia,Premium,45-54,2026-06-04,11,1577.31,143.39,6,55,704,0.0,3,1,1
CUST100399,Priya Lee,2024-08-06,Indonesia,Budget,18-24,2026-01-28,2,690.6,345.3,2,182,722,1.0,4,4,3
CUST100400,Wei Ming Rahman,2026-06-22,Indonesia,Budget,35-44,2026-03-28,4,438.92,109.73,3,123,37,1.0,4,4,4
CUST100401,Ahmad Muthu,2025-07-25,Indonesia,Budget,35-44,2026-05-18,3,248.3,82.77,3,72,369,0.0,3,4,4
CUST100402,Ravi Chua,2025-09-24,Malaysia,Budget,35-44,2026-04-03,5,305.74,61.15,3,117,308,1.0,4,3,4
CUST100403,Ahmad Lim,2025-07-31,Malaysia,Mainstream,35-44,2026-05-28,7,912.12,130.3,5,62,363,0.0,3,2,2
CUST100404,Jia Xin Goh,2025-12-15,Indonesia,Mainstream,18-24,2026-06-15,3,169.8,56.6,2,44,226,0.0,3,4,4
CUST100405,Wei Ming Muthu,2025-06-17,Malaysia,Premium,18-24,2026-07-17,8,1579.36,197.42,5,12,407,0.0,1,2,1
CUST100406,Aina Rahman,2025-08-04,Malaysia,Budget,35-44,2026-05-28,4,216.95,54.24,3,62,359,0.0,3,4,4
CUST100407,Xin Yi Osman,2026-03-16,Singapore,Budget,55+,2026-07-04,3,216.25,72.08,2,25,135,0.0,2,4,4
CUST100408,Wei Ming Lim,2025-12-31,Indonesia,Budget,25-34,2026-07-05,2,685.56,342.78,1,24,210,0.0,2,4,3
CUST100409,Aina Goh,2026-04-13,Malaysia,Budget,35-44,,0,0.0,0.0,0,9999,107,,4,4,4
CUST100410,Wei Ming Nair,2024-11-21,Singapore,Premium,55+,2026-06-28,13,2211.15,170.09,5,31,615,0.0,2,1,1
CUST100411,Arif Nair,2025-03-22,Malaysia,Mainstream,45-54,2026-06-13,6,1285.65,214.28,6,46,494,0.0,3,3,2
CUST100412,Zhi Hao Lim,2025-10-20,Singapore,Mainstream,45-54,2026-06-07,13,2645.66,203.51,6,52,282,0.0,3,1,1
CUST100413,Aina Muthu,2025-10-14,Thailand,Mainstream,35-44,2026-06-02,5,1151.92,230.38,3,57,288,0.0,3,3,2
CUST100414,Suresh Tan,2026-06-02,Thailand,Budget,45-54,2026-07-15,3,440.68,146.89,3,14,57,0.0,1,4,4
CUST100415,Siti Binte Ismail,2025-12-30,Malaysia,Budget,35-44,2026-03-14,1,251.17,251.17,1,137,211,1.0,4,4,4
CUST100416,Mei Ling Bin Abdullah,2024-09-23,Malaysia,Budget,35-44,2026-05-23,6,680.24,113.37,3,67,674,0.0,3,3,3
CUST100417,Suresh Chua,2026-07-07,Indonesia,Mainstream,45-54,2026-07-24,16,1943.48,121.47,7,5,22,0.0,1,1,1
CUST100418,Haziq Bin Abdullah,2026-04-14,Malaysia,Budget,25-34,2026-07-11,6,771.09,128.51,4,18,106,0.0,2,3,3
CUST100419,Wei Ming Muthu,2024-11-19,Thailand,Budget,55+,2026-02-05,4,1137.32,284.33,4,174,617,1.0,4,4,2
CUST100420,Kumar Nair,2025-07-15,Singapore,Mainstream,55+,2026-07-18,11,991.4,90.13,5,11,379,0.0,1,1,2
CUST100421,Chen Wei Tan,2026-07-06,Singapore,Budget,35-44,2026-06-19,5,207.44,41.49,3,40,23,0.0,3,3,4
CUST100422,Wei Ming Tan,2025-08-06,Malaysia,Mainstream,25-34,2025-10-24,4,736.59,184.15,3,278,357,1.0,4,4,3
CUST100423,Nur Aisyah Tan,2025-01-28,Singapore,Budget,45-54,2026-05-27,3,864.27,288.09,3,63,547,0.0,3,4,2
CUST100424,Haziq Nair,2025-11-20,Malaysia,Mainstream,25-34,2026-05-31,8,2132.54,266.57,5,59,251,0.0,3,2,1
CUST100425,Nabila Osman,2025-10-24,Indonesia,Budget,35-44,2026-07-26,4,674.95,168.74,3,3,278,0.0,1,4,3
CUST100426,Nabila Binte Ismail,2025-04-25,Singapore,Premium,18-24,2026-07-06,15,2433.79,162.25,7,23,460,0.0,2,1,1
CUST100427,Kumar Osman,2025-05-18,Malaysia,Mainstream,45-54,2026-07-11,13,2034.38,156.49,7,18,437,0.0,2,1,1
CUST100428,Siti Tan,2024-10-08,Indonesia,Budget,55+,2026-05-07,3,328.89,109.63,3,83,659,0.0,4,4,4
CUST100429,Aina Osman,2026-01-30,Indonesia,Mainstream,18-24,2026-05-18,10,1368.26,136.83,6,72,180,0.0,3,1,2
CUST100430,Nabila Muthu,2026-01-09,Malaysia,Mainstream,35-44,2026-07-20,10,2003.16,200.32,5,9,201,0.0,1,1,1
CUST100431,Arif Chua,2026-04-07,Singapore,Mainstream,45-54,2026-05-31,4,118.11,29.53,3,59,113,0.0,3,4,4
CUST100432,Haziq Yusof,2025-03-31,Malaysia,Premium,18-24,2026-07-26,10,593.49,59.35,6,3,485,0.0,1,1,3
CUST100433,Haziq Osman,2025-07-05,Malaysia,Mainstream,25-34,2026-04-29,11,909.91,82.72,5,91,389,1.0,4,1,2
CUST100434,Farhan Tan,2025-11-18,Indonesia,Budget,25-34,2026-06-14,6,1210.22,201.7,4,45,253,0.0,3,3,2
CUST100435,Mei Ling Binte Ismail,2025-03-09,Malaysia,Budget,45-54,2026-07-22,9,844.06,93.78,6,7,507,0.0,1,2,3
CUST100436,Arif Lim,2025-10-28,Singapore,Budget,35-44,2026-05-16,4,173.43,43.36,3,74,274,0.0,3,4,4
CUST100437,Aina Kaur,2026-03-09,Indonesia,Mainstream,18-24,2026-06-23,9,888.27,98.7,4,36,142,0.0,2,2,2
CUST100438,Ahmad Chua,2025-06-30,Malaysia,Premium,25-34,2026-07-29,14,2346.61,167.62,7,0,394,0.0,1,1,1
CUST100439,Ahmad Nair,2025-09-14,Singapore,Mainstream,25-34,2026-07-24,3,693.81,231.27,2,5,318,0.0,1,4,3
CUST100440,Hui Ling Osman,2025-10-07,Malaysia,Budget,18-24,2026-04-12,1,21.91,21.91,1,108,295,1.0,4,4,4
CUST100441,Farhan Bin Abdullah,2025-09-08,Thailand,Premium,35-44,2026-07-04,12,2238.87,186.57,6,25,324,0.0,2,1,1
CUST100442,Haziq Chua,2024-09-30,Indonesia,Mainstream,18-24,2026-06-11,3,250.7,83.57,3,48,667,0.0,3,4,4
CUST100443,Hui Ling Bin Abdullah,2026-02-22,Singapore,Budget,45-54,2026-07-18,5,441.59,88.32,3,11,157,0.0,1,3,4
CUST100444,Wei Ming Rahman,2026-01-09,Indonesia,Premium,35-44,2026-04-09,10,1001.47,100.15,6,111,201,1.0,4,1,2
CUST100445,Hui Ling Yusof,2025-06-12,Singapore,Budget,45-54,2026-07-17,5,484.79,96.96,4,12,412,0.0,1,3,3
CUST100446,Ahmad Goh,2026-06-25,Malaysia,Mainstream,25-34,2026-06-01,4,513.73,128.43,4,58,34,0.0,3,4,3
CUST100447,Ravi Nair,2026-04-14,Malaysia,Mainstream,35-44,2026-04-15,6,1400.35,233.39,4,105,106,1.0,4,3,2
CUST100448,Ahmad Tan,2025-06-11,Singapore,Premium,45-54,2026-06-12,7,469.33,67.05,5,47,413,0.0,3,2,3
CUST100449,Hui Ling Nair,2025-07-22,Singapore,Budget,35-44,2026-07-11,6,1209.05,201.51,4,18,372,0.0,2,3,2
CUST100450,Wei Ming Tan,2025-04-09,Thailand,Budget,18-24,2026-04-07,6,626.66,104.44,4,113,476,1.0,4,3,3
CUST100451,Siti Muthu,2026-05-08,Singapore,Mainstream,18-24,2026-07-27,11,1706.08,155.1,6,2,82,0.0,1,1,1
CUST100452,Mei Ling Yusof,2024-11-13,Indonesia,Premium,35-44,2026-07-27,12,1409.31,117.44,7,2,623,0.0,1,1,2
CUST100453,Farhan Bin Abdullah,2025-08-09,Indonesia,Budget,35-44,2026-06-11,6,818.65,136.44,4,48,354,0.0,3,3,3
CUST100454,Jia Xin Lim,2026-04-07,Malaysia,Budget,55+,2025-12-09,1,56.15,56.15,1,232,113,1.0,4,4,4
CUST100455,Xin Yi Bin Abdullah,2025-12-14,Singapore,Premium,45-54,2026-07-08,21,3969.72,189.03,7,21,227,0.0,2,1,1
CUST100456,Jia Xin Goh,2026-02-13,Singapore,Mainstream,35-44,2026-07-27,6,596.25,99.38,5,2,166,0.0,1,3,3
CUST100457,Divya Lee,2025-09-02,Singapore,Budget,55+,2026-05-16,5,458.8,91.76,3,74,330,0.0,3,3,4
CUST100458,Ahmad Chua,2025-08-21,Malaysia,Budget,35-44,2026-07-22,5,1483.51,296.7,4,7,342,0.0,1,3,1
CUST100459,Kumar Nair,2025-09-16,Thailand,Mainstream,18-24,2026-05-22,7,2068.92,295.56,3,68,316,0.0,3,2,1
CUST100460,Suresh Chong,2025-08-27,Thailand,Mainstream,18-24,2026-07-16,11,1740.1,158.19,5,13,336,0.0,1,1,1
CUST100461,Farhan Bin Abdullah,2024-10-05,Singapore,Mainstream,45-54,2026-03-05,10,2353.16,235.32,5,146,662,1.0,4,1,1
CUST100462,Siti Goh,2024-08-28,Singapore,Mainstream,25-34,2026-07-28,12,1714.57,142.88,6,1,700,0.0,1,1,1
CUST100463,Ahmad Rahman,2025-08-06,Singapore,Budget,55+,2026-07-17,6,2266.19,377.7,3,12,357,0.0,1,3,1
CUST100464,Farhan Chong,2024-08-25,Thailand,Mainstream,18-24,2026-05-20,4,241.34,60.34,4,70,703,0.0,3,4,4
CUST100465,Ahmad Yusof,2024-12-09,Singapore,Budget,25-34,2026-07-07,4,156.29,39.07,4,22,597,0.0,2,4,4
CUST100466,Kumar Nair,2024-12-08,Singapore,Premium,45-54,2026-07-11,15,3698.08,246.54,6,18,598,0.0,2,1,1
CUST100467,Farhan Goh,2026-02-15,Malaysia,Budget,45-54,2026-06-09,4,865.51,216.38,3,50,164,0.0,3,4,2
CUST100468,Nur Aisyah Bin Abdullah,2025-09-12,Malaysia,Budget,45-54,2026-06-05,4,610.92,152.73,4,54,320,0.0,3,4,3
CUST100469,Mei Ling Kaur,2025-11-14,Singapore,Budget,18-24,2026-02-23,2,632.72,316.36,2,156,257,1.0,4,4,3
CUST100470,Aina Lee,2026-05-20,Indonesia,Budget,25-34,2026-07-27,9,1181.03,131.23,5,2,70,0.0,1,2,2
CUST100471,Chen Wei Kaur,2026-06-05,Singapore,Budget,35-44,2026-03-06,3,282.29,94.1,3,145,54,1.0,4,4,4
CUST100472,Arif Lim,2025-05-01,Singapore,Mainstream,55+,2026-07-05,9,1344.72,149.41,5,24,454,0.0,2,2,2
CUST100473,Nabila Bin Abdullah,2025-09-25,Singapore,Premium,25-34,2026-07-11,11,2001.79,181.98,6,18,307,0.0,2,1,1
CUST100474,Chen Wei Rahman,2024-12-04,Malaysia,Mainstream,35-44,2026-07-29,12,1751.77,145.98,6,0,602,0.0,1,1,1
CUST100475,Hui Ling Rahman,2025-03-28,Thailand,Mainstream,18-24,2026-06-08,7,867.9,123.99,4,51,488,0.0,3,2,2
CUST100476,Zhi Hao Lee,2026-05-28,Malaysia,Budget,35-44,2026-06-25,6,1026.16,171.03,4,34,62,0.0,2,3,2
CUST100477,Xin Yi Nair,2024-11-25,Indonesia,Mainstream,18-24,2026-07-24,9,1957.24,217.47,5,5,611,0.0,1,2,1
CUST100478,Farhan Nair,2025-08-01,Singapore,Budget,55+,2025-12-20,1,94.57,94.57,1,221,362,1.0,4,4,4
CUST100479,Nabila Lee,2025-06-11,Indonesia,Budget,18-24,2026-06-29,8,1048.47,131.06,5,30,413,0.0,2,2,2
CUST100480,Nur Aisyah Lee,2024-08-24,Thailand,Budget,35-44,2025-12-02,1,8.55,8.55,1,239,704,1.0,4,4,4
CUST100481,Haziq Binte Ismail,2025-04-18,Malaysia,Budget,45-54,2026-07-10,5,168.94,33.79,4,19,467,0.0,2,3,4
CUST100482,Chen Wei Chong,2026-07-13,Thailand,Mainstream,25-34,2026-05-02,11,1009.09,91.74,6,88,16,0.0,4,1,2
CUST100483,Zhi Hao Rahman,2026-03-22,Malaysia,Budget,25-34,2026-06-29,8,570.33,71.29,4,30,129,0.0,2,2,3
CUST100484,Chen Wei Tan,2025-09-21,Indonesia,Budget,35-44,2026-07-22,4,985.0,246.25,4,7,311,0.0,1,4,2
CUST100485,Kumar Lee,2026-07-02,Singapore,Mainstream,35-44,2026-04-09,1,86.99,86.99,1,111,27,1.0,4,4,4
CUST100486,Mei Ling Kaur,2026-03-29,Malaysia,Budget,35-44,2026-07-09,7,439.77,62.82,4,20,122,0.0,2,2,4
CUST100487,Arif Binte Ismail,2024-12-29,Malaysia,Mainstream,35-44,2026-06-13,6,585.7,97.62,4,46,577,0.0,3,3,3
CUST100488,Hui Ling Chong,2026-04-16,Thailand,Budget,25-34,2026-06-28,6,1067.9,177.98,4,31,104,0.0,2,3,2
CUST100489,Jia Xin Chong,2026-03-30,Thailand,Premium,55+,2026-07-20,18,4166.61,231.48,7,9,121,0.0,1,1,1
CUST100490,Divya Yusof,2025-07-26,Malaysia,Mainstream,25-34,2026-06-20,7,659.28,94.18,4,39,368,0.0,3,2,3
CUST100491,Ahmad Nair,2026-05-24,Thailand,Budget,35-44,2026-06-07,4,1161.99,290.5,3,52,66,0.0,3,4,2
CUST100492,Divya Nair,2026-01-24,Thailand,Premium,55+,2026-07-10,11,1298.16,118.01,5,19,186,0.0,2,1,2
CUST100493,Zhi Hao Rahman,2024-09-13,Malaysia,Budget,55+,2026-07-25,7,664.19,94.88,4,4,684,0.0,1,2,3
CUST100494,Siti Chua,2025-04-25,Singapore,Budget,25-34,2025-12-24,3,1129.06,376.35,3,217,460,1.0,4,4,2
CUST100495,Priya Chong,2024-08-25,Singapore,Mainstream,25-34,2026-06-21,8,694.57,86.82,6,38,703,0.0,2,2,3
CUST100496,Nur Aisyah Lee,2025-11-13,Singapore,Mainstream,35-44,2026-07-07,10,2093.53,209.35,5,22,258,0.0,2,1,1
CUST100497,Ahmad Nair,2025-05-06,Singapore,Budget,25-34,2026-07-12,11,1652.14,150.19,6,17,449,0.0,2,1,1
CUST100498,Ahmad Wong,2026-02-05,Thailand,Budget,35-44,2025-09-25,1,52.94,52.94,1,307,174,1.0,4,4,4
CUST100499,Nabila Kaur,2025-10-26,Singapore,Budget,35-44,2026-05-09,3,244.59,81.53,2,81,276,0.0,3,4,4
CUST100500,Haziq Chua,2026-03-24,Indonesia,Mainstream,25-34,2026-05-02,8,508.11,63.51,5,88,127,0.0,4,2,3
CUST100501,Divya Muthu,2024-11-28,Malaysia,Premium,25-34,2026-06-15,16,1850.79,115.67,7,44,608,0.0,3,1,1
CUST100502,Arif Muthu,2026-03-17,Malaysia,Budget,35-44,2026-07-04,4,473.41,118.35,3,25,134,0.0,2,4,3
CUST100503,Suresh Kaur,2026-03-02,Singapore,Premium,45-54,2026-07-20,16,2407.2,150.45,7,9,149,0.0,1,1,1
CUST100504,Ravi Kaur,2025-08-25,Malaysia,Budget,25-34,2026-05-04,4,314.74,78.68,4,86,338,0.0,4,4,4
CUST100505,Kumar Chua,2025-09-19,Malaysia,Mainstream,18-24,2026-07-05,8,1013.2,126.65,5,24,313,0.0,2,2,2
CUST100506,Siti Rahman,2025-12-12,Malaysia,Premium,25-34,2026-06-23,17,1531.46,90.09,6,36,229,0.0,2,1,1
CUST100507,Ahmad Osman,2025-11-11,Singapore,Mainstream,35-44,2026-07-23,10,1762.45,176.24,6,6,260,0.0,1,1,1
CUST100508,Jia Xin Kaur,2025-12-26,Indonesia,Budget,45-54,2026-06-07,4,306.89,76.72,3,52,215,0.0,3,4,4
CUST100509,Wei Ming Lim,2024-10-01,Singapore,Budget,45-54,2026-05-02,7,1259.62,179.95,6,88,666,0.0,4,2,2
CUST100510,Hui Ling Lim,2025-06-01,Malaysia,Budget,55+,2026-06-30,3,149.9,49.97,2,29,423,0.0,2,4,4
CUST100511,Suresh Osman,2024-09-26,Malaysia,Mainstream,35-44,2026-07-19,8,1250.93,156.37,6,10,671,0.0,1,2,2
CUST100512,Haziq Tan,2024-08-08,Singapore,Premium,45-54,2026-07-21,12,1470.68,122.56,6,8,720,0.0,1,1,1
CUST100513,Hui Ling Rahman,2025-04-10,Indonesia,Budget,25-34,2026-07-23,7,739.95,105.71,5,6,475,0.0,1,2,3
CUST100514,Divya Wong,2024-12-04,Singapore,Budget,35-44,2026-07-07,8,1892.93,236.62,6,22,602,0.0,2,2,1
CUST100515,Mei Ling Bin Abdullah,2026-05-10,Thailand,Budget,35-44,2026-05-24,4,764.92,191.23,2,66,80,0.0,3,4,3
CUST100516,Ravi Rahman,2024-09-04,Thailand,Mainstream,45-54,2026-05-22,8,1319.18,164.9,5,68,693,0.0,3,2,2
CUST100517,Hui Ling Chua,2025-08-11,Malaysia,Mainstream,45-54,2026-06-17,11,2313.45,210.31,6,42,352,0.0,3,1,1
CUST100518,Chen Wei Tan,2025-02-24,Singapore,Budget,25-34,2026-07-20,5,597.39,119.48,3,9,520,0.0,1,3,3
CUST100519,Farhan Osman,2026-01-31,Singapore,Mainstream,45-54,2026-06-23,10,2830.2,283.02,5,36,179,0.0,2,1,1
CUST100520,Ravi Osman,2026-05-21,Thailand,Budget,45-54,2026-07-20,4,434.23,108.56,4,9,69,0.0,1,4,4
CUST100521,Farhan Wong,2024-10-22,Malaysia,Mainstream,55+,2026-06-26,9,1736.67,192.96,6,33,645,0.0,2,2,1
CUST100522,Ravi Bin Abdullah,2025-09-04,Singapore,Budget,25-34,2026-07-17,6,828.17,138.03,5,12,328,0.0,1,3,3
CUST100523,Siti Nair,2026-04-19,Malaysia,Budget,55+,2026-07-13,9,1733.06,192.56,5,16,101,0.0,1,2,1
CUST100524,Aina Lim,2025-04-05,Singapore,Mainstream,45-54,2026-07-04,6,336.66,56.11,5,25,480,0.0,2,3,4
CUST100525,Ahmad Wong,2026-06-20,Malaysia,Mainstream,35-44,2026-02-15,3,176.39,58.8,3,164,39,1.0,4,4,4
CUST100526,Ahmad Goh,2025-09-04,Malaysia,Budget,25-34,2026-07-12,8,2536.11,317.01,5,17,328,0.0,2,2,1
CUST100527,Hui Ling Goh,2025-03-02,Singapore,Mainstream,45-54,2026-07-08,5,870.15,174.03,5,21,514,0.0,2,3,2
CUST100528,Farhan Chua,2025-02-19,Indonesia,Mainstream,45-54,2026-07-28,4,510.99,127.75,4,1,525,0.0,1,4,3
CUST100529,Farhan Rahman,2025-09-02,Singapore,Budget,35-44,2026-06-20,5,339.34,67.87,4,39,330,0.0,3,3,4
CUST100530,Xin Yi Yusof,2025-11-01,Malaysia,Premium,55+,2026-07-17,9,1581.63,175.74,6,12,270,0.0,1,2,1
CUST100531,Arif Yusof,2024-11-24,Malaysia,Premium,25-34,2026-07-22,10,1747.97,174.8,6,7,612,0.0,1,1,1
CUST100532,Xin Yi Wong,2026-03-17,Thailand,Budget,35-44,2026-07-06,7,1531.72,218.82,5,23,134,0.0,2,2,1
CUST100533,Chen Wei Nair,2026-06-05,Malaysia,Premium,25-34,2026-07-04,7,482.06,68.87,4,25,54,0.0,2,2,3
CUST100534,Priya Tan,2026-04-06,Thailand,Mainstream,25-34,2026-03-24,5,1736.1,347.22,3,127,114,1.0,4,3,1
CUST100535,Aina Binte Ismail,2024-12-22,Malaysia,Budget,25-34,2026-07-25,4,203.98,51.0,3,4,584,0.0,1,4,4
CUST100536,Xin Yi Kaur,2025-08-20,Thailand,Mainstream,25-34,2026-07-27,6,989.87,164.98,5,2,343,0.0,1,3,2
CUST100537,Mei Ling Bin Abdullah,2026-07-02,Singapore,Budget,25-34,2026-07-05,10,1834.45,183.44,6,24,27,0.0,2,1,1
CUST100538,Ravi Bin Abdullah,2026-03-28,Indonesia,Mainstream,18-24,2026-05-07,8,1352.87,169.11,6,83,123,0.0,4,2,2
CUST100539,Farhan Osman,2026-07-09,Singapore,Premium,18-24,2026-07-17,12,1861.22,155.1,7,12,20,0.0,1,1,1
CUST100540,Chen Wei Goh,2024-12-12,Thailand,Budget,35-44,2026-06-18,6,1293.27,215.54,4,41,594,0.0,3,3,2
CUST100541,Nabila Chong,2025-08-27,Thailand,Mainstream,25-34,2026-04-30,2,82.36,41.18,2,90,336,0.0,4,4,4
CUST100542,Siti Osman,2026-06-10,Malaysia,Budget,18-24,2026-07-27,6,1500.98,250.16,4,2,49,0.0,1,3,1
CUST100543,Haziq Goh,2026-02-18,Malaysia,Mainstream,18-24,2026-02-25,5,933.12,186.62,4,154,161,1.0,4,3,2
CUST100544,Aina Bin Abdullah,2025-05-05,Malaysia,Mainstream,25-34,2026-07-15,2,56.84,28.42,2,14,450,0.0,1,4,4
CUST100545,Ahmad Lee,2025-05-22,Singapore,Budget,18-24,2026-05-10,3,362.5,120.83,3,80,433,0.0,3,4,4
CUST100546,Haziq Wong,2024-12-08,Indonesia,Mainstream,55+,2026-07-04,9,1662.82,184.76,5,25,598,0.0,2,2,1
CUST100547,Priya Lim,2026-07-11,Indonesia,Budget,35-44,2026-07-12,5,1032.82,206.56,4,17,18,0.0,2,3,2
CUST100548,Haziq Chua,2026-06-09,Malaysia,Mainstream,25-34,2026-05-07,6,2317.37,386.23,4,83,50,0.0,4,3,1
CUST100549,Wei Ming Lee,2026-07-04,Singapore,Mainstream,35-44,2026-05-29,9,1144.17,127.13,5,61,25,0.0,3,2,2
CUST100550,Mei Ling Kaur,2025-10-15,Thailand,Mainstream,18-24,2026-05-23,8,751.12,93.89,6,67,287,0.0,3,2,3
CUST100551,Chen Wei Bin Abdullah,2025-02-14,Singapore,Budget,35-44,2026-05-06,3,411.67,137.22,3,84,530,0.0,4,4,4
CUST100552,Priya Bin Abdullah,2025-04-02,Malaysia,Mainstream,55+,2026-07-24,8,2400.19,300.02,4,5,483,0.0,1,2,1
CUST100553,Siti Muthu,2026-02-26,Singapore,Mainstream,18-24,2026-07-05,8,437.45,54.68,7,24,153,0.0,2,2,4
CUST100554,Chen Wei Tan,2025-04-06,Singapore,Mainstream,25-34,2026-07-25,7,1114.1,159.16,6,4,479,0.0,1,2,2
CUST100555,Zhi Hao Binte Ismail,2025-04-06,Singapore,Mainstream,35-44,2026-07-18,6,1117.73,186.29,5,11,479,0.0,1,3,2
CUST100556,Nur Aisyah Rahman,2026-03-12,Malaysia,Premium,25-34,2026-07-26,10,1337.98,133.8,6,3,139,0.0,1,1,2
CUST100557,Nur Aisyah Kaur,2025-01-28,Malaysia,Budget,18-24,2026-06-20,5,341.78,68.36,4,39,547,0.0,3,3,4
CUST100558,Nabila Chong,2025-09-24,Malaysia,Budget,35-44,2026-07-21,8,1477.18,184.65,5,8,308,0.0,1,2,1
CUST100559,Ravi Kaur,2026-06-16,Indonesia,Premium,35-44,2026-07-21,9,1043.27,115.92,7,8,43,0.0,1,2,2
CUST100560,Wei Ming Lim,2025-10-17,Indonesia,Budget,25-34,2026-05-23,4,394.08,98.52,3,67,285,0.0,3,4,4
CUST100561,Kumar Binte Ismail,2025-01-14,Singapore,Premium,45-54,2026-07-13,15,2637.14,175.81,6,16,561,0.0,1,1,1
CUST100562,Haziq Osman,2025-03-08,Singapore,Mainstream,18-24,2026-03-06,3,422.03,140.68,2,145,508,1.0,4,4,4
CUST100563,Suresh Nair,2026-01-15,Malaysia,Premium,25-34,2026-05-19,10,1530.98,153.1,4,71,195,0.0,3,1,1
CUST100564,Divya Nair,2025-01-23,Indonesia,Mainstream,35-44,2026-05-19,9,1419.96,157.77,6,71,552,0.0,3,2,1
CUST100565,Farhan Yusof,2025-10-18,Malaysia,Mainstream,35-44,2026-04-12,5,1677.69,335.54,3,108,284,1.0,4,3,1
CUST100566,Xin Yi Chua,2025-08-28,Singapore,Mainstream,35-44,2026-04-15,4,216.09,54.02,2,105,335,1.0,4,4,4
CUST100567,Zhi Hao Tan,2026-05-27,Indonesia,Mainstream,35-44,2026-07-06,11,1612.65,146.6,7,23,63,0.0,2,1,1
CUST100568,Ravi Wong,2024-08-01,Singapore,Budget,35-44,2026-07-27,4,161.03,40.26,3,2,727,0.0,1,4,4
CUST100569,Ravi Chong,2024-11-24,Malaysia,Budget,45-54,2025-12-15,1,55.63,55.63,1,226,612,1.0,4,4,4
CUST100570,Suresh Wong,2026-03-09,Singapore,Budget,35-44,2026-06-15,4,1131.14,282.79,3,44,142,0.0,3,4,2
CUST100571,Chen Wei Osman,2025-06-15,Indonesia,Premium,25-34,2026-07-19,18,2917.08,162.06,7,10,409,0.0,1,1,1
CUST100572,Priya Kaur,2025-01-06,Malaysia,Budget,45-54,,0,0.0,0.0,0,9999,569,,4,4,4
CUST100573,Ahmad Chua,2025-07-26,Indonesia,Mainstream,25-34,2026-04-06,8,1586.38,198.3,4,114,368,1.0,4,2,1
CUST100574,Aina Osman,2026-02-26,Singapore,Mainstream,45-54,2026-07-24,8,557.09,69.64,5,5,153,0.0,1,2,3
CUST100575,Jia Xin Kaur,2024-08-21,Malaysia,Budget,25-34,2026-04-26,3,182.22,60.74,3,94,707,1.0,4,4,4
CUST100576,Farhan Muthu,2026-01-14,Singapore,Premium,35-44,2026-05-19,12,1875.98,156.33,7,71,196,0.0,3,1,1
CUST100577,Priya Chong,2025-11-27,Indonesia,Budget,35-44,2026-06-11,3,242.73,80.91,3,48,244,0.0,3,4,4
CUST100578,Arif Osman,2025-10-31,Singapore,Mainstream,35-44,2026-07-08,8,2252.36,281.54,5,21,271,0.0,2,2,1
CUST100579,Jia Xin Wong,2024-10-17,Singapore,Mainstream,18-24,2026-07-26,10,1936.12,193.61,7,3,650,0.0,1,1,1
CUST100580,Divya Kaur,2025-07-29,Indonesia,Budget,25-34,,0,0.0,0.0,0,9999,365,,4,4,4
CUST100581,Haziq Kaur,2025-02-19,Singapore,Budget,45-54,2025-11-06,3,145.71,48.57,3,265,525,1.0,4,4,4
CUST100582,Ahmad Lim,2024-10-10,Singapore,Mainstream,55+,2026-07-01,7,664.62,94.95,5,28,657,0.0,2,2,3
CUST100583,Wei Ming Wong,2024-09-20,Indonesia,Budget,25-34,2026-07-27,9,1725.16,191.68,5,2,677,0.0,1,2,1
CUST100584,Nabila Muthu,2024-11-11,Indonesia,Mainstream,18-24,2026-06-18,8,1007.4,125.92,5,41,625,0.0,3,2,2
CUST100585,Zhi Hao Nair,2024-10-05,Thailand,Mainstream,25-34,2026-04-29,5,244.83,48.97,3,91,662,1.0,4,3,4
CUST100586,Jia Xin Bin Abdullah,2024-09-05,Singapore,Budget,35-44,2026-03-03,5,292.67,58.53,3,148,692,1.0,4,3,4
CUST100587,Wei Ming Wong,2024-08-05,Malaysia,Budget,18-24,2026-05-28,4,683.57,170.89,4,62,723,0.0,3,4,3
CUST100588,Priya Bin Abdullah,2025-04-16,Indonesia,Budget,45-54,2026-07-01,10,1873.32,187.33,5,28,469,0.0,2,1,1
CUST100589,Kumar Tan,2026-04-24,Singapore,Mainstream,35-44,2026-06-15,9,1089.08,121.01,5,44,96,0.0,3,2,2
CUST100590,Zhi Hao Muthu,2026-05-08,Indonesia,Mainstream,25-34,2026-04-26,15,2360.81,157.39,6,94,82,1.0,4,1,1
CUST100591,Aina Lee,2024-12-25,Singapore,Budget,25-34,2026-03-31,3,307.8,102.6,3,120,581,1.0,4,4,4
CUST100592,Farhan Rahman,2025-12-11,Thailand,Mainstream,18-24,2026-07-23,7,579.65,82.81,5,6,230,0.0,1,2,3
CUST100593,Arif Chong,2024-12-19,Malaysia,Mainstream,35-44,2026-07-09,11,2566.55,233.32,6,20,587,0.0,2,1,1
CUST100594,Divya Tan,2024-09-15,Malaysia,Mainstream,35-44,2026-05-09,7,1629.12,232.73,4,81,682,0.0,3,2,1
CUST100595,Farhan Rahman,2025-04-15,Malaysia,Budget,25-34,2026-04-08,5,592.16,118.43,4,112,470,1.0,4,3,3
CUST100596,Nur Aisyah Yusof,2025-01-18,Singapore,Budget,35-44,2026-07-21,5,388.02,77.6,4,8,557,0.0,1,3,4
CUST100597,Ahmad Nair,2026-01-07,Singapore,Budget,25-34,2026-05-05,4,449.35,112.34,3,85,203,0.0,4,4,4
CUST100598,Ravi Goh,2025-09-15,Indonesia,Mainstream,35-44,2026-04-10,10,759.32,75.93,5,110,317,1.0,4,1,3
CUST100599,Haziq Nair,2024-08-24,Malaysia,Mainstream,45-54,2026-06-10,7,634.49,90.64,5,49,704,0.0,3,2,3
CUST100600,Suresh Kaur,2024-12-10,Malaysia,Budget,25-34,2026-01-05,2,253.96,126.98,2,205,596,1.0,4,4,4
CUST100601,Nabila Chua,2026-03-02,Singapore,Budget,25-34,2026-01-14,5,1809.52,361.9,3,196,149,1.0,4,3,1
CUST100602,Aina Muthu,2024-09-14,Indonesia,Mainstream,45-54,2026-06-26,12,1891.71,157.64,6,33,683,0.0,2,1,1
CUST100603,Ahmad Yusof,2025-07-30,Malaysia,Budget,25-34,2026-07-28,8,1387.61,173.45,7,1,364,0.0,1,2,2
CUST100604,Kumar Goh,2024-11-20,Singapore,Mainstream,25-34,2026-07-19,5,719.4,143.88,4,10,616,0.0,1,3,3
CUST100605,Zhi Hao Chua,2025-07-14,Thailand,Budget,45-54,2026-07-05,3,797.75,265.92,3,24,380,0.0,2,4,3
CUST100606,Mei Ling Muthu,2025-05-15,Malaysia,Budget,35-44,2025-09-13,1,148.42,148.42,1,319,440,1.0,4,4,4
CUST100607,Hui Ling Lim,2026-04-02,Malaysia,Mainstream,55+,2026-06-03,8,804.25,100.53,6,56,118,0.0,3,2,3
CUST100608,Ahmad Yusof,2025-11-24,Thailand,Budget,35-44,2026-06-20,8,1382.3,172.79,6,39,247,0.0,3,2,2
CUST100609,Haziq Lee,2025-02-17,Malaysia,Mainstream,35-44,2026-06-19,5,339.48,67.9,4,40,527,0.0,3,3,4
CUST100610,Zhi Hao Chong,2024-11-22,Thailand,Budget,18-24,2026-05-15,2,359.3,179.65,2,75,614,0.0,3,4,4
CUST100611,Nabila Nair,2026-05-26,Indonesia,Budget,25-34,2026-06-13,7,1093.16,156.17,5,46,64,0.0,3,2,2
CUST100612,Farhan Goh,2026-06-03,Malaysia,Mainstream,35-44,2026-06-20,6,753.04,125.51,5,39,56,0.0,3,3,3
CUST100613,Arif Goh,2025-03-11,Singapore,Budget,25-34,2026-02-09,5,1256.13,251.23,3,170,505,1.0,4,3,2
CUST100614,Nur Aisyah Rahman,2025-09-06,Singapore,Mainstream,25-34,2026-07-14,1,111.8,111.8,1,15,326,0.0,1,4,4
CUST100615,Haziq Chua,2024-11-17,Malaysia,Mainstream,25-34,2026-04-19,7,1537.89,219.7,5,101,619,1.0,4,2,1
CUST100616,Nabila Chua,2026-06-10,Singapore,Premium,18-24,2026-07-15,9,1323.12,147.01,5,14,49,0.0,1,2,2
CUST100617,Zhi Hao Wong,2025-11-16,Singapore,Budget,35-44,2026-07-08,8,1525.27,190.66,5,21,255,0.0,2,2,1
CUST100618,Wei Ming Lim,2026-07-04,Malaysia,Budget,35-44,2026-06-26,4,810.74,202.68,4,33,25,0.0,2,4,3
CUST100619,Kumar Tan,2025-02-27,Indonesia,Budget,25-34,2026-03-20,3,469.43,156.48,2,131,517,1.0,4,4,3
CUST100620,Ahmad Chua,2024-11-10,Singapore,Premium,45-54,2026-07-24,16,2854.21,178.39,5,5,626,0.0,1,1,1
CUST100621,Nabila Kaur,2026-04-06,Indonesia,Budget,18-24,2026-07-05,4,1053.09,263.27,4,24,114,0.0,2,4,2
CUST100622,Suresh Goh,2025-12-05,Thailand,Budget,18-24,2026-06-18,6,643.35,107.22,6,41,236,0.0,3,3,3
CUST100623,Suresh Lee,2024-11-19,Indonesia,Mainstream,55+,2026-05-17,5,1046.43,209.29,4,73,617,0.0,3,3,2
CUST100624,Priya Goh,2026-06-29,Indonesia,Budget,55+,2026-03-11,7,1705.01,243.57,5,140,30,1.0,4,2,1
CUST100625,Siti Lee,2024-09-03,Indonesia,Mainstream,25-34,2026-05-22,10,1206.06,120.61,6,68,694,0.0,3,1,2
CUST100626,Hui Ling Chua,2024-10-20,Singapore,Mainstream,25-34,2026-06-30,8,1519.05,189.88,5,29,647,0.0,2,2,1
CUST100627,Zhi Hao Lim,2026-04-09,Malaysia,Mainstream,45-54,2026-07-27,9,1366.09,151.79,6,2,111,0.0,1,2,2
CUST100628,Siti Chong,2026-04-19,Thailand,Mainstream,35-44,2025-12-09,5,829.89,165.98,4,232,101,1.0,4,3,3
CUST100629,Ahmad Osman,2025-03-11,Indonesia,Budget,18-24,2026-07-24,5,520.54,104.11,3,5,505,0.0,1,3,3
CUST100630,Kumar Muthu,2026-07-22,Indonesia,Mainstream,18-24,2026-06-25,6,307.22,51.2,4,34,7,0.0,2,3,4
CUST100631,Farhan Osman,2025-07-25,Thailand,Mainstream,18-24,2026-06-29,5,889.25,177.85,5,30,369,0.0,2,3,2
CUST100632,Siti Tan,2026-06-11,Singapore,Budget,45-54,2026-06-29,9,798.19,88.69,5,30,48,0.0,2,2,3
CUST100633,Hui Ling Wong,2025-07-07,Singapore,Premium,35-44,2026-07-21,11,1547.67,140.7,6,8,387,0.0,1,1,1
CUST100634,Nabila Tan,2025-11-16,Malaysia,Mainstream,25-34,2026-07-04,11,2030.75,184.61,7,25,255,0.0,2,1,1
CUST100635,Jia Xin Lim,2025-03-01,Singapore,Premium,25-34,2026-07-25,19,2778.57,146.24,6,4,515,0.0,1,1,1
CUST100636,Chen Wei Yusof,2024-10-25,Malaysia,Mainstream,18-24,2026-06-24,7,1998.09,285.44,4,35,642,0.0,2,2,1
CUST100637,Xin Yi Yusof,2025-08-07,Indonesia,Budget,35-44,2026-03-02,2,298.24,149.12,2,149,356,1.0,4,4,4
CUST100638,Aina Chua,2025-04-17,Malaysia,Budget,45-54,2026-06-01,6,883.52,147.25,5,58,468,0.0,3,3,2
CUST100639,Wei Ming Osman,2025-05-17,Singapore,Budget,35-44,2026-07-25,5,454.33,90.87,3,4,438,0.0,1,3,4
CUST100640,Ravi Chua,2024-08-10,Indonesia,Budget,45-54,2026-07-12,7,967.25,138.18,6,17,718,0.0,2,2,2
CUST100641,Jia Xin Osman,2026-02-11,Singapore,Budget,25-34,2026-05-28,5,707.9,141.58,4,62,168,0.0,3,3,3
CUST100642,Jia Xin Tan,2026-02-05,Thailand,Budget,35-44,2026-07-22,3,214.24,71.41,3,7,174,0.0,1,4,4
CUST100643,Chen Wei Binte Ismail,2025-10-26,Singapore,Budget,25-34,2026-06-12,3,467.4,155.8,3,47,276,0.0,3,4,3
CUST100644,Arif Nair,2025-02-07,Thailand,Mainstream,18-24,2026-06-23,8,1429.36,178.67,5,36,537,0.0,2,2,1
CUST100645,Siti Osman,2024-11-05,Malaysia,Budget,35-44,2026-05-15,6,403.23,67.2,4,75,631,0.0,3,3,4
CUST100646,Farhan Tan,2026-01-08,Malaysia,Mainstream,45-54,2026-03-08,5,1103.68,220.74,4,143,202,1.0,4,3,2
CUST100647,Nabila Kaur,2026-05-10,Malaysia,Mainstream,18-24,2026-07-01,5,872.6,174.52,4,28,80,0.0,2,3,2
CUST100648,Kumar Yusof,2025-05-11,Singapore,Mainstream,35-44,2026-06-29,6,537.49,89.58,4,30,444,0.0,2,3,3
CUST100649,Ahmad Tan,2025-05-19,Malaysia,Budget,45-54,2026-05-26,6,1100.6,183.43,4,64,436,0.0,3,3,2
CUST100650,Xin Yi Lee,2025-10-29,Indonesia,Mainstream,45-54,2026-06-07,3,867.92,289.31,3,52,273,0.0,3,4,2
CUST100651,Aina Muthu,2026-03-17,Indonesia,Mainstream,35-44,2026-06-05,6,1015.8,169.3,6,54,134,0.0,3,3,2
CUST100652,Zhi Hao Yusof,2024-11-16,Singapore,Premium,25-34,2026-07-24,10,2156.3,215.63,6,5,620,0.0,1,1,1
CUST100653,Kumar Binte Ismail,2024-11-19,Indonesia,Budget,45-54,2026-06-30,5,514.6,102.92,4,29,617,0.0,2,3,3
CUST100654,Farhan Osman,2025-01-30,Thailand,Budget,25-34,2026-06-20,5,451.32,90.26,3,39,545,0.0,3,3,4
CUST100655,Ahmad Wong,2025-06-02,Indonesia,Mainstream,25-34,2026-05-07,11,2543.53,231.23,5,83,422,0.0,4,1,1
CUST100656,Xin Yi Osman,2026-01-20,Malaysia,Budget,18-24,2026-06-17,4,721.65,180.41,4,42,190,0.0,3,4,3
CUST100657,Chen Wei Rahman,2025-10-08,Singapore,Mainstream,25-34,2026-01-08,9,1423.02,158.11,6,202,294,1.0,4,2,1
CUST100658,Ravi Chong,2026-06-10,Thailand,Mainstream,35-44,2026-06-16,4,350.59,87.65,4,43,49,0.0,3,4,4
CUST100659,Farhan Wong,2026-01-28,Malaysia,Mainstream,45-54,2026-07-23,8,1186.87,148.36,4,6,182,0.0,1,2,2
CUST100660,Arif Rahman,2025-09-04,Malaysia,Premium,25-34,2026-04-26,9,1570.18,174.46,5,94,328,1.0,4,2,1
CUST100661,Ahmad Muthu,2025-09-14,Indonesia,Mainstream,55+,2026-07-26,7,578.19,82.6,3,3,318,0.0,1,2,3
CUST100662,Suresh Bin Abdullah,2026-06-01,Singapore,Premium,35-44,2026-06-10,9,1458.32,162.04,6,49,58,0.0,3,2,1
CUST100663,Aina Lim,2024-08-29,Indonesia,Mainstream,35-44,2026-06-17,7,520.49,74.36,4,42,699,0.0,3,2,3
CUST100664,Aina Wong,2026-01-15,Singapore,Budget,25-34,2026-05-30,5,1056.86,211.37,4,60,195,0.0,3,3,2
CUST100665,Farhan Yusof,2025-07-23,Indonesia,Mainstream,25-34,2026-01-01,2,212.61,106.3,2,209,371,1.0,4,4,4
CUST100666,Farhan Osman,2025-08-24,Thailand,Mainstream,35-44,2026-06-07,12,880.07,73.34,4,52,339,0.0,3,1,2
CUST100667,Ahmad Goh,2025-08-21,Thailand,Premium,35-44,2026-07-19,14,1109.47,79.25,7,10,342,0.0,1,1,2
CUST100668,Zhi Hao Rahman,2024-11-20,Thailand,Budget,25-34,2026-04-04,2,390.46,195.23,2,116,616,1.0,4,4,4
CUST100669,Xin Yi Lee,2025-01-31,Thailand,Budget,35-44,2026-07-16,4,327.16,81.79,4,13,544,0.0,1,4,4
CUST100670,Ahmad Bin Abdullah,2024-11-03,Singapore,Mainstream,25-34,2026-06-30,7,1129.47,161.35,6,29,633,0.0,2,2,2
CUST100671,Arif Chong,2025-10-26,Thailand,Budget,25-34,2026-07-12,4,461.68,115.42,3,17,276,0.0,2,4,4
CUST100672,Nur Aisyah Goh,2026-01-17,Thailand,Mainstream,25-34,2026-06-16,10,599.03,59.9,4,43,193,0.0,3,1,3
CUST100673,Suresh Yusof,2025-09-20,Malaysia,Mainstream,18-24,2026-04-05,6,1104.96,184.16,5,115,312,1.0,4,3,2
CUST100674,Ravi Chong,2025-06-15,Malaysia,Budget,25-34,2026-03-23,4,215.68,53.92,4,128,409,1.0,4,4,4
CUST100675,Hui Ling Wong,2025-11-26,Singapore,Budget,45-54,2026-05-28,1,62.1,62.1,1,62,245,0.0,3,4,4
CUST100676,Mei Ling Muthu,2025-08-28,Malaysia,Mainstream,45-54,2026-03-24,5,1648.01,329.6,3,127,335,1.0,4,3,1
CUST100677,Siti Kaur,2026-04-10,Indonesia,Budget,18-24,2026-06-18,3,668.19,222.73,3,41,110,0.0,3,4,3
CUST100678,Priya Bin Abdullah,2025-05-29,Malaysia,Mainstream,18-24,2026-07-14,4,198.09,49.52,2,15,426,0.0,1,4,4
CUST100679,Arif Wong,2025-02-23,Malaysia,Mainstream,35-44,2026-06-27,11,823.12,74.83,5,32,521,0.0,2,1,3
CUST100680,Hui Ling Lim,2025-07-10,Malaysia,Mainstream,25-34,2026-07-29,13,737.57,56.74,6,0,384,0.0,1,1,3
CUST100681,Jia Xin Binte Ismail,2024-10-30,Singapore,Budget,45-54,2026-07-07,10,711.77,71.18,5,22,637,0.0,2,1,3
CUST100682,Divya Tan,2024-08-02,Thailand,Budget,35-44,2026-06-02,4,770.83,192.71,4,57,726,0.0,3,4,3
CUST100683,Priya Lee,2024-10-06,Singapore,Mainstream,45-54,2026-06-09,4,346.49,86.62,2,50,661,0.0,3,4,4
CUST100684,Nabila Nair,2026-05-23,Singapore,Budget,18-24,2026-04-21,5,362.51,72.5,3,99,67,1.0,4,3,4
CUST100685,Suresh Wong,2024-10-25,Singapore,Budget,55+,2026-06-16,5,1171.39,234.28,4,43,642,0.0,3,3,2
CUST100686,Farhan Lee,2025-11-28,Thailand,Premium,45-54,2026-07-20,18,1850.36,102.8,7,9,243,0.0,1,1,1
CUST100687,Suresh Goh,2025-09-03,Thailand,Budget,35-44,2026-06-23,5,258.58,51.72,5,36,329,0.0,2,3,4
CUST100688,Nabila Chua,2025-10-02,Singapore,Budget,55+,2026-06-24,6,1280.6,213.43,5,35,300,0.0,2,3,2
CUST100689,Ahmad Chong,2026-01-03,Singapore,Premium,35-44,2026-06-01,15,2121.55,141.44,7,58,207,0.0,3,1,1
CUST100690,Nabila Rahman,2024-10-27,Malaysia,Budget,18-24,2026-07-19,7,621.56,88.79,5,10,640,0.0,1,2,3
CUST100691,Priya Muthu,2025-04-20,Singapore,Budget,35-44,2026-06-25,5,960.61,192.12,4,34,465,0.0,2,3,2
CUST100692,Jia Xin Binte Ismail,2024-08-23,Indonesia,Budget,45-54,2026-07-21,4,981.31,245.33,3,8,705,0.0,1,4,2
CUST100693,Divya Rahman,2024-09-01,Singapore,Mainstream,45-54,2026-07-06,14,1370.6,97.9,7,23,696,0.0,2,1,2
CUST100694,Suresh Muthu,2025-09-26,Malaysia,Premium,35-44,2026-02-10,9,1041.14,115.68,5,169,306,1.0,4,2,2
CUST100695,Priya Kaur,2025-02-14,Malaysia,Mainstream,35-44,2026-07-17,11,2427.07,220.64,6,12,530,0.0,1,1,1
CUST100696,Nabila Chua,2025-07-28,Malaysia,Premium,25-34,2026-07-01,12,940.97,78.41,6,28,366,0.0,2,1,2
CUST100697,Siti Chong,2025-08-02,Malaysia,Budget,25-34,2026-07-01,7,1083.88,154.84,5,28,361,0.0,2,2,2
CUST100698,Zhi Hao Nair,2025-02-05,Singapore,Mainstream,35-44,2026-05-06,5,671.39,134.28,5,84,539,0.0,4,3,3
CUST100699,Wei Ming Rahman,2025-03-14,Singapore,Budget,25-34,2026-06-04,5,766.24,153.25,4,55,502,0.0,3,3,3
CUST100700,Suresh Binte Ismail,2024-10-02,Singapore,Premium,25-34,2026-07-27,17,2221.39,130.67,7,2,665,0.0,1,1,1
CUST100701,Kumar Rahman,2025-01-12,Singapore,Premium,45-54,2026-07-08,10,1511.59,151.16,7,21,563,0.0,2,1,1
CUST100702,Nur Aisyah Bin Abdullah,2025-05-01,Thailand,Budget,35-44,2026-07-25,8,173.01,21.63,3,4,454,0.0,1,2,4
CUST100703,Priya Muthu,2024-09-26,Singapore,Mainstream,35-44,2026-07-27,7,733.68,104.81,4,2,671,0.0,1,2,3
CUST100704,Wei Ming Rahman,2026-05-16,Singapore,Mainstream,25-34,2026-06-11,6,506.71,84.45,5,48,74,0.0,3,3,3
CUST100705,Hui Ling Chong,2025-01-18,Singapore,Budget,25-34,2025-11-17,1,83.77,83.77,1,254,557,1.0,4,4,4
CUST100706,Kumar Chua,2025-10-16,Indonesia,Mainstream,35-44,2026-07-17,5,855.61,171.12,3,12,286,0.0,1,3,3
CUST100707,Divya Chua,2025-09-16,Thailand,Premium,45-54,2026-07-07,16,2667.9,166.74,6,22,316,0.0,2,1,1
CUST100708,Zhi Hao Lee,2025-01-05,Indonesia,Budget,25-34,2026-04-20,4,675.44,168.86,4,100,570,1.0,4,4,3
CUST100709,Suresh Kaur,2026-01-11,Malaysia,Budget,45-54,2026-04-13,4,989.83,247.46,4,107,199,1.0,4,4,2
CUST100710,Chen Wei Goh,2024-10-22,Indonesia,Premium,45-54,2026-07-18,17,2011.62,118.33,7,11,645,0.0,1,1,1
CUST100711,Divya Yusof,2025-07-30,Malaysia,Budget,45-54,2026-06-07,5,866.98,173.4,5,52,364,0.0,3,3,2
CUST100712,Kumar Osman,2025-11-17,Thailand,Budget,35-44,2026-03-01,4,454.01,113.5,3,150,254,1.0,4,4,4
CUST100713,Aina Muthu,2025-12-02,Indonesia,Mainstream,25-34,2026-07-11,7,1726.84,246.69,5,18,239,0.0,2,2,1
CUST100714,Kumar Chua,2025-09-25,Singapore,Mainstream,45-54,2026-07-01,9,731.0,81.22,5,28,307,0.0,2,2,3
CUST100715,Mei Ling Bin Abdullah,2024-09-09,Malaysia,Budget,35-44,2026-07-08,4,394.62,98.66,3,21,688,0.0,2,4,4
CUST100716,Nur Aisyah Chong,2026-05-16,Singapore,Budget,25-34,2026-05-30,4,707.29,176.82,4,60,74,0.0,3,4,3
CUST100717,Priya Lim,2025-07-24,Singapore,Mainstream,25-34,2026-07-27,9,2336.25,259.58,6,2,370,0.0,1,2,1
CUST100718,Farhan Nair,2024-11-27,Indonesia,Mainstream,25-34,2026-04-26,6,1341.57,223.6,4,94,609,1.0,4,3,2
CUST100719,Priya Goh,2025-08-19,Singapore,Mainstream,35-44,2026-05-19,3,553.21,184.4,3,71,344,0.0,3,4,3
CUST100720,Xin Yi Kaur,2025-06-11,Indonesia,Premium,45-54,2026-07-27,12,2970.96,247.58,6,2,413,0.0,1,1,1
CUST100721,Chen Wei Lee,2025-11-17,Thailand,Budget,25-34,2026-05-18,5,2263.65,452.73,3,72,254,0.0,3,3,1
CUST100722,Arif Tan,2026-04-21,Malaysia,Premium,25-34,2026-07-05,15,2049.51,136.63,7,24,99,0.0,2,1,1
CUST100723,Chen Wei Goh,2025-04-19,Malaysia,Mainstream,55+,2026-02-14,4,346.01,86.5,4,165,466,1.0,4,4,4
CUST100724,Ravi Lim,2024-09-26,Malaysia,Premium,25-34,2026-07-10,8,1596.09,199.51,6,19,671,0.0,2,2,1
CUST100725,Kumar Tan,2025-07-15,Indonesia,Budget,18-24,2026-03-28,3,846.79,282.26,2,123,379,1.0,4,4,3
CUST100726,Hui Ling Binte Ismail,2025-09-17,Singapore,Budget,45-54,2026-03-13,1,26.65,26.65,1,138,315,1.0,4,4,4
CUST100727,Divya Tan,2026-04-26,Singapore,Mainstream,55+,2026-07-10,5,1042.36,208.47,5,19,94,0.0,2,3,2
CUST100728,Nabila Lee,2024-09-08,Malaysia,Premium,35-44,2026-07-08,13,1275.75,98.13,5,21,689,0.0,2,1,2
CUST100729,Kumar Kaur,2024-11-02,Thailand,Premium,25-34,2026-07-12,12,1461.6,121.8,7,17,634,0.0,2,1,1
CUST100730,Xin Yi Rahman,2024-10-09,Singapore,Budget,35-44,2026-07-20,4,344.27,86.07,2,9,658,0.0,1,4,4
CUST100731,Wei Ming Tan,2025-11-09,Malaysia,Mainstream,45-54,2026-06-21,9,1154.85,128.32,5,38,262,0.0,2,2,2
CUST100732,Suresh Lim,2025-04-29,Thailand,Budget,45-54,2026-06-29,3,969.08,323.03,3,30,456,0.0,2,4,2
CUST100733,Zhi Hao Wong,2025-09-17,Singapore,Mainstream,18-24,2026-07-17,8,2109.65,263.71,5,12,315,0.0,1,2,1
CUST100734,Xin Yi Tan,2026-02-08,Singapore,Mainstream,45-54,2026-06-25,7,934.5,133.5,5,34,171,0.0,2,2,2
CUST100735,Suresh Yusof,2026-03-01,Malaysia,Mainstream,35-44,2026-07-08,11,1681.79,152.89,6,21,150,0.0,2,1,1
CUST100736,Farhan Binte Ismail,2025-10-22,Singapore,Budget,18-24,2025-09-21,2,72.37,36.18,2,311,280,1.0,4,4,4
CUST100737,Nabila Rahman,2025-06-21,Singapore,Premium,18-24,2026-04-22,12,855.35,71.28,6,98,403,1.0,4,1,3
CUST100738,Mei Ling Wong,2026-05-01,Malaysia,Budget,18-24,2026-01-28,2,202.91,101.46,1,182,89,1.0,4,4,4
CUST100739,Siti Lee,2025-03-04,Indonesia,Mainstream,55+,2026-07-19,6,594.73,99.12,3,10,512,0.0,1,3,3
CUST100740,Nur Aisyah Tan,2025-08-29,Malaysia,Mainstream,25-34,2026-07-18,8,1252.41,156.55,4,11,334,0.0,1,2,2
CUST100741,Kumar Lim,2024-10-24,Malaysia,Mainstream,35-44,2026-05-04,10,730.01,73.0,6,86,643,0.0,4,1,3
CUST100742,Farhan Osman,2026-01-07,Malaysia,Mainstream,18-24,2026-07-28,11,933.05,84.82,6,1,203,0.0,1,1,2
CUST100743,Nur Aisyah Tan,2026-06-22,Malaysia,Mainstream,45-54,2026-07-17,7,652.73,93.25,4,12,37,0.0,1,2,3
CUST100744,Arif Kaur,2025-12-14,Indonesia,Budget,35-44,2026-04-24,3,327.06,109.02,3,96,227,1.0,4,4,4
CUST100745,Kumar Kaur,2024-08-18,Indonesia,Budget,55+,2026-04-28,3,430.42,143.47,3,92,710,1.0,4,4,4
CUST100746,Wei Ming Rahman,2025-12-06,Indonesia,Mainstream,35-44,2026-06-11,8,1756.79,219.6,4,48,235,0.0,3,2,1
CUST100747,Farhan Lee,2025-03-03,Thailand,Mainstream,45-54,2026-07-23,7,2206.03,315.15,4,6,513,0.0,1,2,1
CUST100748,Divya Chua,2024-11-21,Indonesia,Mainstream,35-44,2026-06-24,14,3315.35,236.81,6,35,615,0.0,2,1,1
CUST100749,Mei Ling Osman,2026-01-03,Singapore,Budget,35-44,2026-07-08,3,214.15,71.38,3,21,207,0.0,2,4,4
CUST100750,Ahmad Binte Ismail,2025-04-16,Thailand,Budget,55+,2026-05-19,4,811.18,202.8,3,71,469,0.0,3,4,3
CUST100751,Siti Rahman,2026-03-02,Thailand,Mainstream,35-44,2026-04-01,4,360.16,90.04,3,119,149,1.0,4,4,4
CUST100752,Divya Binte Ismail,2025-11-07,Singapore,Mainstream,45-54,2026-03-04,6,513.41,85.57,5,147,264,1.0,4,3,3
CUST100753,Chen Wei Kaur,2025-12-25,Singapore,Mainstream,18-24,2026-07-19,8,1192.92,149.12,6,10,216,0.0,1,2,2
CUST100754,Suresh Yusof,2025-03-26,Malaysia,Mainstream,35-44,2026-07-25,8,994.49,124.31,5,4,490,0.0,1,2,2
CUST100755,Priya Binte Ismail,2024-10-28,Malaysia,Budget,55+,2026-01-16,4,345.76,86.44,3,194,639,1.0,4,4,4
CUST100756,Ravi Rahman,2026-01-26,Indonesia,Budget,45-54,2026-04-12,3,175.36,58.45,1,108,184,1.0,4,4,4
CUST100757,Siti Muthu,2025-12-29,Malaysia,Budget,35-44,2026-06-21,8,546.68,68.33,4,38,212,0.0,2,2,3
CUST100758,Mei Ling Tan,2024-12-07,Singapore,Mainstream,35-44,2026-06-04,10,697.72,69.77,5,55,599,0.0,3,1,3
CUST100759,Mei Ling Lee,2025-08-26,Singapore,Budget,45-54,2026-07-18,6,965.79,160.96,5,11,337,0.0,1,3,2
CUST100760,Suresh Yusof,2025-07-20,Thailand,Budget,25-34,2025-12-16,2,126.97,63.48,2,225,374,1.0,4,4,4
CUST100761,Nur Aisyah Bin Abdullah,2025-03-01,Singapore,Premium,55+,2026-07-25,15,2666.22,177.75,6,4,515,0.0,1,1,1
CUST100762,Zhi Hao Tan,2026-04-20,Indonesia,Budget,25-34,2026-06-24,6,736.89,122.82,6,35,100,0.0,2,3,3
CUST100763,Priya Bin Abdullah,2024-10-31,Singapore,Mainstream,18-24,2026-07-02,6,764.29,127.38,5,27,636,0.0,2,3,3
CUST100764,Wei Ming Muthu,2025-11-05,Malaysia,Budget,45-54,2026-07-19,4,566.29,141.57,3,10,266,0.0,1,4,3
CUST100765,Hui Ling Tan,2025-04-05,Malaysia,Budget,25-34,2026-04-19,5,163.49,32.7,4,101,480,1.0,4,3,4
CUST100766,Chen Wei Bin Abdullah,2025-09-17,Singapore,Budget,25-34,2026-07-23,4,403.09,100.77,3,6,315,0.0,1,4,4
CUST100767,Haziq Tan,2025-01-26,Indonesia,Premium,25-34,2026-05-30,8,1805.97,225.75,5,60,549,0.0,3,2,1
CUST100768,Nur Aisyah Lim,2025-05-09,Indonesia,Mainstream,55+,2026-06-24,10,1862.89,186.29,6,35,446,0.0,2,1,1
CUST100769,Ravi Nair,2026-03-25,Singapore,Mainstream,35-44,2026-07-20,9,1635.25,181.69,7,9,126,0.0,1,2,1
CUST100770,Mei Ling Binte Ismail,2026-03-14,Malaysia,Premium,55+,2026-07-11,25,4426.08,177.04,7,18,137,0.0,2,1,1
CUST100771,Hui Ling Chong,2024-10-27,Indonesia,Budget,25-34,2026-05-26,3,625.69,208.56,3,64,640,0.0,3,4,3
CUST100772,Siti Chong,2025-07-15,Indonesia,Mainstream,25-34,2026-07-11,9,1086.25,120.69,5,18,379,0.0,2,2,2
CUST100773,Aina Osman,2026-01-09,Malaysia,Budget,25-34,2026-07-17,4,377.23,94.31,3,12,201,0.0,1,4,4
CUST100774,Mei Ling Tan,2026-04-16,Indonesia,Mainstream,25-34,2026-07-19,10,1765.95,176.6,6,10,104,0.0,1,1,1
CUST100775,Kumar Osman,2026-04-27,Singapore,Mainstream,18-24,2026-06-19,8,1413.11,176.64,5,40,93,0.0,3,2,1
CUST100776,Ahmad Nair,2024-09-26,Singapore,Budget,18-24,2026-04-12,5,1115.14,223.03,4,108,671,1.0,4,3,2
CUST100777,Mei Ling Bin Abdullah,2024-08-16,Indonesia,Premium,25-34,2026-07-29,13,1165.57,89.66,7,0,712,0.0,1,1,2
CUST100778,Suresh Chua,2025-10-15,Indonesia,Mainstream,35-44,2026-07-11,11,1794.07,163.1,7,18,287,0.0,2,1,1
CUST100779,Nabila Osman,2026-03-04,Indonesia,Budget,25-34,2026-01-18,8,2461.92,307.74,4,192,147,1.0,4,2,1
CUST100780,Kumar Binte Ismail,2025-09-27,Singapore,Budget,35-44,2026-06-02,3,432.33,144.11,3,57,305,0.0,3,4,4
CUST100781,Siti Muthu,2026-04-21,Malaysia,Mainstream,25-34,2026-06-20,5,377.61,75.52,3,39,99,0.0,3,3,4
CUST100782,Divya Lee,2025-06-23,Indonesia,Mainstream,35-44,2026-06-13,8,797.88,99.74,5,46,401,0.0,3,2,3
CUST100783,Nabila Nair,2025-04-29,Singapore,Budget,45-54,2025-11-01,2,745.18,372.59,2,270,456,1.0,4,4,3
CUST100784,Chen Wei Goh,2024-08-09,Malaysia,Mainstream,45-54,2026-07-27,17,1576.41,92.73,6,2,719,0.0,1,1,1
CUST100785,Hui Ling Wong,2025-12-09,Malaysia,Budget,45-54,2026-03-27,7,636.42,90.92,4,124,232,1.0,4,2,3
CUST100786,Ravi Osman,2026-03-07,Singapore,Premium,25-34,2026-05-15,17,1898.0,111.65,7,75,144,0.0,3,1,1
CUST100787,Arif Rahman,2026-04-23,Malaysia,Budget,25-34,2026-07-04,2,118.75,59.38,2,25,97,0.0,2,4,4
CUST100788,Ahmad Chua,2025-10-27,Singapore,Mainstream,45-54,2026-05-27,7,852.74,121.82,5,63,275,0.0,3,2,3
CUST100789,Arif Nair,2025-05-17,Thailand,Mainstream,55+,2026-01-07,3,255.31,85.1,3,203,438,1.0,4,4,4
CUST100790,Kumar Binte Ismail,2026-06-11,Singapore,Mainstream,35-44,2026-04-19,7,1764.67,252.1,5,101,48,1.0,4,2,1
CUST100791,Ahmad Lee,2025-01-21,Singapore,Premium,35-44,2026-07-28,11,1732.26,157.48,6,1,554,0.0,1,1,1
CUST100792,Zhi Hao Rahman,2025-08-28,Singapore,Premium,45-54,2026-07-16,11,920.26,83.66,5,13,335,0.0,1,1,2
CUST100793,Haziq Lim,2024-12-27,Singapore,Budget,55+,2025-09-28,2,715.98,357.99,2,304,579,1.0,4,4,3
CUST100794,Suresh Tan,2025-08-25,Singapore,Budget,25-34,2026-07-29,3,799.75,266.58,3,0,338,0.0,1,4,3
CUST100795,Ravi Wong,2026-04-07,Malaysia,Mainstream,25-34,2026-06-30,9,1764.64,196.07,4,29,113,0.0,2,2,1
CUST100796,Jia Xin Tan,2026-07-14,Singapore,Budget,45-54,,0,0.0,0.0,0,9999,15,,4,4,4
CUST100797,Ravi Bin Abdullah,2025-06-18,Singapore,Mainstream,35-44,2026-05-16,10,687.86,68.79,5,74,406,0.0,3,1,3
CUST100798,Aina Yusof,2025-07-01,Singapore,Budget,18-24,2026-07-29,3,388.17,129.39,3,0,393,0.0,1,4,4
CUST100799,Haziq Yusof,2024-12-13,Malaysia,Premium,25-34,2026-07-03,11,1350.8,122.8,6,26,593,0.0,2,1,2
CUST100800,Priya Chua,2024-10-27,Singapore,Mainstream,35-44,2026-07-12,7,1991.74,284.53,4,17,640,0.0,2,2,1
CUST100801,Haziq Rahman,2026-04-03,Malaysia,Mainstream,35-44,2026-06-07,4,1209.18,302.3,3,52,117,0.0,3,4,2
CUST100802,Arif Muthu,2025-12-12,Indonesia,Budget,45-54,2026-07-17,4,912.31,228.08,3,12,229,0.0,1,4,2
CUST100803,Arif Chong,2026-02-28,Indonesia,Premium,25-34,2026-06-19,14,2718.58,194.18,7,40,151,0.0,3,1,1
CUST100804,Siti Lim,2026-05-13,Singapore,Mainstream,25-34,2026-05-21,8,1238.57,154.82,5,69,77,0.0,3,2,2
CUST100805,Xin Yi Bin Abdullah,2026-07-28,Thailand,Mainstream,35-44,2026-05-22,4,702.75,175.69,4,68,1,0.0,3,4,3
CUST100806,Aina Yusof,2026-05-30,Indonesia,Mainstream,18-24,2026-07-08,7,525.23,75.03,5,21,60,0.0,2,2,3
CUST100807,Hui Ling Bin Abdullah,2025-07-12,Singapore,Budget,35-44,2026-06-01,9,1824.95,202.77,5,58,382,0.0,3,2,1
CUST100808,Xin Yi Kaur,2026-04-10,Malaysia,Budget,35-44,2026-06-03,7,1089.9,155.7,6,56,110,0.0,3,2,2
CUST100809,Arif Goh,2026-03-09,Indonesia,Budget,25-34,2026-05-31,13,1543.05,118.7,5,59,142,0.0,3,1,1
CUST100810,Kumar Tan,2026-05-04,Singapore,Mainstream,45-54,2026-07-27,5,537.07,107.41,3,2,86,0.0,1,3,3
CUST100811,Chen Wei Tan,2025-02-16,Malaysia,Mainstream,18-24,2026-06-30,14,2022.23,144.44,7,29,528,0.0,2,1,1
CUST100812,Divya Goh,2025-04-21,Malaysia,Budget,45-54,2026-04-12,7,1318.24,188.32,5,108,464,1.0,4,2,2
CUST100813,Divya Chong,2024-08-26,Singapore,Premium,35-44,2026-06-18,13,1990.79,153.14,7,41,702,0.0,3,1,1
CUST100814,Jia Xin Lim,2026-05-09,Thailand,Budget,35-44,2025-10-11,1,753.29,753.29,1,291,81,1.0,4,4,3
CUST100815,Divya Muthu,2026-02-27,Singapore,Mainstream,45-54,2026-07-01,7,1365.97,195.14,5,28,152,0.0,2,2,2
CUST100816,Hui Ling Muthu,2025-08-31,Singapore,Mainstream,25-34,2026-07-18,6,813.56,135.59,3,11,332,0.0,1,3,3
CUST100817,Farhan Chong,2025-04-12,Singapore,Budget,45-54,2026-04-03,3,273.86,91.29,3,117,473,1.0,4,4,4
CUST100818,Nur Aisyah Nair,2026-04-26,Malaysia,Budget,25-34,2026-01-20,4,168.24,42.06,4,190,94,1.0,4,4,4
CUST100819,Nur Aisyah Rahman,2026-02-25,Thailand,Mainstream,55+,2026-06-24,10,908.07,90.81,4,35,154,0.0,2,1,2
CUST100820,Ravi Tan,2025-09-25,Indonesia,Mainstream,18-24,2026-07-21,11,1922.45,174.77,6,8,307,0.0,1,1,1
CUST100821,Farhan Chong,2026-07-16,Thailand,Budget,35-44,2026-02-14,5,880.09,176.02,4,165,13,1.0,4,3,2
CUST100822,Arif Rahman,2025-10-14,Malaysia,Mainstream,25-34,2026-03-04,1,71.84,71.84,1,147,288,1.0,4,4,4
CUST100823,Priya Nair,2025-01-22,Malaysia,Mainstream,25-34,2026-07-11,9,1311.78,145.75,7,18,553,0.0,2,2,2
CUST100824,Nabila Osman,2025-07-10,Malaysia,Budget,18-24,2026-05-30,3,277.37,92.46,3,60,384,0.0,3,4,4
CUST100825,Nur Aisyah Tan,2025-09-16,Singapore,Mainstream,25-34,2026-03-28,3,1082.97,360.99,2,123,316,1.0,4,4,2
CUST100826,Hui Ling Chong,2025-08-07,Thailand,Budget,18-24,2026-05-09,6,317.23,52.87,4,81,356,0.0,3,3,4
CUST100827,Nur Aisyah Binte Ismail,2024-09-06,Malaysia,Premium,18-24,2026-07-10,13,2468.46,189.88,6,19,691,0.0,2,1,1
CUST100828,Haziq Muthu,2025-07-15,Malaysia,Mainstream,35-44,2026-07-16,8,1240.55,155.07,5,13,379,0.0,1,2,2
CUST100829,Haziq Binte Ismail,2025-07-04,Malaysia,Budget,25-34,2026-04-30,5,256.5,51.3,4,90,390,0.0,4,3,4
CUST100830,Zhi Hao Nair,2024-09-18,Indonesia,Mainstream,18-24,2026-05-09,8,523.78,65.47,4,81,679,0.0,3,2,3
CUST100831,Nur Aisyah Chong,2026-04-06,Singapore,Budget,55+,2026-07-21,5,445.15,89.03,3,8,114,0.0,1,3,4
CUST100832,Ahmad Wong,2026-05-20,Indonesia,Premium,35-44,2026-06-21,12,1589.49,132.46,7,38,70,0.0,2,1,1
CUST100833,Xin Yi Yusof,2025-09-04,Indonesia,Mainstream,25-34,2026-07-01,7,1209.59,172.8,5,28,328,0.0,2,2,2
CUST100834,Ahmad Yusof,2025-12-09,Indonesia,Budget,25-34,2026-04-28,6,2007.0,334.5,4,92,232,1.0,4,3,1
CUST100835,Xin Yi Chong,2026-03-03,Singapore,Mainstream,35-44,2026-06-03,7,1482.01,211.72,5,56,148,0.0,3,2,1
CUST100836,Kumar Chua,2026-05-03,Singapore,Budget,35-44,2026-04-26,2,142.34,71.17,2,94,87,1.0,4,4,4
CUST100837,Ravi Goh,2024-10-27,Malaysia,Premium,45-54,2026-07-29,16,1682.55,105.16,7,0,640,0.0,1,1,1
CUST100838,Arif Lee,2025-05-07,Thailand,Premium,35-44,2026-07-27,9,1694.66,188.3,7,2,448,0.0,1,2,1
CUST100839,Chen Wei Kaur,2025-03-12,Thailand,Mainstream,55+,2026-04-17,2,158.9,79.45,2,103,504,1.0,4,4,4
CUST100840,Chen Wei Tan,2026-05-04,Malaysia,Mainstream,35-44,2026-07-21,8,1443.74,180.47,5,8,86,0.0,1,2,1
CUST100841,Wei Ming Chua,2025-11-22,Singapore,Mainstream,55+,2026-06-25,6,989.77,164.96,5,34,249,0.0,2,3,2
CUST100842,Jia Xin Kaur,2025-05-02,Singapore,Budget,35-44,2026-07-05,4,992.9,248.22,4,24,453,0.0,2,4,2
CUST100843,Farhan Lee,2025-07-09,Malaysia,Budget,35-44,2026-07-11,7,996.28,142.33,5,18,385,0.0,2,2,2
CUST100844,Chen Wei Lim,2025-03-09,Singapore,Premium,35-44,2026-06-25,13,1914.64,147.28,5,34,507,0.0,2,1,1
CUST100845,Xin Yi Muthu,2025-03-28,Malaysia,Budget,45-54,2026-07-06,9,1346.28,149.59,3,23,488,0.0,2,2,2
CUST100846,Aina Wong,2025-10-01,Indonesia,Budget,18-24,2026-03-01,2,294.7,147.35,2,150,301,1.0,4,4,4
CUST100847,Nur Aisyah Yusof,2025-01-04,Malaysia,Budget,18-24,2026-06-07,8,2777.04,347.13,4,52,571,0.0,3,2,1
CUST100848,Mei Ling Bin Abdullah,2026-01-21,Malaysia,Premium,25-34,2026-06-25,10,2106.86,210.69,5,34,189,0.0,2,1,1
CUST100849,Jia Xin Goh,2026-06-01,Singapore,Premium,25-34,2026-06-15,11,770.58,70.05,5,44,58,0.0,3,1,3
CUST100850,Kumar Bin Abdullah,2024-10-01,Singapore,Budget,45-54,2026-06-04,3,305.67,101.89,2,55,666,0.0,3,4,4
CUST100851,Aina Bin Abdullah,2026-07-13,Indonesia,Budget,35-44,2026-05-02,2,225.7,112.85,2,88,16,0.0,4,4,4
CUST100852,Chen Wei Osman,2026-01-03,Malaysia,Mainstream,18-24,2026-07-21,8,1564.17,195.52,5,8,207,0.0,1,2,1
CUST100853,Nabila Muthu,2026-05-07,Singapore,Budget,25-34,2026-07-23,2,915.0,457.5,2,6,83,0.0,1,4,2
CUST100854,Siti Binte Ismail,2026-02-10,Singapore,Premium,25-34,2026-07-16,11,1768.06,160.73,5,13,169,0.0,1,1,1
CUST100855,Priya Kaur,2025-10-14,Singapore,Premium,45-54,2026-07-14,13,859.13,66.09,7,15,288,0.0,1,1,3
CUST100856,Suresh Chua,2026-04-26,Indonesia,Mainstream,55+,2026-02-07,4,350.29,87.57,3,172,94,1.0,4,4,4
CUST100857,Zhi Hao Muthu,2025-08-23,Malaysia,Budget,25-34,2026-03-08,5,360.39,72.08,3,143,340,1.0,4,3,4
CUST100858,Zhi Hao Wong,2024-09-21,Malaysia,Mainstream,25-34,2026-03-11,7,1457.74,208.25,5,140,676,1.0,4,2,1
CUST100859,Farhan Kaur,2026-04-21,Malaysia,Premium,55+,2026-06-22,13,1000.36,76.95,6,37,99,0.0,2,1,2
CUST100860,Hui Ling Chua,2024-09-21,Singapore,Budget,35-44,2026-03-26,4,1106.03,276.51,3,125,676,1.0,4,4,2
CUST100861,Aina Yusof,2025-10-02,Malaysia,Premium,45-54,2026-07-28,8,1269.04,158.63,5,1,300,0.0,1,2,2
CUST100862,Ahmad Chua,2025-05-23,Singapore,Budget,25-34,2026-03-29,3,176.89,58.96,2,122,432,1.0,4,4,4
CUST100863,Chen Wei Chong,2025-09-10,Thailand,Premium,25-34,2026-05-14,14,1377.25,98.38,5,76,322,0.0,3,1,2
CUST100864,Farhan Lim,2025-12-10,Singapore,Mainstream,35-44,2026-04-14,2,424.46,212.23,2,106,231,1.0,4,4,4
CUST100865,Xin Yi Muthu,2026-05-11,Malaysia,Budget,18-24,2026-05-04,6,1126.85,187.81,5,86,79,0.0,4,3,2
CUST100866,Aina Osman,2025-05-22,Singapore,Mainstream,45-54,2026-05-17,5,432.74,86.55,3,73,433,0.0,3,3,4
CUST100867,Suresh Chua,2024-09-28,Indonesia,Budget,45-54,2026-07-21,7,728.1,104.01,3,8,669,0.0,1,2,3
CUST100868,Ahmad Lim,2025-07-14,Singapore,Budget,25-34,2026-07-10,7,493.47,70.5,4,19,380,0.0,2,2,3
CUST100869,Wei Ming Binte Ismail,2025-05-18,Thailand,Premium,35-44,2026-07-19,6,743.85,123.98,5,10,437,0.0,1,3,3
CUST100870,Farhan Chua,2025-04-16,Singapore,Budget,45-54,2026-04-14,3,307.56,102.52,3,106,469,1.0,4,4,4
CUST100871,Mei Ling Tan,2025-10-19,Indonesia,Premium,55+,2026-07-06,15,3071.56,204.77,7,23,283,0.0,2,1,1
CUST100872,Siti Goh,2026-05-02,Indonesia,Budget,25-34,2026-06-25,4,415.65,103.91,3,34,88,0.0,2,4,4
CUST100873,Nabila Wong,2025-07-24,Singapore,Mainstream,45-54,2026-06-09,5,963.21,192.64,4,50,370,0.0,3,3,2
CUST100874,Haziq Yusof,2024-11-02,Singapore,Premium,25-34,2026-04-30,7,494.95,70.71,4,90,634,0.0,4,2,3
CUST100875,Chen Wei Muthu,2025-12-12,Malaysia,Mainstream,45-54,2026-04-20,6,332.01,55.34,3,100,229,1.0,4,3,4
CUST100876,Zhi Hao Wong,2024-10-31,Indonesia,Premium,35-44,2026-06-25,17,2124.21,124.95,6,34,636,0.0,2,1,1
CUST100877,Zhi Hao Rahman,2024-11-13,Thailand,Premium,25-34,2026-07-05,12,2747.55,228.96,6,24,623,0.0,2,1,1
CUST100878,Priya Nair,2026-02-01,Singapore,Mainstream,35-44,2026-05-10,10,811.4,81.14,4,80,178,0.0,3,1,3
CUST100879,Divya Chong,2025-06-05,Malaysia,Mainstream,35-44,2026-06-27,11,1207.5,109.77,6,32,419,0.0,2,1,2
CUST100880,Jia Xin Lee,2025-01-30,Singapore,Budget,35-44,2025-12-09,4,329.23,82.31,4,232,545,1.0,4,4,4
CUST100881,Wei Ming Nair,2025-08-02,Singapore,Budget,25-34,2026-02-24,4,187.29,46.82,3,155,361,1.0,4,4,4
CUST100882,Divya Goh,2025-03-06,Malaysia,Budget,35-44,2026-04-09,5,842.94,168.59,4,111,510,1.0,4,3,3
CUST100883,Ahmad Kaur,2024-10-03,Singapore,Mainstream,45-54,2026-04-30,9,2086.05,231.78,5,90,664,0.0,4,2,1
CUST100884,Hui Ling Bin Abdullah,2025-04-28,Singapore,Mainstream,25-34,2026-07-26,7,639.19,91.31,5,3,457,0.0,1,2,3
CUST100885,Priya Wong,2024-11-25,Thailand,Mainstream,25-34,2026-06-05,7,1122.9,160.41,5,54,611,0.0,3,2,2
CUST100886,Jia Xin Wong,2024-12-22,Indonesia,Premium,45-54,2026-04-12,17,1987.22,116.9,6,108,584,1.0,4,1,1
CUST100887,Xin Yi Lim,2024-12-13,Indonesia,Budget,35-44,2026-07-27,7,1293.26,184.75,5,2,593,0.0,1,2,2
CUST100888,Priya Bin Abdullah,2024-11-14,Singapore,Premium,25-34,2026-06-19,13,1040.56,80.04,5,40,622,0.0,3,1,2
CUST100889,Priya Yusof,2026-02-15,Thailand,Budget,45-54,2026-07-06,7,1217.51,173.93,6,23,164,0.0,2,2,2
CUST100890,Wei Ming Wong,2026-07-16,Malaysia,Budget,18-24,2026-07-23,5,640.5,128.1,2,6,13,0.0,1,3,3
CUST100891,Wei Ming Goh,2026-04-09,Malaysia,Mainstream,45-54,2026-07-18,10,1067.97,106.8,6,11,111,0.0,1,1,2
CUST100892,Ravi Binte Ismail,2026-01-28,Singapore,Budget,35-44,2026-01-27,5,735.12,147.02,4,183,182,1.0,4,3,3
CUST100893,Nur Aisyah Lim,2025-03-13,Thailand,Mainstream,18-24,2026-07-03,6,571.81,95.3,3,26,503,0.0,2,3,3
CUST100894,Mei Ling Chua,2025-07-22,Malaysia,Mainstream,55+,2026-07-29,12,1390.22,115.85,6,0,372,0.0,1,1,2
CUST100895,Divya Muthu,2025-08-21,Indonesia,Mainstream,45-54,2026-06-17,7,625.82,89.4,5,42,342,0.0,3,2,3
CUST100896,Priya Rahman,2026-07-23,Indonesia,Budget,25-34,2026-03-23,7,1385.91,197.99,5,128,6,1.0,4,2,2
CUST100897,Mei Ling Binte Ismail,2025-03-17,Indonesia,Budget,55+,2026-05-23,4,1180.45,295.11,4,67,499,0.0,3,4,2
CUST100898,Nabila Bin Abdullah,2025-11-06,Indonesia,Budget,55+,2026-04-19,3,872.22,290.74,3,101,265,1.0,4,4,2
CUST100899,Mei Ling Kaur,2025-01-20,Thailand,Mainstream,45-54,2026-07-20,12,2319.1,193.26,5,9,555,0.0,1,1,1
CUST100900,Hui Ling Kaur,2026-05-08,Singapore,Budget,18-24,2026-05-07,4,682.69,170.67,3,83,82,0.0,4,4,3
CUST100901,Mei Ling Binte Ismail,2025-12-26,Singapore,Budget,25-34,2026-05-08,6,846.53,141.09,4,82,215,0.0,4,3,3
CUST100902,Arif Tan,2026-06-20,Indonesia,Mainstream,45-54,2026-06-28,9,1211.76,134.64,5,31,39,0.0,2,2,2
CUST100903,Wei Ming Kaur,2026-01-03,Malaysia,Premium,55+,2026-07-22,10,1903.94,190.39,5,7,207,0.0,1,1,1
CUST100904,Hui Ling Goh,2024-09-23,Malaysia,Mainstream,25-34,2026-06-27,9,1867.31,207.48,6,32,674,0.0,2,2,1
CUST100905,Siti Nair,2025-08-05,Indonesia,Budget,25-34,2026-03-20,8,1772.34,221.54,6,131,358,1.0,4,2,1
CUST100906,Aina Kaur,2025-09-12,Malaysia,Mainstream,25-34,2026-07-26,8,1145.52,143.19,5,3,320,0.0,1,2,2
CUST100907,Suresh Lim,2026-01-11,Indonesia,Budget,35-44,2026-02-26,7,1631.82,233.12,5,153,199,1.0,4,2,1
CUST100908,Siti Binte Ismail,2026-01-17,Singapore,Budget,35-44,2026-07-22,1,91.93,91.93,1,7,193,0.0,1,4,4
CUST100909,Arif Rahman,2025-03-29,Thailand,Budget,18-24,2026-04-01,5,742.68,148.54,3,119,487,1.0,4,3,3
CUST100910,Priya Chua,2024-08-09,Singapore,Premium,35-44,2026-05-15,10,987.18,98.72,4,75,719,0.0,3,1,2
CUST100911,Priya Muthu,2025-01-30,Malaysia,Mainstream,35-44,2026-07-27,8,1146.91,143.36,5,2,545,0.0,1,2,2
CUST100912,Xin Yi Muthu,2025-02-06,Thailand,Budget,25-34,2026-06-24,5,610.28,122.06,5,35,538,0.0,2,3,3
CUST100913,Arif Goh,2025-08-19,Singapore,Mainstream,45-54,2026-07-26,4,1658.12,414.53,2,3,344,0.0,1,4,1
CUST100914,Zhi Hao Goh,2026-05-18,Singapore,Premium,18-24,2026-05-21,12,1275.7,106.31,6,69,72,0.0,3,1,2
CUST100915,Jia Xin Goh,2025-02-16,Singapore,Budget,18-24,2026-06-03,3,554.07,184.69,3,56,528,0.0,3,4,3
CUST100916,Divya Lim,2024-12-16,Malaysia,Mainstream,35-44,2026-07-18,6,677.46,112.91,3,11,590,0.0,1,3,3
CUST100917,Farhan Bin Abdullah,2025-07-22,Malaysia,Budget,35-44,2025-10-16,2,536.12,268.06,1,286,372,1.0,4,4,3
CUST100918,Chen Wei Rahman,2026-05-24,Singapore,Budget,25-34,2026-05-02,6,717.8,119.63,5,88,66,0.0,4,3,3
CUST100919,Siti Chong,2025-02-24,Thailand,Premium,55+,2026-07-21,13,1331.42,102.42,7,8,520,0.0,1,1,2
CUST100920,Farhan Lim,2024-09-25,Singapore,Budget,25-34,2026-03-18,6,1047.26,174.54,4,133,672,1.0,4,3,2
CUST100921,Haziq Osman,2026-02-15,Malaysia,Mainstream,25-34,2026-07-29,10,1337.35,133.73,6,0,164,0.0,1,1,2
CUST100922,Ravi Nair,2026-04-04,Malaysia,Budget,45-54,2026-02-26,2,153.69,76.84,2,153,116,1.0,4,4,4
CUST100923,Farhan Chong,2025-02-05,Singapore,Mainstream,55+,2026-06-17,9,816.01,90.67,7,42,539,0.0,3,2,3
CUST100924,Ahmad Bin Abdullah,2025-11-29,Singapore,Mainstream,35-44,2026-01-30,6,1253.79,208.96,5,180,242,1.0,4,3,2
CUST100925,Hui Ling Binte Ismail,2025-02-22,Thailand,Premium,18-24,2026-07-02,16,2128.5,133.03,7,27,522,0.0,2,1,1
CUST100926,Mei Ling Bin Abdullah,2025-03-03,Indonesia,Mainstream,25-34,2026-03-03,3,1147.43,382.48,2,148,513,1.0,4,4,2
CUST100927,Arif Osman,2026-01-16,Singapore,Mainstream,25-34,2026-07-26,12,1946.32,162.19,6,3,194,0.0,1,1,1
CUST100928,Jia Xin Chong,2026-06-29,Indonesia,Budget,35-44,2026-04-12,4,825.38,206.34,4,108,30,1.0,4,4,3
CUST100929,Ahmad Chua,2025-06-19,Malaysia,Budget,35-44,2026-07-20,7,340.76,48.68,4,9,405,0.0,1,2,4
CUST100930,Ravi Rahman,2025-10-05,Singapore,Mainstream,25-34,2026-07-17,9,726.24,80.69,5,12,297,0.0,1,2,3
CUST100931,Haziq Wong,2024-11-12,Indonesia,Mainstream,35-44,2026-05-17,7,667.65,95.38,5,73,624,0.0,3,2,3
CUST100932,Haziq Lee,2025-11-10,Malaysia,Budget,45-54,2025-12-24,2,802.7,401.35,2,217,261,1.0,4,4,3
CUST100933,Arif Chua,2026-01-28,Singapore,Premium,25-34,2026-07-15,15,2551.23,170.08,6,14,182,0.0,1,1,1
CUST100934,Wei Ming Chua,2024-11-09,Thailand,Budget,25-34,2026-02-12,4,296.64,74.16,2,167,627,1.0,4,4,4
CUST100935,Wei Ming Binte Ismail,2025-02-07,Singapore,Budget,45-54,2026-03-21,4,1033.39,258.35,3,130,537,1.0,4,4,2
CUST100936,Zhi Hao Goh,2025-05-04,Singapore,Premium,18-24,2026-07-12,18,2341.44,130.08,7,17,451,0.0,2,1,1
CUST100937,Farhan Lim,2024-09-01,Singapore,Mainstream,25-34,2026-01-03,5,1781.73,356.35,4,207,696,1.0,4,3,1
CUST100938,Siti Muthu,2025-01-04,Indonesia,Mainstream,18-24,2026-07-02,10,1964.74,196.47,5,27,571,0.0,2,1,1
CUST100939,Ravi Lim,2024-11-04,Indonesia,Budget,35-44,2026-06-19,5,453.83,90.77,4,40,632,0.0,3,3,4
CUST100940,Jia Xin Binte Ismail,2024-12-23,Thailand,Budget,35-44,2026-07-24,9,1049.01,116.56,5,5,583,0.0,1,2,2
CUST100941,Nur Aisyah Osman,2025-10-09,Singapore,Mainstream,35-44,2026-07-07,5,1014.92,202.98,4,22,293,0.0,2,3,2
CUST100942,Zhi Hao Bin Abdullah,2026-06-14,Indonesia,Budget,25-34,2026-07-13,5,360.97,72.19,4,16,45,0.0,1,3,4
CUST100943,Aina Lee,2025-05-12,Malaysia,Mainstream,35-44,2026-07-28,7,1480.05,211.44,4,1,443,0.0,1,2,1
CUST100944,Hui Ling Lee,2025-01-17,Singapore,Budget,25-34,2026-01-14,1,175.45,175.45,1,196,558,1.0,4,4,4
CUST100945,Nur Aisyah Binte Ismail,2024-08-05,Singapore,Budget,45-54,2026-06-02,8,1050.99,131.37,5,57,723,0.0,3,2,2
CUST100946,Suresh Yusof,2025-03-19,Indonesia,Budget,55+,2026-07-29,5,182.54,36.51,4,0,497,0.0,1,3,4
CUST100947,Arif Osman,2025-06-10,Singapore,Budget,35-44,2026-07-10,6,638.1,106.35,5,19,414,0.0,2,3,3
CUST100948,Divya Muthu,2025-06-04,Malaysia,Budget,25-34,2026-04-17,4,1245.43,311.36,4,103,420,1.0,4,4,2
CUST100949,Ravi Wong,2026-05-07,Malaysia,Mainstream,45-54,2026-07-03,3,323.02,107.67,2,26,83,0.0,2,4,4
CUST100950,Ahmad Kaur,2026-07-24,Singapore,Mainstream,25-34,2026-07-04,6,614.54,102.42,5,25,5,0.0,2,3,3
CUST100951,Ravi Binte Ismail,2026-06-26,Thailand,Budget,25-34,2026-07-18,4,834.87,208.72,4,11,33,0.0,1,4,3
CUST100952,Priya Binte Ismail,2024-10-07,Indonesia,Mainstream,55+,2026-07-14,13,1775.15,136.55,6,15,660,0.0,1,1,1
CUST100953,Kumar Bin Abdullah,2024-12-30,Malaysia,Budget,25-34,2026-07-26,7,1456.46,208.07,4,3,576,0.0,1,2,1
CUST100954,Wei Ming Goh,2026-01-21,Indonesia,Budget,18-24,2026-06-22,1,40.43,40.43,1,37,189,0.0,2,4,4
CUST100955,Hui Ling Muthu,2025-09-23,Malaysia,Premium,35-44,2026-07-19,19,2150.22,113.17,7,10,309,0.0,1,1,1
CUST100956,Wei Ming Chua,2025-08-10,Indonesia,Mainstream,35-44,2026-04-25,10,2385.52,238.55,6,95,353,1.0,4,1,1
CUST100957,Priya Kaur,2026-01-30,Singapore,Mainstream,35-44,2026-04-11,6,465.88,77.65,6,109,180,1.0,4,3,3
CUST100958,Kumar Kaur,2025-09-24,Malaysia,Budget,25-34,2026-06-26,3,134.42,44.81,2,33,308,0.0,2,4,4
CUST100959,Mei Ling Kaur,2025-11-18,Singapore,Budget,35-44,2026-06-11,6,708.64,118.11,4,48,253,0.0,3,3,3
CUST100960,Jia Xin Chong,2025-03-09,Malaysia,Mainstream,25-34,2026-06-23,6,923.71,153.95,5,36,507,0.0,2,3,2
CUST100961,Haziq Lee,2025-01-23,Malaysia,Mainstream,55+,2026-07-20,7,1395.35,199.34,6,9,552,0.0,1,2,2
CUST100962,Jia Xin Lim,2026-05-19,Singapore,Mainstream,25-34,2026-07-25,6,596.08,99.35,6,4,71,0.0,1,3,3
CUST100963,Jia Xin Lim,2025-08-24,Thailand,Premium,18-24,2026-06-07,7,732.94,104.71,5,52,339,0.0,3,2,3
CUST100964,Nur Aisyah Goh,2024-08-05,Singapore,Budget,35-44,2026-07-17,3,157.56,52.52,2,12,723,0.0,1,4,4
CUST100965,Hui Ling Kaur,2024-11-02,Singapore,Mainstream,25-34,2026-06-16,6,895.14,149.19,5,43,634,0.0,3,3,2
CUST100966,Haziq Goh,2024-12-27,Malaysia,Mainstream,35-44,2026-06-10,6,658.37,109.73,5,49,579,0.0,3,3,3
CUST100967,Arif Bin Abdullah,2025-02-08,Malaysia,Budget,25-34,2026-02-19,4,390.99,97.75,3,160,536,1.0,4,4,4
CUST100968,Jia Xin Chong,2026-07-26,Singapore,Budget,25-34,2026-07-29,5,530.78,106.16,3,0,3,0.0,1,3,3
CUST100969,Nabila Binte Ismail,2024-08-17,Malaysia,Mainstream,25-34,2026-07-21,8,753.23,94.15,4,8,711,0.0,1,2,3
CUST100970,Nur Aisyah Binte Ismail,2025-02-08,Indonesia,Budget,25-34,2026-05-22,3,711.96,237.32,3,68,536,0.0,3,4,3
CUST100971,Suresh Tan,2024-10-19,Singapore,Mainstream,18-24,2026-05-17,11,2340.94,212.81,7,73,648,0.0,3,1,1
CUST100972,Jia Xin Lim,2024-10-04,Thailand,Mainstream,25-34,2026-07-22,3,241.67,80.56,3,7,663,0.0,1,4,4
CUST100973,Nur Aisyah Muthu,2026-01-25,Singapore,Mainstream,25-34,2026-06-22,8,639.02,79.88,4,37,185,0.0,2,2,3
CUST100974,Wei Ming Rahman,2026-07-19,Malaysia,Mainstream,45-54,2026-05-29,8,924.25,115.53,4,61,10,0.0,3,2,2
CUST100975,Chen Wei Nair,2025-04-04,Singapore,Mainstream,35-44,2026-07-20,8,1567.65,195.96,4,9,481,0.0,1,2,1
CUST100976,Hui Ling Lee,2025-08-28,Indonesia,Mainstream,25-34,2026-05-30,10,1535.74,153.57,5,60,335,0.0,3,1,1
CUST100977,Nabila Lee,2026-07-15,Indonesia,Premium,18-24,2026-06-22,12,1174.16,97.85,6,37,14,0.0,2,1,2
CUST100978,Ahmad Kaur,2026-01-13,Singapore,Budget,18-24,2026-06-17,6,556.43,92.74,5,42,197,0.0,3,3,3
CUST100979,Aina Bin Abdullah,2024-08-05,Singapore,Premium,25-34,2026-06-09,14,2634.56,188.18,7,50,723,0.0,3,1,1
CUST100980,Haziq Goh,2025-11-06,Singapore,Budget,35-44,2025-10-28,2,444.91,222.46,2,274,265,1.0,4,4,4
CUST100981,Arif Osman,2026-01-20,Singapore,Budget,25-34,2026-04-02,7,1475.82,210.83,5,118,190,1.0,4,2,1
CUST100982,Haziq Chua,2025-04-08,Thailand,Mainstream,55+,2026-07-14,11,1509.64,137.24,6,15,477,0.0,1,1,1
CUST100983,Jia Xin Kaur,2025-03-31,Malaysia,Budget,45-54,2026-05-18,5,632.25,126.45,4,72,485,0.0,3,3,3
CUST100984,Haziq Bin Abdullah,2025-11-29,Malaysia,Budget,18-24,2026-03-25,4,1270.58,317.64,3,126,242,1.0,4,4,2
CUST100985,Haziq Muthu,2024-11-17,Thailand,Budget,25-34,2026-01-27,4,325.22,81.31,3,183,619,1.0,4,4,4
CUST100986,Aina Wong,2025-06-01,Indonesia,Mainstream,18-24,2026-07-27,12,2762.21,230.18,6,2,423,0.0,1,1,1
CUST100987,Divya Tan,2026-04-03,Indonesia,Mainstream,18-24,2026-07-17,9,1407.63,156.4,5,12,117,0.0,1,2,2
CUST100988,Chen Wei Wong,2025-12-04,Singapore,Budget,35-44,2026-07-28,4,384.75,96.19,3,1,237,0.0,1,4,4
CUST100989,Hui Ling Chua,2024-11-18,Singapore,Mainstream,18-24,2026-06-22,5,550.22,110.04,3,37,618,0.0,2,3,3
CUST100990,Aina Nair,2026-05-25,Singapore,Budget,18-24,2026-03-30,4,970.26,242.56,3,121,65,1.0,4,4,2
CUST100991,Hui Ling Chua,2026-07-21,Singapore,Premium,18-24,2026-02-28,11,1742.39,158.4,5,151,8,1.0,4,1,1
CUST100992,Zhi Hao Chua,2025-04-06,Malaysia,Budget,35-44,2026-07-13,2,564.08,282.04,2,16,479,0.0,1,4,3
CUST100993,Haziq Binte Ismail,2025-09-10,Singapore,Mainstream,18-24,2026-05-07,12,1407.16,117.26,5,83,322,0.0,4,1,2
CUST100994,Siti Muthu,2026-01-26,Malaysia,Mainstream,55+,2026-06-03,5,1229.63,245.93,4,56,184,0.0,3,3,2
CUST100995,Ahmad Lee,2025-08-19,Malaysia,Mainstream,25-34,2026-05-24,7,802.93,114.7,5,66,344,0.0,3,2,3
CUST100996,Kumar Nair,2026-03-17,Singapore,Premium,25-34,2026-07-14,11,1095.37,99.58,6,15,134,0.0,1,1,2
CUST100997,Xin Yi Tan,2025-10-29,Singapore,Budget,35-44,2026-03-22,3,79.06,26.35,2,129,273,1.0,4,4,4
CUST100998,Divya Goh,2026-02-09,Malaysia,Mainstream,35-44,2026-05-05,10,792.4,79.24,7,85,170,0.0,4,1,3
CUST100999,Kumar Rahman,2025-05-27,Malaysia,Budget,25-34,2025-12-09,2,72.92,36.46,2,232,428,1.0,4,4,4
CUST101000,Suresh Tan,2025-03-25,Indonesia,Mainstream,35-44,2026-07-12,5,590.93,118.19,3,17,491,0.0,2,3,3
CUST101001,Jia Xin Lee,2024-09-30,Indonesia,Budget,25-34,2026-07-22,6,2415.76,402.63,2,7,667,0.0,1,3,1
CUST101002,Xin Yi Lim,2026-06-10,Singapore,Budget,25-34,2026-06-12,4,299.26,74.82,3,47,49,0.0,3,4,4
CUST101003,Farhan Bin Abdullah,2025-12-03,Singapore,Budget,18-24,2026-05-30,9,1432.93,159.21,7,60,238,0.0,3,2,1
CUST101004,Xin Yi Nair,2026-01-17,Singapore,Budget,35-44,2026-05-07,2,238.85,119.42,2,83,193,0.0,4,4,4
CUST101005,Mei Ling Wong,2025-06-02,Singapore,Premium,35-44,2026-07-07,15,1334.02,88.93,7,22,422,0.0,2,1,2
CUST101006,Nur Aisyah Muthu,2025-07-05,Malaysia,Mainstream,35-44,2026-07-08,7,433.78,61.97,5,21,389,0.0,2,2,4
CUST101007,Zhi Hao Rahman,2024-10-27,Thailand,Budget,55+,2026-07-03,6,641.9,106.98,5,26,640,0.0,2,3,3
CUST101008,Farhan Yusof,2024-09-27,Singapore,Mainstream,35-44,2026-07-24,12,1791.34,149.28,5,5,670,0.0,1,1,1
CUST101009,Ravi Lee,2025-01-11,Singapore,Mainstream,45-54,2026-03-05,5,378.01,75.6,3,146,564,1.0,4,3,4
CUST101010,Priya Nair,2026-03-06,Indonesia,Budget,25-34,2026-02-24,7,1567.3,223.9,4,155,145,1.0,4,2,1
CUST101011,Aina Chong,2026-06-30,Malaysia,Budget,35-44,2026-04-26,8,533.85,66.73,6,94,29,1.0,4,2,3
CUST101012,Hui Ling Kaur,2024-10-11,Singapore,Mainstream,35-44,2026-05-05,6,551.95,91.99,3,85,656,0.0,4,3,3
CUST101013,Zhi Hao Goh,2024-09-09,Singapore,Budget,25-34,2026-05-31,8,2094.07,261.76,4,59,688,0.0,3,2,1
CUST101014,Ahmad Wong,2026-01-28,Thailand,Mainstream,25-34,2026-03-06,9,1424.96,158.33,6,145,182,1.0,4,2,1
CUST101015,Divya Bin Abdullah,2026-06-25,Singapore,Budget,35-44,2026-05-15,5,1025.95,205.19,4,75,34,0.0,3,3,2
CUST101016,Hui Ling Yusof,2025-03-20,Malaysia,Budget,18-24,2026-07-01,4,786.51,196.63,3,28,496,0.0,2,4,3
CUST101017,Nabila Osman,2025-05-26,Indonesia,Mainstream,25-34,2026-06-26,9,951.34,105.7,5,33,429,0.0,2,2,2
CUST101018,Divya Tan,2024-10-19,Singapore,Mainstream,45-54,2026-07-08,7,898.13,128.3,4,21,648,0.0,2,2,2
CUST101019,Nabila Lee,2025-06-04,Indonesia,Premium,25-34,2026-07-15,17,1834.02,107.88,6,14,420,0.0,1,1,1
CUST101020,Kumar Muthu,2025-01-20,Singapore,Budget,18-24,2026-03-13,5,582.46,116.49,4,138,555,1.0,4,3,3
CUST101021,Ravi Chua,2025-01-01,Singapore,Mainstream,18-24,2026-07-19,6,833.41,138.9,6,10,574,0.0,1,3,3
CUST101022,Kumar Goh,2026-07-22,Singapore,Premium,55+,2026-06-18,15,2471.87,164.79,7,41,7,0.0,3,1,1
CUST101023,Mei Ling Kaur,2026-04-12,Thailand,Mainstream,55+,2026-07-18,4,863.96,215.99,4,11,108,0.0,1,4,2
CUST101024,Xin Yi Nair,2025-01-06,Singapore,Premium,35-44,2026-06-24,10,649.24,64.92,4,35,569,0.0,2,1,3
CUST101025,Nur Aisyah Rahman,2026-03-21,Singapore,Premium,25-34,2026-05-31,11,818.05,74.37,6,59,130,0.0,3,1,3
CUST101026,Jia Xin Goh,2026-03-01,Thailand,Mainstream,25-34,2026-06-10,8,1280.78,160.1,6,49,150,0.0,3,2,2
CUST101027,Ravi Wong,2025-01-26,Singapore,Premium,25-34,2026-07-27,15,2252.56,150.17,7,2,549,0.0,1,1,1
CUST101028,Ravi Chua,2026-03-02,Thailand,Mainstream,45-54,2026-07-08,10,1652.68,165.27,6,21,149,0.0,2,1,1
CUST101029,Jia Xin Lee,2026-04-11,Indonesia,Mainstream,35-44,2026-07-29,7,2441.24,348.75,4,0,109,0.0,1,2,1
CUST101030,Suresh Chong,2026-07-20,Malaysia,Premium,45-54,2026-07-13,14,2292.4,163.74,7,16,9,0.0,1,1,1
CUST101031,Arif Yusof,2025-08-21,Indonesia,Mainstream,25-34,2026-07-27,10,883.56,88.36,5,2,342,0.0,1,1,2
CUST101032,Divya Kaur,2025-04-21,Indonesia,Budget,45-54,2026-01-23,5,838.86,167.77,5,187,464,1.0,4,3,3
CUST101033,Ravi Muthu,2025-02-10,Singapore,Budget,25-34,2026-06-18,6,783.41,130.57,4,41,534,0.0,3,3,3
CUST101034,Priya Lee,2024-10-06,Thailand,Budget,25-34,2026-07-10,5,1045.64,209.13,4,19,661,0.0,2,3,2
CUST101035,Nur Aisyah Nair,2025-04-10,Thailand,Premium,35-44,2026-07-04,8,1558.4,194.8,6,25,475,0.0,2,2,1
CUST101036,Farhan Wong,2025-01-23,Thailand,Budget,35-44,2026-05-31,5,916.2,183.24,4,59,552,0.0,3,3,2
CUST101037,Aina Lee,2026-02-26,Malaysia,Budget,45-54,2026-06-23,4,212.06,53.02,3,36,153,0.0,2,4,4
CUST101038,Mei Ling Lee,2025-11-23,Malaysia,Mainstream,25-34,2026-07-22,12,1748.26,145.69,6,7,248,0.0,1,1,1
CUST101039,Kumar Lim,2025-12-20,Malaysia,Budget,55+,2026-04-29,3,419.67,139.89,2,91,221,1.0,4,4,4
CUST101040,Haziq Lim,2026-06-12,Singapore,Premium,25-34,2026-07-16,16,1959.34,122.46,5,13,47,0.0,1,1,1
CUST101041,Priya Yusof,2024-08-21,Malaysia,Mainstream,25-34,2026-07-09,9,684.11,76.01,4,20,707,0.0,2,2,3
CUST101042,Arif Nair,2026-02-03,Malaysia,Budget,25-34,2026-03-08,7,775.11,110.73,6,143,176,1.0,4,2,3
CUST101043,Ravi Nair,2025-09-05,Indonesia,Budget,18-24,2026-01-23,6,162.87,27.14,4,187,327,1.0,4,3,4
CUST101044,Priya Tan,2025-11-11,Singapore,Mainstream,45-54,2026-07-16,7,1270.66,181.52,5,13,260,0.0,1,2,2
CUST101045,Suresh Rahman,2026-06-27,Malaysia,Mainstream,18-24,2026-07-09,7,864.26,123.47,4,20,32,0.0,2,2,2
CUST101046,Haziq Bin Abdullah,2024-10-08,Malaysia,Mainstream,25-34,2026-06-25,7,1268.08,181.15,5,34,659,0.0,2,2,2
CUST101047,Nur Aisyah Chua,2026-02-19,Malaysia,Budget,25-34,2026-02-24,8,754.45,94.31,5,155,160,1.0,4,2,3
CUST101048,Chen Wei Osman,2026-05-17,Thailand,Premium,35-44,2026-07-10,13,997.18,76.71,6,19,73,0.0,2,1,2
CUST101049,Xin Yi Binte Ismail,2025-11-22,Indonesia,Mainstream,55+,2026-06-05,11,1403.83,127.62,6,54,249,0.0,3,1,2
CUST101050,Chen Wei Yusof,2026-04-16,Singapore,Mainstream,45-54,2026-03-08,6,404.92,67.49,3,143,104,1.0,4,3,4
CUST101051,Nur Aisyah Lim,2024-07-30,Singapore,Budget,25-34,2026-04-25,2,54.79,27.4,2,95,729,1.0,4,4,4
CUST101052,Suresh Rahman,2026-03-14,Indonesia,Premium,25-34,2026-06-22,6,1188.74,198.12,5,37,137,0.0,2,3,2
CUST101053,Xin Yi Bin Abdullah,2025-12-21,Malaysia,Mainstream,25-34,2026-05-04,5,1032.06,206.41,4,86,220,0.0,4,3,2
CUST101054,Kumar Rahman,2026-01-13,Indonesia,Budget,55+,2026-01-19,3,468.24,156.08,3,191,197,1.0,4,4,3
CUST101055,Kumar Yusof,2026-07-10,Singapore,Premium,18-24,2026-07-14,16,2425.72,151.61,6,15,19,0.0,1,1,1
CUST101056,Chen Wei Muthu,2026-07-20,Singapore,Premium,55+,2026-07-16,9,2021.64,224.63,6,13,9,0.0,1,2,1
CUST101057,Ravi Binte Ismail,2025-07-20,Malaysia,Mainstream,45-54,2026-06-04,6,1317.35,219.56,3,55,374,0.0,3,3,2
CUST101058,Nabila Chong,2026-02-10,Indonesia,Mainstream,35-44,2026-07-06,10,1027.25,102.72,5,23,169,0.0,2,1,2
CUST101059,Ahmad Yusof,2026-05-29,Thailand,Budget,45-54,2026-04-04,5,364.62,72.92,4,116,61,1.0,4,3,4
CUST101060,Xin Yi Goh,2025-12-29,Thailand,Mainstream,25-34,2026-07-02,8,1217.27,152.16,5,27,212,0.0,2,2,2
CUST101061,Divya Nair,2026-01-10,Malaysia,Budget,25-34,2026-03-08,2,153.63,76.82,2,143,200,1.0,4,4,4
CUST101062,Ravi Binte Ismail,2025-09-23,Indonesia,Mainstream,25-34,2026-06-16,6,1441.08,240.18,5,43,309,0.0,3,3,1
CUST101063,Priya Nair,2024-08-04,Singapore,Budget,25-34,2025-12-08,1,7.79,7.79,1,233,724,1.0,4,4,4
CUST101064,Hui Ling Rahman,2025-12-17,Malaysia,Budget,35-44,2026-03-10,1,41.88,41.88,1,141,224,1.0,4,4,4
CUST101065,Ravi Goh,2025-03-02,Thailand,Premium,35-44,2026-06-13,10,639.19,63.92,5,46,514,0.0,3,1,3
CUST101066,Ahmad Wong,2025-01-15,Malaysia,Budget,45-54,2026-05-31,7,512.85,73.26,4,59,560,0.0,3,2,3
CUST101067,Farhan Yusof,2026-06-23,Thailand,Mainstream,45-54,2026-04-12,5,1126.98,225.4,4,108,36,1.0,4,3,2
CUST101068,Ahmad Tan,2025-07-29,Singapore,Budget,25-34,2026-07-19,5,1719.55,343.91,2,10,365,0.0,1,3,1
CUST101069,Ahmad Lee,2025-09-05,Singapore,Budget,25-34,2026-02-27,3,209.98,69.99,2,152,327,1.0,4,4,4
CUST101070,Ravi Muthu,2025-07-24,Malaysia,Budget,25-34,2026-07-18,6,250.77,41.79,3,11,370,0.0,1,3,4
CUST101071,Nabila Nair,2026-03-26,Thailand,Budget,18-24,2026-07-12,4,902.99,225.75,4,17,125,0.0,2,4,2
CUST101072,Jia Xin Lee,2025-08-24,Singapore,Mainstream,35-44,2026-07-26,12,1023.98,85.33,5,3,339,0.0,1,1,2
CUST101073,Nur Aisyah Goh,2026-05-01,Indonesia,Budget,35-44,2026-07-10,2,297.69,148.84,2,19,89,0.0,2,4,4
CUST101074,Haziq Osman,2024-09-07,Singapore,Mainstream,35-44,2026-07-08,8,1632.47,204.06,6,21,690,0.0,2,2,1
CUST101075,Priya Rahman,2025-05-27,Indonesia,Mainstream,35-44,2026-05-10,9,1671.16,185.68,6,80,428,0.0,3,2,1
CUST101076,Suresh Chong,2026-07-04,Malaysia,Budget,45-54,2026-04-27,5,529.57,105.91,4,93,25,1.0,4,3,3
CUST101077,Ravi Kaur,2025-07-25,Singapore,Budget,35-44,2026-04-05,4,464.47,116.12,2,115,369,1.0,4,4,3
CUST101078,Farhan Nair,2024-09-21,Indonesia,Budget,55+,2026-04-03,4,609.9,152.48,3,117,676,1.0,4,4,3
CUST101079,Haziq Wong,2025-02-02,Indonesia,Budget,45-54,2026-04-24,3,1188.08,396.03,3,96,542,1.0,4,4,2
CUST101080,Haziq Binte Ismail,2026-01-11,Malaysia,Budget,35-44,2026-07-23,5,658.72,131.74,4,6,199,0.0,1,3,3
CUST101081,Farhan Muthu,2024-10-16,Singapore,Mainstream,18-24,2026-06-06,10,1628.3,162.83,4,53,651,0.0,3,1,1
CUST101082,Nabila Muthu,2026-03-16,Singapore,Mainstream,45-54,2026-03-29,6,516.23,86.04,5,122,135,1.0,4,3,3
CUST101083,Priya Osman,2026-01-30,Thailand,Premium,25-34,2026-07-22,11,1257.6,114.33,5,7,180,0.0,1,1,2
CUST101084,Chen Wei Goh,2026-04-07,Indonesia,Mainstream,25-34,2026-07-28,5,985.59,197.12,4,1,113,0.0,1,3,2
CUST101085,Wei Ming Chua,2024-09-24,Indonesia,Mainstream,25-34,2026-07-29,10,2803.11,280.31,6,0,673,0.0,1,1,1
CUST101086,Nabila Chua,2025-02-21,Indonesia,Budget,25-34,2025-12-28,3,911.07,303.69,3,213,523,1.0,4,4,2
CUST101087,Siti Chua,2025-07-16,Indonesia,Budget,18-24,2026-02-05,4,458.17,114.54,3,174,378,1.0,4,4,4
CUST101088,Arif Kaur,2025-03-29,Singapore,Mainstream,25-34,2026-02-19,7,1308.8,186.97,4,160,487,1.0,4,2,2
CUST101089,Zhi Hao Lee,2026-01-22,Malaysia,Budget,45-54,2026-06-29,10,1535.68,153.57,6,30,188,0.0,2,1,1
CUST101090,Aina Binte Ismail,2026-06-08,Indonesia,Budget,35-44,2026-03-21,9,2096.92,232.99,5,130,51,1.0,4,2,1
CUST101091,Zhi Hao Nair,2024-11-19,Singapore,Premium,55+,2026-06-18,12,718.63,59.89,5,41,617,0.0,3,1,3
CUST101092,Zhi Hao Rahman,2024-08-25,Singapore,Budget,45-54,2026-07-17,5,595.64,119.13,4,12,703,0.0,1,3,3
CUST101093,Priya Binte Ismail,2026-07-04,Malaysia,Budget,25-34,2026-05-17,8,560.14,70.02,3,73,25,0.0,3,2,3
CUST101094,Mei Ling Chong,2026-06-22,Thailand,Premium,45-54,2026-07-25,10,753.2,75.32,6,4,37,0.0,1,1,3
CUST101095,Jia Xin Lee,2025-06-16,Indonesia,Budget,35-44,2026-05-04,4,410.11,102.53,4,86,408,0.0,4,4,4
CUST101096,Kumar Binte Ismail,2026-06-28,Singapore,Budget,25-34,2026-07-07,5,1376.4,275.28,4,22,31,0.0,2,3,2
CUST101097,Aina Osman,2025-02-18,Thailand,Budget,55+,2026-06-29,6,1429.57,238.26,4,30,526,0.0,2,3,1
CUST101098,Kumar Osman,2024-09-07,Singapore,Budget,55+,2026-06-14,9,924.31,102.7,4,45,690,0.0,3,2,2
CUST101099,Divya Bin Abdullah,2026-01-06,Singapore,Premium,18-24,2026-07-11,14,2208.63,157.76,6,18,204,0.0,2,1,1
CUST101100,Jia Xin Tan,2025-12-27,Thailand,Mainstream,45-54,2026-07-15,7,1366.93,195.28,4,14,214,0.0,1,2,2
CUST101101,Wei Ming Wong,2024-11-06,Indonesia,Mainstream,18-24,2026-07-08,5,1374.67,274.93,3,21,630,0.0,2,3,2
CUST101102,Mei Ling Chua,2025-11-11,Thailand,Budget,55+,2026-06-29,6,1215.84,202.64,6,30,260,0.0,2,3,2
CUST101103,Arif Osman,2026-02-04,Indonesia,Budget,35-44,2026-07-28,3,282.63,94.21,3,1,175,0.0,1,4,4
CUST101104,Siti Bin Abdullah,2026-05-29,Indonesia,Mainstream,25-34,2026-07-07,7,1221.05,174.44,4,22,61,0.0,2,2,2
CUST101105,Aina Chua,2024-11-23,Singapore,Budget,45-54,2026-06-21,4,226.49,56.62,2,38,613,0.0,2,4,4
CUST101106,Zhi Hao Lim,2024-09-22,Singapore,Budget,35-44,2026-07-09,9,624.5,69.39,5,20,675,0.0,2,2,3
CUST101107,Arif Wong,2026-06-02,Thailand,Mainstream,18-24,2026-07-11,6,2024.83,337.47,3,18,57,0.0,2,3,1
CUST101108,Mei Ling Goh,2024-12-20,Thailand,Premium,45-54,2026-07-28,17,2513.85,147.87,6,1,586,0.0,1,1,1
CUST101109,Kumar Bin Abdullah,2026-04-04,Malaysia,Premium,45-54,2026-07-28,20,2196.5,109.82,7,1,116,0.0,1,1,1
CUST101110,Chen Wei Bin Abdullah,2026-04-19,Malaysia,Mainstream,35-44,2026-07-14,10,618.29,61.83,5,15,101,0.0,1,1,3
CUST101111,Wei Ming Lee,2025-10-24,Singapore,Mainstream,35-44,2026-07-18,8,1886.48,235.81,3,11,278,0.0,1,2,1
CUST101112,Farhan Nair,2025-09-14,Singapore,Mainstream,18-24,2026-06-06,6,1464.85,244.14,5,53,318,0.0,3,3,1
CUST101113,Suresh Muthu,2024-11-13,Thailand,Premium,25-34,2026-06-28,11,1835.42,166.86,5,31,623,0.0,2,1,1
CUST101114,Kumar Goh,2025-03-06,Singapore,Budget,35-44,2026-07-13,5,899.62,179.92,5,16,510,0.0,1,3,2
CUST101115,Zhi Hao Lim,2026-04-15,Malaysia,Budget,25-34,2026-05-14,4,819.35,204.84,4,76,105,0.0,3,4,3
CUST101116,Chen Wei Bin Abdullah,2025-05-29,Thailand,Budget,25-34,2026-05-09,1,135.67,135.67,1,81,426,0.0,3,4,4
CUST101117,Divya Chua,2024-10-28,Malaysia,Premium,55+,2026-07-18,11,1796.99,163.36,5,11,639,0.0,1,1,1
CUST101118,Siti Rahman,2025-04-02,Malaysia,Premium,45-54,2026-07-28,9,1332.19,148.02,6,1,483,0.0,1,2,2
CUST101119,Mei Ling Muthu,2026-02-12,Singapore,Mainstream,35-44,2026-05-03,4,504.1,126.02,3,87,167,0.0,4,4,3
CUST101120,Siti Nair,2026-04-26,Singapore,Budget,35-44,2026-07-21,4,202.86,50.72,3,8,94,0.0,1,4,4
CUST101121,Mei Ling Lim,2025-09-02,Singapore,Premium,45-54,2026-07-19,11,770.43,70.04,5,10,330,0.0,1,1,3
CUST101122,Ravi Osman,2025-08-19,Singapore,Budget,45-54,2026-06-22,2,790.63,395.32,2,37,344,0.0,2,4,3
CUST101123,Divya Bin Abdullah,2025-11-14,Singapore,Budget,18-24,2026-07-05,5,1148.26,229.65,5,24,257,0.0,2,3,2
CUST101124,Nur Aisyah Lee,2026-05-11,Singapore,Mainstream,25-34,2026-07-03,6,1447.87,241.31,4,26,79,0.0,2,3,1
CUST101125,Ahmad Chong,2026-05-04,Singapore,Mainstream,25-34,2026-04-10,4,237.31,59.33,3,110,86,1.0,4,4,4
CUST101126,Siti Kaur,2025-07-08,Singapore,Premium,18-24,2026-07-22,18,3103.22,172.4,7,7,386,0.0,1,1,1
CUST101127,Kumar Yusof,2024-09-08,Thailand,Budget,25-34,2026-07-07,5,312.38,62.48,4,22,689,0.0,2,3,4
CUST101128,Xin Yi Nair,2025-05-19,Singapore,Budget,35-44,2026-04-24,8,1134.99,141.87,6,96,436,1.0,4,2,2
CUST101129,Wei Ming Goh,2025-09-13,Malaysia,Mainstream,45-54,2026-07-02,5,715.64,143.13,3,27,319,0.0,2,3,3
CUST101130,Wei Ming Goh,2024-09-18,Thailand,Budget,55+,2025-11-09,3,276.47,92.16,3,262,679,1.0,4,4,4
CUST101131,Wei Ming Kaur,2025-03-13,Singapore,Premium,25-34,2026-07-26,12,1637.98,136.5,6,3,503,0.0,1,1,1
CUST101132,Arif Lim,2025-02-20,Malaysia,Budget,25-34,2026-05-26,6,1168.1,194.68,5,64,524,0.0,3,3,2
CUST101133,Aina Yusof,2025-06-05,Indonesia,Budget,25-34,2026-06-07,7,924.23,132.03,4,52,419,0.0,3,2,2
CUST101134,Arif Goh,2025-01-19,Malaysia,Budget,25-34,2026-06-19,6,1410.96,235.16,4,40,556,0.0,3,3,1
CUST101135,Priya Rahman,2025-07-28,Singapore,Mainstream,18-24,2026-05-08,6,606.09,101.02,4,82,366,0.0,4,3,3
CUST101136,Kumar Lee,2025-05-01,Indonesia,Premium,55+,2026-05-29,8,975.28,121.91,5,61,454,0.0,3,2,2
CUST101137,Nur Aisyah Lee,2025-05-05,Indonesia,Budget,18-24,2026-05-20,6,1270.87,211.81,5,70,450,0.0,3,3,2
CUST101138,Siti Tan,2025-01-26,Malaysia,Budget,45-54,2026-02-02,3,320.3,106.77,3,177,549,1.0,4,4,4
CUST101139,Jia Xin Yusof,2024-10-12,Singapore,Premium,25-34,2026-07-23,11,1853.74,168.52,6,6,655,0.0,1,1,1
CUST101140,Xin Yi Wong,2025-12-27,Singapore,Mainstream,35-44,2026-07-14,9,1325.22,147.25,6,15,214,0.0,1,2,2
CUST101141,Priya Chua,2025-03-06,Indonesia,Budget,45-54,2026-06-29,6,607.89,101.32,3,30,510,0.0,2,3,3
CUST101142,Aina Osman,2026-07-06,Singapore,Budget,55+,2026-03-29,6,638.94,106.49,3,122,23,1.0,4,3,3
CUST101143,Chen Wei Osman,2025-07-06,Singapore,Premium,25-34,2026-07-04,12,2363.47,196.96,5,25,388,0.0,2,1,1
CUST101144,Chen Wei Lee,2024-10-11,Malaysia,Mainstream,55+,2026-02-12,5,835.12,167.02,4,167,656,1.0,4,3,3
CUST101145,Jia Xin Rahman,2025-04-15,Thailand,Budget,25-34,2026-07-22,9,1463.6,162.62,6,7,470,0.0,1,2,1
CUST101146,Siti Chua,2026-01-15,Singapore,Budget,45-54,2026-02-17,4,149.4,37.35,3,162,195,1.0,4,4,4
CUST101147,Ravi Osman,2025-05-13,Singapore,Budget,18-24,2026-05-15,7,1417.69,202.53,5,75,442,0.0,3,2,1
CUST101148,Nur Aisyah Kaur,2025-11-10,Malaysia,Budget,35-44,2026-03-24,4,308.34,77.08,3,127,261,1.0,4,4,4
CUST101149,Siti Muthu,2025-09-16,Indonesia,Budget,35-44,2026-06-22,1,143.61,143.61,1,37,316,0.0,2,4,4
CUST101150,Kumar Bin Abdullah,2026-02-13,Malaysia,Budget,45-54,2026-04-28,3,228.17,76.06,3,92,166,1.0,4,4,4
CUST101151,Divya Muthu,2025-04-29,Thailand,Budget,45-54,2026-06-02,3,169.17,56.39,2,57,456,0.0,3,4,4
CUST101152,Chen Wei Lim,2026-03-07,Singapore,Budget,25-34,2026-07-17,6,632.39,105.4,4,12,144,0.0,1,3,3
CUST101153,Priya Bin Abdullah,2025-09-09,Singapore,Mainstream,45-54,2026-06-27,7,2075.61,296.52,5,32,323,0.0,2,2,1
CUST101154,Priya Chong,2024-09-12,Malaysia,Mainstream,25-34,2026-06-12,9,1482.4,164.71,5,47,685,0.0,3,2,1
CUST101155,Kumar Lim,2025-01-22,Singapore,Mainstream,25-34,2026-06-09,9,1567.0,174.11,7,50,553,0.0,3,2,1
CUST101156,Ahmad Tan,2025-09-30,Malaysia,Budget,18-24,2025-12-12,1,273.75,273.75,1,229,302,1.0,4,4,4
CUST101157,Siti Tan,2024-08-21,Indonesia,Premium,25-34,2026-07-22,15,1804.54,120.3,6,7,707,0.0,1,1,1
CUST101158,Hui Ling Lee,2026-07-19,Singapore,Premium,18-24,2026-06-24,13,1698.78,130.68,5,35,10,0.0,2,1,1
CUST101159,Suresh Chua,2024-08-28,Indonesia,Premium,35-44,2026-06-10,10,1288.67,128.87,6,49,700,0.0,3,1,2
CUST101160,Hui Ling Tan,2025-11-14,Singapore,Budget,18-24,2026-06-26,8,465.91,58.24,5,33,257,0.0,2,2,3
CUST101161,Priya Nair,2024-12-07,Malaysia,Budget,35-44,2026-07-15,5,589.97,117.99,4,14,599,0.0,1,3,3
CUST101162,Ravi Osman,2024-09-06,Malaysia,Mainstream,18-24,2026-06-23,6,926.37,154.4,3,36,691,0.0,2,3,2
CUST101163,Priya Bin Abdullah,2025-05-16,Malaysia,Budget,35-44,2026-07-09,4,459.63,114.91,3,20,439,0.0,2,4,4
CUST101164,Wei Ming Bin Abdullah,2025-05-10,Singapore,Budget,25-34,2025-09-24,2,218.84,109.42,2,308,445,1.0,4,4,4
CUST101165,Hui Ling Osman,2025-01-28,Thailand,Budget,25-34,2026-06-22,5,251.33,50.27,3,37,547,0.0,2,3,4
CUST101166,Kumar Osman,2026-02-04,Thailand,Mainstream,35-44,2026-05-22,4,654.37,163.59,2,68,175,0.0,3,4,3
CUST101167,Divya Chong,2026-03-22,Indonesia,Mainstream,55+,2026-07-17,3,278.3,92.77,2,12,129,0.0,1,4,4
CUST101168,Mei Ling Osman,2025-11-21,Thailand,Budget,55+,2026-06-16,6,471.76,78.63,4,43,250,0.0,3,3,3
CUST101169,Wei Ming Lim,2025-08-14,Singapore,Premium,25-34,2026-06-13,8,1066.73,133.34,4,46,349,0.0,3,2,2
CUST101170,Farhan Wong,2025-02-02,Malaysia,Mainstream,55+,2026-06-16,9,741.95,82.44,4,43,542,0.0,3,2,3
CUST101171,Ahmad Chua,2026-01-23,Singapore,Budget,35-44,2026-04-18,2,217.4,108.7,2,102,187,1.0,4,4,4
CUST101172,Divya Binte Ismail,2025-06-12,Thailand,Budget,45-54,2026-04-04,5,286.17,57.23,4,116,412,1.0,4,3,4
CUST101173,Priya Chua,2026-07-27,Singapore,Budget,18-24,2026-07-29,5,1340.83,268.17,4,0,2,0.0,1,3,2
CUST101174,Siti Kaur,2026-07-07,Singapore,Premium,18-24,2026-07-01,17,2799.88,164.7,7,28,22,0.0,2,1,1
CUST101175,Ahmad Chua,2024-08-23,Indonesia,Mainstream,18-24,2026-07-21,6,379.43,63.24,5,8,705,0.0,1,3,4
CUST101176,Ravi Lee,2024-11-16,Singapore,Mainstream,45-54,2026-07-24,7,722.61,103.23,5,5,620,0.0,1,2,3
CUST101177,Priya Wong,2024-11-06,Indonesia,Mainstream,18-24,2026-01-25,5,1107.83,221.57,4,185,630,1.0,4,3,2
CUST101178,Farhan Binte Ismail,2025-12-02,Singapore,Budget,25-34,2026-05-19,6,330.73,55.12,3,71,239,0.0,3,3,4
CUST101179,Zhi Hao Binte Ismail,2025-07-20,Indonesia,Premium,35-44,2026-07-24,12,1747.01,145.58,7,5,374,0.0,1,1,1
CUST101180,Zhi Hao Chua,2025-03-24,Thailand,Premium,55+,2026-06-12,12,1796.83,149.74,5,47,492,0.0,3,1,1
CUST101181,Nabila Lim,2026-01-25,Malaysia,Mainstream,35-44,2026-07-29,10,1770.7,177.07,7,0,185,0.0,1,1,1
CUST101182,Xin Yi Lim,2025-02-01,Singapore,Mainstream,35-44,2026-06-10,9,2550.34,283.37,6,49,543,0.0,3,2,1
CUST101183,Priya Bin Abdullah,2025-03-11,Singapore,Budget,25-34,2026-07-29,6,483.44,80.57,4,0,505,0.0,1,3,3
CUST101184,Nur Aisyah Bin Abdullah,2025-10-05,Singapore,Budget,55+,2026-07-28,8,895.78,111.97,4,1,297,0.0,1,2,2
CUST101185,Wei Ming Osman,2025-09-15,Singapore,Budget,18-24,2026-07-14,2,174.53,87.26,2,15,317,0.0,1,4,4
CUST101186,Hui Ling Wong,2025-12-17,Malaysia,Mainstream,25-34,2026-06-13,8,1628.22,203.53,5,46,224,0.0,3,2,1
CUST101187,Aina Goh,2024-12-20,Singapore,Mainstream,25-34,2026-07-08,8,608.3,76.04,5,21,586,0.0,2,2,3
CUST101188,Suresh Bin Abdullah,2024-08-08,Singapore,Premium,25-34,2026-07-23,22,1593.91,72.45,6,6,720,0.0,1,1,1
CUST101189,Nabila Nair,2024-07-30,Singapore,Budget,35-44,2026-06-01,4,1224.32,306.08,3,58,729,0.0,3,4,2
CUST101190,Nur Aisyah Lee,2025-01-12,Thailand,Budget,35-44,2026-06-17,4,281.5,70.38,3,42,563,0.0,3,4,4
CUST101191,Chen Wei Wong,2025-11-17,Singapore,Budget,25-34,2026-05-20,3,508.41,169.47,3,70,254,0.0,3,4,3
CUST101192,Nur Aisyah Muthu,2025-01-05,Singapore,Premium,18-24,2026-07-13,11,1126.03,102.37,4,16,570,0.0,1,1,2
CUST101193,Nabila Goh,2026-02-01,Malaysia,Mainstream,18-24,2026-04-22,3,160.36,53.45,3,98,178,1.0,4,4,4
CUST101194,Nabila Muthu,2024-10-13,Singapore,Mainstream,18-24,2026-01-21,2,168.41,84.2,2,189,654,1.0,4,4,4
CUST101195,Mei Ling Bin Abdullah,2026-01-15,Thailand,Mainstream,45-54,2026-07-15,8,1777.8,222.22,5,14,195,0.0,1,2,1
CUST101196,Zhi Hao Binte Ismail,2025-10-08,Singapore,Mainstream,35-44,2026-07-01,6,1396.86,232.81,4,28,294,0.0,2,3,2
CUST101197,Mei Ling Nair,2026-05-22,Indonesia,Budget,18-24,2026-05-24,5,990.04,198.01,4,66,68,0.0,3,3,2
CUST101198,Chen Wei Rahman,2026-05-31,Malaysia,Budget,18-24,2026-07-06,4,812.66,203.16,4,23,59,0.0,2,4,3
CUST101199,Kumar Chua,2025-10-15,Indonesia,Budget,45-54,2026-06-17,4,1084.08,271.02,4,42,287,0.0,3,4,2
CUST101200,Wei Ming Chong,2025-06-23,Indonesia,Budget,45-54,2026-05-01,9,1500.85,166.76,5,89,401,0.0,4,2,1
CUST101201,Ravi Chong,2026-07-17,Indonesia,Mainstream,55+,2026-05-28,5,1109.74,221.95,5,62,12,0.0,3,3,2
CUST101202,Jia Xin Osman,2024-11-19,Malaysia,Budget,25-34,2026-07-20,3,400.05,133.35,3,9,617,0.0,1,4,4
CUST101203,Jia Xin Yusof,2026-05-07,Malaysia,Mainstream,35-44,2026-06-14,2,97.03,48.52,2,45,83,0.0,3,4,4
CUST101204,Mei Ling Tan,2024-07-31,Indonesia,Mainstream,18-24,2026-06-26,5,361.91,72.38,4,33,728,0.0,2,3,4
CUST101205,Ahmad Tan,2026-01-12,Malaysia,Mainstream,45-54,2026-06-20,10,681.12,68.11,3,39,198,0.0,3,1,3
CUST101206,Chen Wei Nair,2025-10-26,Malaysia,Premium,25-34,2026-05-14,13,1783.88,137.22,7,76,276,0.0,3,1,1
CUST101207,Jia Xin Kaur,2026-04-04,Singapore,Budget,35-44,2026-05-14,4,319.53,79.88,4,76,116,0.0,3,4,4
CUST101208,Zhi Hao Binte Ismail,2024-12-05,Singapore,Mainstream,18-24,2026-07-15,11,2017.31,183.39,6,14,601,0.0,1,1,1
CUST101209,Kumar Lee,2025-02-10,Malaysia,Budget,45-54,2026-05-31,6,628.8,104.8,4,59,534,0.0,3,3,3
CUST101210,Kumar Chua,2026-06-02,Singapore,Mainstream,25-34,2026-07-13,15,2593.82,172.92,6,16,57,0.0,1,1,1
CUST101211,Arif Osman,2026-05-13,Malaysia,Mainstream,45-54,2026-07-27,9,1023.67,113.74,6,2,77,0.0,1,2,2
CUST101212,Priya Chong,2025-05-11,Singapore,Budget,25-34,2026-07-06,5,485.77,97.15,3,23,444,0.0,2,3,3
CUST101213,Nur Aisyah Wong,2024-11-04,Malaysia,Budget,45-54,2026-05-02,5,1278.75,255.75,4,88,632,0.0,4,3,2
CUST101214,Xin Yi Rahman,2026-05-10,Indonesia,Mainstream,18-24,2026-05-19,10,1520.66,152.07,6,71,80,0.0,3,1,1
CUST101215,Arif Kaur,2026-02-18,Malaysia,Mainstream,35-44,2026-07-10,2,510.76,255.38,1,19,161,0.0,2,4,3
CUST101216,Nur Aisyah Rahman,2025-06-26,Indonesia,Mainstream,45-54,2026-07-29,12,1146.7,95.56,7,0,398,0.0,1,1,2
CUST101217,Mei Ling Chong,2026-05-11,Singapore,Budget,25-34,2026-03-05,5,329.87,65.97,4,146,79,1.0,4,3,4
CUST101218,Zhi Hao Yusof,2025-12-19,Singapore,Mainstream,25-34,2026-06-10,8,1777.13,222.14,4,49,222,0.0,3,2,1
CUST101219,Haziq Tan,2026-07-22,Indonesia,Mainstream,25-34,2026-07-18,7,529.97,75.71,5,11,7,0.0,1,2,3
CUST101220,Jia Xin Tan,2025-07-30,Indonesia,Budget,25-34,2026-06-15,2,108.92,54.46,2,44,364,0.0,3,4,4
CUST101221,Wei Ming Binte Ismail,2025-02-22,Indonesia,Mainstream,35-44,2026-06-28,8,939.08,117.38,4,31,522,0.0,2,2,2
CUST101222,Divya Muthu,2025-10-02,Indonesia,Mainstream,18-24,2025-10-23,3,342.04,114.01,2,279,300,1.0,4,4,4
CUST101223,Xin Yi Nair,2026-01-23,Indonesia,Mainstream,18-24,2026-05-06,8,1093.09,136.64,5,84,187,0.0,4,2,2
CUST101224,Xin Yi Bin Abdullah,2025-09-23,Indonesia,Budget,25-34,2025-10-16,1,179.75,179.75,1,286,309,1.0,4,4,4
CUST101225,Haziq Muthu,2025-07-23,Indonesia,Budget,25-34,2026-05-29,4,375.77,93.94,3,61,371,0.0,3,4,4
CUST101226,Hui Ling Kaur,2026-03-31,Indonesia,Premium,25-34,2026-07-28,7,1134.34,162.05,5,1,120,0.0,1,2,2
CUST101227,Haziq Kaur,2026-05-09,Singapore,Premium,35-44,2026-05-09,4,498.62,124.66,4,81,81,0.0,3,4,3
CUST101228,Haziq Goh,2026-03-19,Singapore,Budget,18-24,2026-06-22,5,725.9,145.18,4,37,132,0.0,2,3,3
CUST101229,Mei Ling Tan,2024-08-09,Malaysia,Premium,55+,2026-07-22,15,3156.53,210.44,6,7,719,0.0,1,1,1
CUST101230,Priya Binte Ismail,2025-02-17,Malaysia,Budget,45-54,2026-06-07,6,339.32,56.55,4,52,527,0.0,3,3,4
CUST101231,Mei Ling Chong,2026-04-29,Indonesia,Premium,25-34,2026-06-20,10,815.16,81.52,6,39,91,0.0,3,1,3
CUST101232,Mei Ling Bin Abdullah,2025-12-22,Singapore,Budget,45-54,2026-03-26,4,161.23,40.31,3,125,219,1.0,4,4,4
CUST101233,Priya Yusof,2025-10-02,Singapore,Budget,35-44,2026-07-26,4,292.02,73.0,3,3,300,0.0,1,4,4
CUST101234,Wei Ming Binte Ismail,2026-03-19,Indonesia,Premium,35-44,2026-05-05,12,1864.91,155.41,7,85,132,0.0,4,1,1
CUST101235,Suresh Lim,2024-11-15,Singapore,Budget,25-34,2026-07-18,7,1128.24,161.18,5,11,621,0.0,1,2,2
CUST101236,Farhan Binte Ismail,2024-09-11,Indonesia,Mainstream,35-44,2026-06-05,4,250.93,62.73,3,54,686,0.0,3,4,4
CUST101237,Arif Lee,2026-02-01,Singapore,Mainstream,18-24,2026-04-12,6,259.67,43.28,3,108,178,1.0,4,3,4
CUST101238,Ahmad Bin Abdullah,2026-07-17,Malaysia,Budget,35-44,2026-06-25,7,1362.29,194.61,4,34,12,0.0,2,2,2
CUST101239,Hui Ling Bin Abdullah,2026-01-16,Malaysia,Premium,18-24,2026-06-13,20,3161.12,158.06,6,46,194,0.0,3,1,1
CUST101240,Aina Osman,2025-05-30,Singapore,Mainstream,25-34,2026-07-14,10,1409.79,140.98,7,15,425,0.0,1,1,2
CUST101241,Nur Aisyah Rahman,2024-12-16,Singapore,Premium,35-44,2026-07-12,8,1615.7,201.96,3,17,590,0.0,2,2,1
CUST101242,Priya Wong,2025-11-24,Singapore,Premium,25-34,2026-06-21,12,2404.09,200.34,6,38,247,0.0,2,1,1
CUST101243,Siti Tan,2026-01-11,Singapore,Budget,25-34,2026-05-01,7,588.36,84.05,6,89,199,0.0,4,2,3
CUST101244,Ahmad Wong,2026-01-29,Singapore,Budget,45-54,2026-07-15,5,247.9,49.58,3,14,181,0.0,1,3,4
CUST101245,Priya Binte Ismail,2026-07-27,Indonesia,Budget,25-34,2026-06-25,7,334.13,47.73,3,34,2,0.0,2,2,4
CUST101246,Chen Wei Nair,2026-07-19,Singapore,Mainstream,18-24,2026-06-19,9,1131.48,125.72,6,40,10,0.0,3,2,2
CUST101247,Farhan Binte Ismail,2025-09-20,Malaysia,Budget,25-34,2026-06-04,3,916.24,305.41,2,55,312,0.0,3,4,2
CUST101248,Haziq Muthu,2025-05-05,Singapore,Budget,55+,2026-07-10,4,463.11,115.78,3,19,450,0.0,2,4,3
CUST101249,Wei Ming Muthu,2026-07-20,Thailand,Mainstream,35-44,2026-07-25,9,2277.65,253.07,5,4,9,0.0,1,2,1
CUST101250,Aina Lim,2026-03-05,Indonesia,Budget,35-44,2026-05-31,7,1188.38,169.77,6,59,146,0.0,3,2,2
CUST101251,Xin Yi Lim,2024-10-03,Thailand,Mainstream,45-54,2026-01-28,6,814.85,135.81,4,182,664,1.0,4,3,3
CUST101252,Hui Ling Lim,2024-08-06,Thailand,Mainstream,35-44,2026-05-23,5,492.94,98.59,4,67,722,0.0,3,3,3
CUST101253,Mei Ling Nair,2025-04-17,Singapore,Budget,45-54,2026-06-23,5,343.42,68.68,3,36,468,0.0,2,3,4
CUST101254,Farhan Lim,2025-07-14,Indonesia,Budget,35-44,,0,0.0,0.0,0,9999,380,,4,4,4
CUST101255,Nur Aisyah Osman,2025-05-30,Singapore,Budget,45-54,2026-04-29,4,1373.48,343.37,3,91,425,1.0,4,4,2
CUST101256,Nabila Chua,2025-11-01,Thailand,Mainstream,35-44,2026-07-12,9,969.09,107.68,6,17,270,0.0,2,2,2
CUST101257,Arif Osman,2026-03-04,Malaysia,Budget,25-34,2025-11-24,3,185.84,61.95,3,247,147,1.0,4,4,4
CUST101258,Aina Kaur,2025-10-28,Malaysia,Mainstream,18-24,2026-07-23,14,1971.52,140.82,6,6,274,0.0,1,1,1
CUST101259,Arif Goh,2025-03-06,Thailand,Mainstream,18-24,2026-06-16,6,659.57,109.93,3,43,510,0.0,3,3,3
CUST101260,Farhan Tan,2025-04-02,Indonesia,Budget,35-44,2026-07-27,3,696.25,232.08,3,2,483,0.0,1,4,3
CUST101261,Siti Lee,2025-03-22,Thailand,Premium,55+,2026-07-20,11,1180.06,107.28,5,9,494,0.0,1,1,2
CUST101262,Hui Ling Rahman,2025-05-11,Singapore,Premium,45-54,2026-07-26,14,1211.43,86.53,6,3,444,0.0,1,1,2
CUST101263,Mei Ling Goh,2026-06-15,Singapore,Budget,45-54,2025-10-10,2,113.76,56.88,2,292,44,1.0,4,4,4
CUST101264,Hui Ling Chong,2025-04-28,Singapore,Premium,35-44,2026-07-01,11,861.64,78.33,5,28,457,0.0,2,1,2
CUST101265,Chen Wei Osman,2024-10-24,Malaysia,Budget,45-54,2026-04-03,4,207.98,52.0,2,117,643,1.0,4,4,4
CUST101266,Chen Wei Bin Abdullah,2025-04-12,Malaysia,Mainstream,35-44,2026-06-12,7,723.93,103.42,4,47,473,0.0,3,2,3
CUST101267,Haziq Goh,2025-06-02,Singapore,Budget,25-34,2026-06-26,6,317.2,52.87,5,33,422,0.0,2,3,4
CUST101268,Priya Kaur,2026-02-16,Indonesia,Mainstream,35-44,2026-06-23,10,701.55,70.16,5,36,163,0.0,2,1,3
CUST101269,Ahmad Kaur,2024-12-28,Singapore,Mainstream,25-34,2026-05-09,4,758.16,189.54,4,81,578,0.0,3,4,3
CUST101270,Kumar Goh,2025-09-03,Indonesia,Premium,25-34,2026-06-12,5,379.75,75.95,4,47,329,0.0,3,3,4
CUST101271,Nabila Wong,2026-01-19,Thailand,Premium,25-34,2026-07-24,16,2656.13,166.01,6,5,191,0.0,1,1,1
CUST101272,Haziq Wong,2025-08-06,Malaysia,Budget,25-34,2026-05-04,8,491.16,61.4,5,86,357,0.0,4,2,3
CUST101273,Xin Yi Chong,2026-05-01,Malaysia,Mainstream,25-34,2026-06-19,3,593.52,197.84,2,40,89,0.0,3,4,3
CUST101274,Mei Ling Lim,2024-09-21,Singapore,Budget,25-34,2026-07-16,9,966.28,107.36,5,13,676,0.0,1,2,2
CUST101275,Aina Rahman,2025-03-04,Singapore,Budget,55+,2026-07-27,8,1508.37,188.55,5,2,512,0.0,1,2,1
CUST101276,Siti Bin Abdullah,2025-12-03,Indonesia,Budget,25-34,2026-06-21,5,352.37,70.47,4,38,238,0.0,2,3,4
CUST101277,Nabila Lim,2024-12-27,Malaysia,Premium,45-54,2026-07-20,21,3471.29,165.3,7,9,579,0.0,1,1,1
CUST101278,Xin Yi Osman,2026-06-20,Singapore,Mainstream,18-24,2026-04-27,8,618.29,77.29,5,93,39,1.0,4,2,3
CUST101279,Wei Ming Chong,2025-10-21,Thailand,Budget,55+,2026-07-11,6,1759.44,293.24,4,18,281,0.0,2,3,1
CUST101280,Divya Wong,2025-04-10,Indonesia,Premium,45-54,2026-07-09,13,962.26,74.02,7,20,475,0.0,2,1,2
CUST101281,Aina Lee,2026-07-12,Indonesia,Mainstream,45-54,2026-06-22,10,669.9,66.99,4,37,17,0.0,2,1,3
CUST101282,Farhan Lee,2025-02-27,Malaysia,Budget,35-44,2026-06-25,4,909.76,227.44,4,34,517,0.0,2,4,2
CUST101283,Haziq Nair,2024-12-09,Thailand,Mainstream,35-44,2026-04-22,3,1421.28,473.76,2,98,597,1.0,4,4,1
CUST101284,Jia Xin Muthu,2025-05-22,Singapore,Mainstream,25-34,2026-07-09,7,807.9,115.41,3,20,433,0.0,2,2,3
CUST101285,Haziq Muthu,2026-03-01,Singapore,Mainstream,25-34,2026-07-04,7,1323.22,189.03,4,25,150,0.0,2,2,2
CUST101286,Ravi Wong,2025-01-29,Thailand,Mainstream,45-54,2026-05-16,8,311.56,38.94,4,74,546,0.0,3,2,4
CUST101287,Xin Yi Rahman,2025-11-24,Thailand,Mainstream,18-24,2026-06-25,4,352.95,88.24,3,34,247,0.0,2,4,4
CUST101288,Kumar Lee,2025-02-07,Malaysia,Budget,18-24,2026-05-31,3,263.32,87.77,3,59,537,0.0,3,4,4
CUST101289,Nabila Chong,2025-04-27,Singapore,Mainstream,45-54,2026-06-02,8,1814.14,226.77,5,57,458,0.0,3,2,1
CUST101290,Jia Xin Lee,2026-05-22,Singapore,Budget,18-24,2026-07-28,3,642.4,214.13,2,1,68,0.0,1,4,3
CUST101291,Kumar Nair,2026-05-18,Indonesia,Budget,35-44,2026-05-27,3,681.02,227.01,3,63,72,0.0,3,4,3
CUST101292,Jia Xin Chong,2026-07-18,Indonesia,Budget,25-34,2026-06-30,5,998.8,199.76,4,29,11,0.0,2,3,2
CUST101293,Jia Xin Rahman,2026-06-07,Singapore,Mainstream,25-34,2026-07-05,6,1238.57,206.43,4,24,52,0.0,2,3,2
CUST101294,Nabila Wong,2025-12-23,Singapore,Budget,25-34,2026-06-04,6,377.84,62.97,4,55,218,0.0,3,3,4
CUST101295,Hui Ling Wong,2026-07-11,Indonesia,Budget,35-44,2025-12-01,2,105.69,52.84,2,240,18,1.0,4,4,4
CUST101296,Ahmad Lim,2024-09-12,Indonesia,Budget,45-54,2026-07-07,7,1434.9,204.99,5,22,685,0.0,2,2,1
CUST101297,Priya Bin Abdullah,2024-09-28,Malaysia,Premium,45-54,2026-07-12,10,939.36,93.94,6,17,669,0.0,2,1,2
CUST101298,Ahmad Yusof,2026-03-25,Malaysia,Budget,25-34,2026-06-03,1,649.92,649.92,1,56,126,0.0,3,4,3
CUST101299,Nabila Wong,2025-12-14,Thailand,Budget,25-34,2026-07-15,5,1095.29,219.06,4,14,227,0.0,1,3,2
CUST101300,Suresh Binte Ismail,2025-02-03,Singapore,Budget,45-54,2026-07-29,7,1440.57,205.8,4,0,541,0.0,1,2,1
CUST101301,Xin Yi Chong,2025-04-03,Malaysia,Mainstream,18-24,2026-05-21,7,675.68,96.53,5,69,482,0.0,3,2,3
CUST101302,Xin Yi Chua,2025-05-31,Malaysia,Budget,18-24,2026-07-08,5,933.74,186.75,3,21,424,0.0,2,3,2
CUST101303,Ahmad Binte Ismail,2024-08-06,Malaysia,Budget,35-44,2026-07-25,7,1231.35,175.91,4,4,722,0.0,1,2,2
CUST101304,Ahmad Osman,2025-04-26,Thailand,Premium,45-54,2026-05-20,7,1723.96,246.28,5,70,459,0.0,3,2,1
CUST101305,Nabila Muthu,2025-03-28,Malaysia,Mainstream,25-34,2026-07-28,5,659.17,131.83,4,1,488,0.0,1,3,3
CUST101306,Nur Aisyah Chong,2025-07-28,Malaysia,Mainstream,18-24,2026-07-10,9,1317.85,146.43,6,19,366,0.0,2,2,2
CUST101307,Arif Yusof,2025-07-11,Singapore,Mainstream,55+,2026-07-26,11,800.95,72.81,5,3,383,0.0,1,1,3
CUST101308,Nabila Tan,2025-12-29,Indonesia,Premium,55+,2026-06-01,12,1243.83,103.65,5,58,212,0.0,3,1,2
CUST101309,Aina Goh,2025-07-14,Singapore,Premium,35-44,2026-07-17,20,2627.86,131.39,7,12,380,0.0,1,1,1
CUST101310,Haziq Wong,2024-09-27,Singapore,Mainstream,35-44,2026-05-01,7,471.48,67.35,4,89,670,0.0,4,2,3
CUST101311,Arif Muthu,2025-10-27,Malaysia,Mainstream,55+,2026-07-28,6,974.41,162.4,4,1,275,0.0,1,3,2
CUST101312,Chen Wei Chong,2026-04-23,Malaysia,Premium,35-44,2026-07-28,14,2100.9,150.06,6,1,97,0.0,1,1,1
CUST101313,Nabila Tan,2025-05-18,Thailand,Premium,45-54,2026-07-10,14,2834.48,202.46,6,19,437,0.0,2,1,1
CUST101314,Zhi Hao Tan,2025-01-02,Indonesia,Budget,25-34,2026-05-29,4,635.16,158.79,3,61,573,0.0,3,4,3
CUST101315,Chen Wei Yusof,2024-08-29,Indonesia,Premium,25-34,2026-06-18,11,799.16,72.65,5,41,699,0.0,3,1,3
CUST101316,Chen Wei Chong,2025-06-29,Singapore,Mainstream,45-54,2026-06-30,7,1246.58,178.08,4,29,395,0.0,2,2,2
CUST101317,Hui Ling Tan,2024-12-31,Malaysia,Mainstream,35-44,2026-07-22,9,1410.67,156.74,5,7,575,0.0,1,2,1
CUST101318,Priya Chua,2026-01-28,Thailand,Budget,25-34,2026-07-26,6,540.9,90.15,5,3,182,0.0,1,3,3
CUST101319,Nur Aisyah Osman,2025-09-23,Malaysia,Budget,35-44,2025-12-18,5,993.48,198.7,4,223,309,1.0,4,3,2
CUST101320,Siti Kaur,2025-09-27,Indonesia,Mainstream,45-54,2026-06-04,7,1325.67,189.38,5,55,305,0.0,3,2,2
CUST101321,Siti Lee,2025-11-29,Malaysia,Mainstream,25-34,2026-07-24,10,1400.89,140.09,6,5,242,0.0,1,1,2
CUST101322,Mei Ling Tan,2025-02-22,Singapore,Budget,45-54,2026-07-22,5,329.28,65.86,3,7,522,0.0,1,3,4
CUST101323,Divya Chua,2024-10-23,Malaysia,Mainstream,18-24,2026-04-21,7,903.06,129.01,3,99,644,1.0,4,2,2
CUST101324,Chen Wei Rahman,2025-12-03,Singapore,Budget,35-44,2026-05-10,6,544.3,90.72,5,80,238,0.0,3,3,3
CUST101325,Suresh Muthu,2026-04-21,Singapore,Mainstream,55+,2026-07-04,8,2007.88,250.98,4,25,99,0.0,2,2,1
CUST101326,Nabila Wong,2024-12-04,Singapore,Mainstream,45-54,2026-06-09,8,1106.82,138.35,6,50,602,0.0,3,2,2
CUST101327,Suresh Chong,2024-11-16,Singapore,Mainstream,45-54,2026-02-10,6,1609.16,268.19,3,169,620,1.0,4,3,1
CUST101328,Hui Ling Rahman,2024-09-15,Malaysia,Budget,35-44,2026-04-14,4,1029.75,257.44,3,106,682,1.0,4,4,2
CUST101329,Aina Bin Abdullah,2026-01-24,Thailand,Budget,25-34,2025-12-25,2,265.83,132.92,2,216,186,1.0,4,4,4
CUST101330,Farhan Chua,2025-02-20,Malaysia,Budget,35-44,2026-04-24,3,392.56,130.85,3,96,524,1.0,4,4,4
CUST101331,Arif Kaur,2025-02-22,Indonesia,Mainstream,25-34,2026-06-28,9,1351.4,150.16,7,31,522,0.0,2,2,2
CUST101332,Siti Chong,2024-12-30,Malaysia,Premium,35-44,2026-07-27,14,2630.74,187.91,4,2,576,0.0,1,1,1
CUST101333,Siti Goh,2024-12-18,Singapore,Mainstream,35-44,2026-06-26,8,1129.38,141.17,5,33,588,0.0,2,2,2
CUST101334,Hui Ling Goh,2024-09-02,Singapore,Mainstream,35-44,2026-07-19,10,1439.56,143.96,6,10,695,0.0,1,1,1
CUST101335,Xin Yi Osman,2025-08-15,Thailand,Budget,25-34,2026-05-24,5,585.26,117.05,5,66,348,0.0,3,3,3
CUST101336,Suresh Bin Abdullah,2026-06-04,Malaysia,Budget,25-34,2026-04-24,3,227.02,75.67,3,96,55,1.0,4,4,4
CUST101337,Chen Wei Chong,2026-03-11,Thailand,Premium,25-34,2026-05-30,10,883.42,88.34,5,60,140,0.0,3,1,2
CUST101338,Nabila Muthu,2024-10-20,Singapore,Mainstream,25-34,2026-06-13,5,1377.36,275.47,3,46,647,0.0,3,3,2
CUST101339,Divya Wong,2024-11-20,Indonesia,Budget,25-34,2026-06-14,7,688.56,98.37,4,45,616,0.0,3,2,3
CUST101340,Arif Lim,2026-07-21,Indonesia,Mainstream,18-24,2026-06-10,10,1102.73,110.27,5,49,8,0.0,3,1,2
CUST101341,Jia Xin Osman,2025-11-03,Thailand,Mainstream,45-54,2026-07-18,9,1116.47,124.05,4,11,268,0.0,1,2,2
CUST101342,Ahmad Kaur,2026-02-01,Singapore,Budget,18-24,2026-07-04,3,407.66,135.89,3,25,178,0.0,2,4,4
CUST101343,Siti Chong,2025-12-07,Thailand,Budget,45-54,2026-07-29,5,891.67,178.33,5,0,234,0.0,1,3,2
CUST101344,Zhi Hao Goh,2025-04-19,Malaysia,Mainstream,25-34,2026-07-03,4,863.0,215.75,3,26,466,0.0,2,4,2
CUST101345,Ravi Nair,2025-07-22,Indonesia,Budget,45-54,2026-03-19,1,145.46,145.46,1,132,372,1.0,4,4,4
CUST101346,Chen Wei Lee,2025-08-12,Malaysia,Budget,35-44,2026-07-10,4,368.87,92.22,3,19,351,0.0,2,4,4
CUST101347,Chen Wei Wong,2025-09-15,Malaysia,Mainstream,55+,2026-06-20,7,1960.86,280.12,4,39,317,0.0,3,2,1
CUST101348,Arif Lee,2025-04-17,Malaysia,Premium,45-54,2026-07-27,18,1695.07,94.17,6,2,468,0.0,1,1,1
CUST101349,Arif Lim,2025-03-18,Indonesia,Budget,35-44,2026-07-17,9,1595.9,177.32,7,12,498,0.0,1,2,1
CUST101350,Suresh Chua,2026-06-28,Singapore,Budget,25-34,2026-07-22,5,748.18,149.64,4,7,31,0.0,1,3,3
CUST101351,Siti Osman,2026-04-20,Malaysia,Mainstream,35-44,2026-05-13,5,669.72,133.94,3,77,100,0.0,3,3,3
CUST101352,Hui Ling Rahman,2025-11-22,Malaysia,Budget,25-34,2026-07-28,6,421.46,70.24,3,1,249,0.0,1,3,4
CUST101353,Ravi Rahman,2025-09-14,Indonesia,Premium,45-54,2026-07-23,14,1342.45,95.89,5,6,318,0.0,1,1,2
CUST101354,Ravi Muthu,2024-08-01,Malaysia,Mainstream,45-54,2026-04-23,5,746.23,149.25,4,97,727,1.0,4,3,3
CUST101355,Hui Ling Tan,2024-10-17,Indonesia,Budget,25-34,2026-07-25,8,421.06,52.63,5,4,650,0.0,1,2,4
CUST101356,Chen Wei Kaur,2025-04-12,Malaysia,Mainstream,35-44,2026-06-01,5,482.31,96.46,4,58,473,0.0,3,3,3
CUST101357,Ahmad Lee,2026-07-03,Indonesia,Budget,25-34,2026-06-24,5,541.39,108.28,4,35,26,0.0,2,3,3
CUST101358,Farhan Yusof,2026-05-17,Indonesia,Mainstream,35-44,2026-07-12,4,1168.9,292.23,3,17,73,0.0,2,4,2
CUST101359,Divya Bin Abdullah,2025-08-30,Indonesia,Premium,35-44,2026-03-23,8,1257.06,157.13,5,128,333,1.0,4,2,2
CUST101360,Zhi Hao Yusof,2025-05-27,Indonesia,Budget,35-44,2026-05-18,7,2004.26,286.32,5,72,428,0.0,3,2,1
CUST101361,Arif Wong,2025-04-03,Malaysia,Budget,45-54,2026-01-28,5,385.46,77.09,4,182,482,1.0,4,3,4
CUST101362,Xin Yi Nair,2026-04-17,Singapore,Premium,25-34,2026-07-22,14,2036.3,145.45,5,7,103,0.0,1,1,1
CUST101363,Arif Tan,2024-10-19,Indonesia,Mainstream,45-54,2026-06-02,9,310.98,34.55,4,57,648,0.0,3,2,4
CUST101364,Divya Lee,2025-08-03,Singapore,Budget,35-44,2026-06-26,7,964.49,137.78,4,33,360,0.0,2,2,2
CUST101365,Nabila Kaur,2025-05-22,Singapore,Budget,25-34,2026-06-22,6,449.37,74.9,5,37,433,0.0,2,3,4
CUST101366,Chen Wei Binte Ismail,2026-07-01,Indonesia,Budget,25-34,2026-06-10,7,1293.97,184.85,5,49,28,0.0,3,2,2
CUST101367,Farhan Bin Abdullah,2024-12-05,Malaysia,Mainstream,18-24,2026-06-01,5,2404.28,480.86,3,58,601,0.0,3,3,1
CUST101368,Divya Bin Abdullah,2025-06-28,Malaysia,Budget,35-44,2026-02-02,4,616.37,154.09,4,177,396,1.0,4,4,3
CUST101369,Mei Ling Wong,2026-02-17,Thailand,Budget,45-54,2026-07-26,3,629.65,209.88,2,3,162,0.0,1,4,3
CUST101370,Nur Aisyah Lim,2025-12-09,Singapore,Budget,18-24,2026-07-13,5,1222.21,244.44,4,16,232,0.0,1,3,2
CUST101371,Ahmad Goh,2025-11-14,Singapore,Mainstream,18-24,2025-12-14,3,817.58,272.53,3,227,257,1.0,4,4,3
CUST101372,Nur Aisyah Lee,2026-07-10,Singapore,Premium,35-44,2026-04-25,12,1967.73,163.98,5,95,19,1.0,4,1,1
CUST101373,Siti Osman,2024-09-10,Singapore,Mainstream,25-34,2026-06-28,3,102.91,34.3,3,31,687,0.0,2,4,4
CUST101374,Farhan Goh,2024-12-20,Indonesia,Mainstream,25-34,2026-05-09,3,209.05,69.68,2,81,586,0.0,3,4,4
CUST101375,Siti Lim,2024-10-21,Indonesia,Mainstream,35-44,2026-07-26,5,610.9,122.18,4,3,646,0.0,1,3,3
CUST101376,Divya Nair,2025-11-13,Malaysia,Budget,25-34,,0,0.0,0.0,0,9999,258,,4,4,4
CUST101377,Nabila Muthu,2025-06-17,Singapore,Budget,45-54,2026-07-09,2,334.35,167.18,2,20,407,0.0,2,4,4
CUST101378,Suresh Nair,2025-08-29,Malaysia,Budget,25-34,2026-01-01,4,775.72,193.93,2,209,334,1.0,4,4,3
CUST101379,Jia Xin Lee,2025-08-16,Singapore,Budget,35-44,2026-07-02,6,450.49,75.08,5,27,347,0.0,2,3,4
CUST101380,Arif Lee,2025-05-26,Indonesia,Premium,25-34,2026-06-12,11,923.48,83.95,6,47,429,0.0,3,1,2
CUST101381,Jia Xin Tan,2025-09-03,Malaysia,Budget,25-34,2026-06-22,5,421.34,84.27,4,37,329,0.0,2,3,4
CUST101382,Siti Chong,2025-01-11,Singapore,Premium,35-44,2026-06-29,8,844.3,105.54,5,30,564,0.0,2,2,3
CUST101383,Jia Xin Goh,2026-06-17,Indonesia,Budget,35-44,2026-06-20,7,984.45,140.64,5,39,42,0.0,3,2,2
CUST101384,Mei Ling Goh,2026-03-11,Indonesia,Mainstream,55+,2026-07-20,3,108.08,36.03,2,9,140,0.0,1,4,4
CUST101385,Aina Tan,2024-10-16,Singapore,Budget,18-24,2026-07-18,6,1313.12,218.85,5,11,651,0.0,1,3,2
CUST101386,Siti Yusof,2024-10-23,Malaysia,Budget,35-44,2026-06-10,4,287.47,71.87,4,49,644,0.0,3,4,4
CUST101387,Ahmad Rahman,2024-12-09,Malaysia,Budget,35-44,2026-05-18,4,271.73,67.93,4,72,597,0.0,3,4,4
CUST101388,Ahmad Muthu,2025-11-02,Singapore,Mainstream,18-24,2026-03-27,4,482.12,120.53,3,124,269,1.0,4,4,3
CUST101389,Jia Xin Tan,2025-08-30,Singapore,Mainstream,45-54,2026-07-08,8,1158.3,144.79,5,21,333,0.0,2,2,2
CUST101390,Priya Goh,2026-07-11,Indonesia,Mainstream,25-34,2026-06-02,10,1436.84,143.68,7,57,18,0.0,3,1,1
CUST101391,Xin Yi Osman,2026-01-07,Thailand,Premium,45-54,2026-07-20,16,2948.81,184.3,7,9,203,0.0,1,1,1
CUST101392,Chen Wei Lim,2025-02-14,Malaysia,Mainstream,35-44,2026-06-18,7,996.66,142.38,4,41,530,0.0,3,2,2
CUST101393,Kumar Tan,2025-11-21,Malaysia,Premium,25-34,2026-07-25,12,763.5,63.62,5,4,250,0.0,1,1,3
CUST101394,Wei Ming Osman,2025-08-13,Malaysia,Budget,35-44,2026-07-25,2,195.38,97.69,2,4,350,0.0,1,4,4
CUST101395,Chen Wei Bin Abdullah,2026-05-01,Malaysia,Budget,25-34,2026-06-14,2,659.51,329.76,2,45,89,0.0,3,4,3
CUST101396,Ravi Chong,2025-08-01,Singapore,Budget,35-44,2026-06-01,2,174.86,87.43,2,58,362,0.0,3,4,4
CUST101397,Hui Ling Muthu,2025-02-18,Malaysia,Mainstream,45-54,2026-07-18,6,338.74,56.46,4,11,526,0.0,1,3,4
CUST101398,Suresh Chong,2025-06-07,Thailand,Mainstream,35-44,2026-07-27,10,769.16,76.92,6,2,417,0.0,1,1,3
CUST101399,Ravi Wong,2025-06-18,Indonesia,Mainstream,25-34,2026-07-29,15,2010.7,134.05,7,0,406,0.0,1,1,1
CUST101400,Xin Yi Lee,2024-09-30,Thailand,Premium,25-34,2026-07-26,16,2546.82,159.18,6,3,667,0.0,1,1,1
CUST101401,Nabila Tan,2026-02-09,Singapore,Budget,35-44,2026-06-29,4,320.77,80.19,3,30,170,0.0,2,4,4
CUST101402,Nur Aisyah Goh,2025-12-23,Malaysia,Mainstream,35-44,2026-07-27,8,1136.68,142.08,5,2,218,0.0,1,2,2
CUST101403,Kumar Rahman,2025-05-01,Malaysia,Mainstream,35-44,2026-03-06,8,739.46,92.43,5,145,454,1.0,4,2,3
CUST101404,Xin Yi Bin Abdullah,2025-08-13,Singapore,Mainstream,25-34,2026-07-23,11,2151.89,195.63,7,6,350,0.0,1,1,1
CUST101405,Ahmad Rahman,2024-08-14,Singapore,Budget,45-54,2026-07-01,5,731.75,146.35,5,28,714,0.0,2,3,3
CUST101406,Nur Aisyah Goh,2026-06-16,Indonesia,Budget,45-54,2025-10-14,2,273.34,136.67,2,288,43,1.0,4,4,4
CUST101407,Nur Aisyah Lim,2026-05-01,Indonesia,Budget,35-44,2026-06-20,6,699.71,116.62,5,39,89,0.0,3,3,3
CUST101408,Aina Muthu,2025-11-22,Malaysia,Mainstream,25-34,2026-07-07,7,1899.77,271.4,5,22,249,0.0,2,2,1
CUST101409,Arif Yusof,2025-08-29,Singapore,Mainstream,25-34,2026-04-25,4,1293.32,323.33,3,95,334,1.0,4,4,2
CUST101410,Ahmad Osman,2024-10-17,Malaysia,Budget,25-34,2026-07-16,8,1199.5,149.94,5,13,650,0.0,1,2,2
CUST101411,Arif Goh,2025-08-03,Singapore,Mainstream,45-54,2026-04-05,7,2016.43,288.06,5,115,360,1.0,4,2,1
CUST101412,Zhi Hao Osman,2025-09-13,Singapore,Mainstream,45-54,2026-07-28,9,1450.88,161.21,5,1,319,0.0,1,2,1
CUST101413,Jia Xin Goh,2026-03-30,Malaysia,Premium,45-54,2026-07-27,14,2155.85,153.99,7,2,121,0.0,1,1,1
CUST101414,Zhi Hao Lim,2025-09-15,Singapore,Mainstream,25-34,2026-07-17,5,794.46,158.89,4,12,317,0.0,1,3,3
CUST101415,Chen Wei Chua,2025-07-06,Thailand,Mainstream,35-44,2026-06-03,12,1483.24,123.6,6,56,388,0.0,3,1,1
CUST101416,Priya Chong,2025-05-29,Malaysia,Mainstream,45-54,2026-05-14,10,2658.27,265.83,4,76,426,0.0,3,1,1
CUST101417,Jia Xin Chong,2025-05-13,Singapore,Mainstream,25-34,2026-06-28,5,434.97,86.99,4,31,442,0.0,2,3,4
CUST101418,Nabila Muthu,2025-09-19,Singapore,Budget,18-24,2026-06-05,8,1509.71,188.71,4,54,313,0.0,3,2,1
CUST101419,Siti Goh,2026-04-06,Indonesia,Budget,18-24,2026-03-01,3,278.02,92.67,3,150,114,1.0,4,4,4
CUST101420,Farhan Yusof,2026-04-09,Singapore,Premium,35-44,2026-05-05,12,2955.92,246.33,5,85,111,0.0,4,1,1
CUST101421,Xin Yi Kaur,2026-04-08,Singapore,Mainstream,25-34,2026-07-03,5,726.54,145.31,4,26,112,0.0,2,3,3
CUST101422,Mei Ling Lee,2025-05-04,Malaysia,Mainstream,25-34,2026-06-06,3,319.83,106.61,3,53,451,0.0,3,4,4
CUST101423,Suresh Wong,2024-11-11,Singapore,Mainstream,35-44,2026-03-08,4,1186.05,296.51,4,143,625,1.0,4,4,2
CUST101424,Kumar Wong,2024-10-23,Malaysia,Mainstream,45-54,2026-06-13,10,1612.42,161.24,5,46,644,0.0,3,1,1
CUST101425,Nur Aisyah Wong,2025-12-14,Malaysia,Budget,45-54,2026-05-23,3,297.59,99.2,3,67,227,0.0,3,4,4
CUST101426,Arif Lim,2026-06-01,Singapore,Budget,45-54,2026-06-24,6,794.28,132.38,4,35,58,0.0,2,3,3
CUST101427,Ravi Lim,2025-04-25,Indonesia,Budget,45-54,2026-06-02,5,319.41,63.88,4,57,460,0.0,3,3,4
CUST101428,Divya Chua,2026-07-01,Malaysia,Budget,35-44,2026-07-27,6,821.96,136.99,4,2,28,0.0,1,3,3
CUST101429,Ravi Lee,2025-04-28,Malaysia,Budget,45-54,2026-04-04,3,109.03,36.34,1,116,457,1.0,4,4,4
CUST101430,Nur Aisyah Muthu,2025-10-23,Singapore,Mainstream,25-34,2026-06-19,5,1145.04,229.01,4,40,279,0.0,3,3,2
CUST101431,Haziq Nair,2024-11-24,Malaysia,Budget,45-54,2026-07-12,2,326.61,163.3,2,17,612,0.0,2,4,4
CUST101432,Hui Ling Tan,2025-04-29,Singapore,Mainstream,45-54,2026-05-21,5,428.36,85.67,4,69,456,0.0,3,3,4
CUST101433,Priya Bin Abdullah,2025-02-04,Malaysia,Premium,35-44,2026-07-17,13,3984.78,306.52,5,12,540,0.0,1,1,1
CUST101434,Suresh Binte Ismail,2025-10-06,Singapore,Budget,25-34,2026-05-08,5,1280.87,256.17,4,82,296,0.0,4,3,2
CUST101435,Kumar Goh,2024-11-23,Thailand,Mainstream,25-34,2026-02-23,8,581.42,72.68,5,156,613,1.0,4,2,3
CUST101436,Haziq Binte Ismail,2025-07-11,Singapore,Mainstream,25-34,2026-04-20,7,750.83,107.26,5,100,383,1.0,4,2,3
CUST101437,Jia Xin Kaur,2025-04-29,Thailand,Premium,18-24,2026-05-14,13,1755.8,135.06,6,76,456,0.0,3,1,1
CUST101438,Aina Goh,2025-11-08,Thailand,Mainstream,18-24,2026-07-03,4,804.37,201.09,4,26,263,0.0,2,4,3
CUST101439,Suresh Goh,2025-09-04,Malaysia,Budget,25-34,2026-07-28,9,902.44,100.27,6,1,328,0.0,1,2,2
CUST101440,Wei Ming Binte Ismail,2024-11-23,Singapore,Budget,18-24,2026-07-28,6,1316.79,219.46,5,1,613,0.0,1,3,2
CUST101441,Divya Tan,2025-10-15,Malaysia,Premium,45-54,2026-07-27,21,2163.7,103.03,7,2,287,0.0,1,1,1
CUST101442,Jia Xin Bin Abdullah,2026-07-14,Thailand,Budget,35-44,2026-04-22,2,319.06,159.53,2,98,15,1.0,4,4,4
CUST101443,Chen Wei Tan,2025-10-26,Malaysia,Mainstream,45-54,2026-06-18,8,671.66,83.96,4,41,276,0.0,3,2,3
CUST101444,Arif Bin Abdullah,2025-10-16,Malaysia,Budget,25-34,,0,0.0,0.0,0,9999,286,,4,4,4
CUST101445,Arif Chong,2025-09-27,Singapore,Mainstream,25-34,2026-06-30,7,1601.2,228.74,6,29,305,0.0,2,2,1
CUST101446,Jia Xin Muthu,2026-06-08,Indonesia,Mainstream,25-34,2026-05-02,6,611.92,101.99,4,88,51,0.0,4,3,3
CUST101447,Kumar Chong,2026-04-26,Singapore,Budget,45-54,2026-07-23,4,697.89,174.47,3,6,94,0.0,1,4,3
CUST101448,Aina Nair,2025-12-05,Singapore,Budget,18-24,2026-03-23,6,581.33,96.89,4,128,236,1.0,4,3,3
CUST101449,Xin Yi Binte Ismail,2025-09-23,Singapore,Budget,35-44,2026-07-17,3,770.58,256.86,3,12,309,0.0,1,4,3
CUST101450,Ahmad Osman,2026-07-08,Malaysia,Mainstream,25-34,2026-06-16,7,684.53,97.79,5,43,21,0.0,3,2,3
CUST101451,Suresh Nair,2025-10-18,Thailand,Mainstream,25-34,2026-05-20,8,1045.05,130.63,5,70,284,0.0,3,2,2
CUST101452,Aina Osman,2025-12-08,Indonesia,Budget,18-24,2026-03-09,4,198.52,49.63,2,142,233,1.0,4,4,4
CUST101453,Zhi Hao Goh,2026-07-04,Singapore,Mainstream,35-44,2026-03-19,7,1240.17,177.17,5,132,25,1.0,4,2,2
CUST101454,Arif Wong,2026-01-28,Malaysia,Budget,18-24,2026-05-16,5,512.88,102.58,4,74,182,0.0,3,3,3
CUST101455,Arif Lim,2026-01-10,Indonesia,Mainstream,45-54,2026-07-20,5,378.51,75.7,4,9,200,0.0,1,3,4
CUST101456,Mei Ling Binte Ismail,2026-04-16,Malaysia,Mainstream,18-24,2026-05-29,9,575.55,63.95,4,61,104,0.0,3,2,3
CUST101457,Farhan Lee,2025-01-27,Singapore,Premium,25-34,2026-07-15,13,2336.0,179.69,6,14,548,0.0,1,1,1
CUST101458,Zhi Hao Goh,2026-06-07,Malaysia,Premium,18-24,2026-07-19,16,1964.31,122.77,7,10,52,0.0,1,1,1
CUST101459,Haziq Wong,2025-06-03,Malaysia,Budget,55+,2026-06-15,4,865.6,216.4,4,44,421,0.0,3,4,2
CUST101460,Priya Chua,2025-03-31,Thailand,Budget,35-44,2026-05-26,5,515.28,103.06,4,64,485,0.0,3,3,3
CUST101461,Arif Chong,2024-12-18,Indonesia,Premium,35-44,2026-07-28,12,2030.17,169.18,7,1,588,0.0,1,1,1
CUST101462,Farhan Bin Abdullah,2025-06-26,Singapore,Budget,35-44,2026-03-04,2,50.74,25.37,2,147,398,1.0,4,4,4
CUST101463,Zhi Hao Rahman,2025-06-28,Indonesia,Budget,45-54,2026-06-28,4,288.37,72.09,3,31,396,0.0,2,4,4
CUST101464,Nur Aisyah Nair,2025-01-20,Singapore,Budget,18-24,2026-05-09,3,464.04,154.68,3,81,555,0.0,3,4,3
CUST101465,Nur Aisyah Yusof,2024-11-13,Thailand,Mainstream,45-54,2026-06-27,4,731.11,182.78,4,32,623,0.0,2,4,3
CUST101466,Nur Aisyah Lee,2026-02-26,Malaysia,Mainstream,45-54,2026-03-03,5,1564.23,312.85,3,148,153,1.0,4,3,1
CUST101467,Haziq Binte Ismail,2024-12-25,Singapore,Premium,18-24,2026-07-05,13,1335.9,102.76,6,24,581,0.0,2,1,2
CUST101468,Xin Yi Yusof,2025-08-26,Malaysia,Budget,18-24,2026-06-23,4,595.22,148.8,4,36,337,0.0,2,4,3
CUST101469,Chen Wei Bin Abdullah,2026-05-19,Singapore,Budget,35-44,2026-06-20,7,1452.45,207.49,4,39,71,0.0,3,2,1
CUST101470,Ravi Goh,2025-05-08,Singapore,Budget,18-24,2026-02-21,2,146.48,73.24,1,158,447,1.0,4,4,4
CUST101471,Xin Yi Bin Abdullah,2024-08-15,Malaysia,Mainstream,25-34,2026-07-05,10,1481.06,148.11,6,24,713,0.0,2,1,1
CUST101472,Haziq Lim,2026-04-18,Indonesia,Budget,25-34,2026-04-22,1,78.89,78.89,1,98,102,1.0,4,4,4
CUST101473,Divya Kaur,2026-07-19,Indonesia,Premium,25-34,2026-07-13,10,1906.59,190.66,5,16,10,0.0,1,1,1
CUST101474,Ahmad Kaur,2024-09-28,Malaysia,Mainstream,35-44,2026-07-03,9,1049.55,116.62,6,26,669,0.0,2,2,2
CUST101475,Wei Ming Kaur,2025-05-20,Singapore,Mainstream,35-44,2026-07-18,9,2054.15,228.24,5,11,435,0.0,1,2,1
CUST101476,Chen Wei Lee,2026-02-20,Malaysia,Mainstream,35-44,2026-07-14,12,1149.12,95.76,6,15,159,0.0,1,1,2
CUST101477,Kumar Goh,2024-12-28,Malaysia,Mainstream,35-44,2026-01-15,7,1380.13,197.16,4,195,578,1.0,4,2,2
CUST101478,Hui Ling Kaur,2025-10-15,Singapore,Mainstream,25-34,2026-05-18,7,820.72,117.25,5,72,287,0.0,3,2,3
CUST101479,Ahmad Kaur,2025-11-29,Thailand,Budget,35-44,2026-06-27,2,144.85,72.42,2,32,242,0.0,2,4,4
CUST101480,Chen Wei Lee,2025-12-30,Thailand,Mainstream,45-54,2026-04-19,10,1915.27,191.53,5,101,211,1.0,4,1,1
CUST101481,Nabila Lim,2025-05-19,Singapore,Mainstream,25-34,2026-06-04,4,370.27,92.57,3,55,436,0.0,3,4,4
CUST101482,Ravi Chong,2026-04-22,Indonesia,Mainstream,35-44,2026-07-27,5,621.81,124.36,4,2,98,0.0,1,3,3
CUST101483,Siti Binte Ismail,2025-11-07,Malaysia,Budget,45-54,2026-06-10,4,336.3,84.08,2,49,264,0.0,3,4,4
CUST101484,Ravi Nair,2025-12-19,Singapore,Premium,35-44,2026-07-06,17,1134.49,66.73,6,23,222,0.0,2,1,2
CUST101485,Zhi Hao Tan,2026-06-15,Malaysia,Premium,25-34,2026-05-28,16,2444.75,152.8,6,62,44,0.0,3,1,1
CUST101486,Divya Goh,2025-01-18,Singapore,Mainstream,18-24,2026-05-16,5,734.14,146.83,5,74,557,0.0,3,3,3
CUST101487,Wei Ming Kaur,2026-07-23,Singapore,Premium,35-44,2026-07-29,28,4768.37,170.3,7,0,6,0.0,1,1,1
CUST101488,Mei Ling Muthu,2024-08-28,Thailand,Mainstream,35-44,2026-05-05,1,211.52,211.52,1,85,700,0.0,4,4,4
CUST101489,Kumar Kaur,2026-05-21,Malaysia,Budget,45-54,2026-06-21,4,356.98,89.24,3,38,69,0.0,2,4,4
CUST101490,Ravi Tan,2025-11-10,Singapore,Mainstream,35-44,2026-06-03,11,1206.87,109.72,5,56,261,0.0,3,1,2
CUST101491,Haziq Osman,2026-05-19,Malaysia,Budget,18-24,2026-07-27,8,1852.27,231.53,4,2,71,0.0,1,2,1
CUST101492,Ravi Nair,2025-11-04,Thailand,Mainstream,45-54,2026-07-05,4,775.42,193.86,4,24,267,0.0,2,4,3
CUST101493,Ravi Chua,2025-05-10,Malaysia,Mainstream,35-44,2026-05-25,6,1412.05,235.34,4,65,445,0.0,3,3,1
CUST101494,Chen Wei Lee,2026-05-27,Thailand,Budget,55+,2026-05-09,3,904.66,301.55,3,81,63,0.0,3,4,2
CUST101495,Mei Ling Nair,2025-07-11,Thailand,Budget,45-54,2026-03-12,6,1121.14,186.86,4,139,383,1.0,4,3,2
CUST101496,Nur Aisyah Osman,2025-01-12,Singapore,Mainstream,25-34,2026-06-17,7,1320.06,188.58,4,42,563,0.0,3,2,2
CUST101497,Xin Yi Nair,2025-08-31,Indonesia,Mainstream,35-44,2026-07-27,8,484.51,60.56,5,2,332,0.0,1,2,3
CUST101498,Priya Wong,2026-05-08,Indonesia,Premium,35-44,2026-05-14,7,1796.36,256.62,4,76,82,0.0,3,2,1
CUST101499,Farhan Nair,2025-03-11,Indonesia,Budget,25-34,2026-04-30,6,1113.06,185.51,4,90,505,0.0,4,3,2
CUST101500,Xin Yi Yusof,2026-03-15,Malaysia,Mainstream,35-44,2026-06-03,5,493.3,98.66,4,56,136,0.0,3,3,3
CUST101501,Chen Wei Goh,2026-07-17,Singapore,Budget,25-34,2026-07-21,8,2271.76,283.97,5,8,12,0.0,1,2,1
CUST101502,Ravi Wong,2025-09-14,Singapore,Budget,18-24,2026-06-16,9,1512.82,168.09,6,43,318,0.0,3,2,1
CUST101503,Divya Lee,2026-01-13,Malaysia,Mainstream,35-44,2026-05-21,10,863.59,86.36,4,69,197,0.0,3,1,2
CUST101504,Zhi Hao Osman,2026-07-09,Indonesia,Budget,25-34,2026-06-29,3,479.66,159.89,2,30,20,0.0,2,4,3
CUST101505,Jia Xin Kaur,2025-01-08,Indonesia,Mainstream,45-54,2026-07-09,11,1827.65,166.15,5,20,567,0.0,2,1,1
CUST101506,Wei Ming Chua,2025-05-18,Malaysia,Budget,35-44,2026-05-07,5,396.02,79.2,4,83,437,0.0,4,3,4
CUST101507,Mei Ling Lee,2024-10-03,Singapore,Budget,45-54,2026-06-22,8,1059.2,132.4,5,37,664,0.0,2,2,2
CUST101508,Ahmad Binte Ismail,2025-08-13,Singapore,Mainstream,35-44,2026-05-08,7,1266.34,180.91,6,82,350,0.0,4,2,2
CUST101509,Divya Chua,2025-09-13,Indonesia,Budget,45-54,2026-06-20,5,348.94,69.79,3,39,319,0.0,3,3,4
CUST101510,Priya Lim,2024-11-21,Malaysia,Budget,25-34,2026-06-12,5,980.45,196.09,4,47,615,0.0,3,3,2
CUST101511,Jia Xin Bin Abdullah,2026-05-31,Indonesia,Budget,55+,2026-06-24,5,359.46,71.89,4,35,59,0.0,2,3,4
CUST101512,Jia Xin Nair,2025-11-07,Singapore,Budget,25-34,2026-07-14,5,205.3,41.06,4,15,264,0.0,1,3,4
CUST101513,Arif Chua,2024-12-23,Malaysia,Mainstream,45-54,2026-07-01,6,1006.72,167.79,4,28,583,0.0,2,3,2
CUST101514,Siti Muthu,2025-12-28,Thailand,Budget,35-44,2026-04-25,1,104.0,104.0,1,95,213,1.0,4,4,4
CUST101515,Ravi Rahman,2024-10-21,Singapore,Mainstream,25-34,2026-01-26,1,86.56,86.56,1,184,646,1.0,4,4,4
CUST101516,Divya Lim,2026-01-03,Singapore,Mainstream,35-44,2026-06-23,7,758.07,108.3,4,36,207,0.0,2,2,3
CUST101517,Hui Ling Goh,2025-10-01,Indonesia,Mainstream,25-34,2026-07-10,11,1541.04,140.09,6,19,301,0.0,2,1,1
CUST101518,Haziq Bin Abdullah,2024-10-12,Malaysia,Mainstream,25-34,2026-06-30,9,1560.09,173.34,5,29,655,0.0,2,2,1
CUST101519,Kumar Bin Abdullah,2026-02-02,Thailand,Mainstream,25-34,2026-07-10,14,1958.61,139.9,6,19,177,0.0,2,1,1
CUST101520,Jia Xin Rahman,2024-08-22,Thailand,Premium,25-34,2026-07-02,15,1938.21,129.21,6,27,706,0.0,2,1,1
CUST101521,Priya Kaur,2026-06-27,Indonesia,Budget,55+,2026-05-22,4,833.5,208.38,3,68,32,0.0,3,4,3
CUST101522,Nur Aisyah Muthu,2026-01-16,Singapore,Mainstream,35-44,2026-05-31,6,940.5,156.75,4,59,194,0.0,3,3,2
CUST101523,Ravi Chua,2025-05-24,Malaysia,Budget,25-34,2026-05-31,3,598.26,199.42,2,59,431,0.0,3,4,3
CUST101524,Nur Aisyah Yusof,2025-05-22,Thailand,Mainstream,45-54,2026-07-01,8,1181.02,147.63,4,28,433,0.0,2,2,2
CUST101525,Haziq Bin Abdullah,2024-10-03,Malaysia,Mainstream,35-44,2026-07-05,8,1303.12,162.89,5,24,664,0.0,2,2,2
CUST101526,Xin Yi Wong,2024-08-28,Thailand,Budget,35-44,2026-07-12,5,558.06,111.61,4,17,700,0.0,2,3,3
CUST101527,Xin Yi Kaur,2025-03-22,Indonesia,Budget,35-44,2026-06-10,5,405.41,81.08,4,49,494,0.0,3,3,4
CUST101528,Haziq Bin Abdullah,2025-04-04,Singapore,Budget,18-24,2026-03-13,4,670.35,167.59,3,138,481,1.0,4,4,3
CUST101529,Jia Xin Rahman,2025-12-10,Malaysia,Budget,25-34,2026-04-02,4,249.43,62.36,4,118,231,1.0,4,4,4
CUST101530,Siti Rahman,2024-12-18,Indonesia,Mainstream,45-54,2026-07-24,11,774.04,70.37,5,5,588,0.0,1,1,3
CUST101531,Jia Xin Lim,2025-04-16,Singapore,Budget,45-54,2026-03-09,3,610.6,203.53,3,142,469,1.0,4,4,3
CUST101532,Ravi Chong,2026-07-12,Singapore,Mainstream,45-54,2026-06-15,7,1263.07,180.44,5,44,17,0.0,3,2,2
CUST101533,Haziq Yusof,2024-11-29,Indonesia,Premium,18-24,2026-07-27,14,1306.84,93.35,7,2,607,0.0,1,1,2
CUST101534,Arif Lim,2025-11-09,Singapore,Budget,45-54,2026-05-23,5,976.19,195.24,3,67,262,0.0,3,3,2
CUST101535,Farhan Kaur,2025-08-16,Singapore,Budget,25-34,2026-06-24,3,921.03,307.01,2,35,347,0.0,2,4,2
CUST101536,Siti Chua,2025-08-09,Indonesia,Budget,35-44,2026-03-16,3,933.28,311.09,3,135,354,1.0,4,4,2
CUST101537,Divya Chua,2024-12-08,Indonesia,Premium,25-34,2026-07-20,9,1872.45,208.05,6,9,598,0.0,1,2,1
CUST101538,Arif Osman,2026-01-15,Malaysia,Budget,45-54,2026-03-26,3,162.36,54.12,3,125,195,1.0,4,4,4
CUST101539,Siti Lee,2025-10-16,Thailand,Budget,55+,2026-04-15,3,231.79,77.26,2,105,286,1.0,4,4,4
CUST101540,Farhan Osman,2026-07-01,Thailand,Premium,25-34,2026-04-15,11,1943.97,176.72,6,105,28,1.0,4,1,1
CUST101541,Kumar Binte Ismail,2025-11-17,Malaysia,Mainstream,45-54,2026-06-18,6,1253.54,208.92,5,41,254,0.0,3,3,2
CUST101542,Priya Wong,2026-05-26,Singapore,Budget,35-44,2026-06-23,5,917.16,183.43,4,36,64,0.0,2,3,2
CUST101543,Nur Aisyah Bin Abdullah,2025-05-30,Indonesia,Premium,25-34,2026-07-22,16,1445.72,90.36,6,7,425,0.0,1,1,1
CUST101544,Siti Kaur,2024-10-15,Singapore,Premium,25-34,2026-05-29,16,2597.4,162.34,7,61,652,0.0,3,1,1
CUST101545,Priya Wong,2025-08-24,Indonesia,Mainstream,35-44,2026-07-11,11,2347.59,213.42,7,18,339,0.0,2,1,1
CUST101546,Ravi Binte Ismail,2024-10-02,Malaysia,Budget,25-34,2026-04-11,6,619.76,103.29,3,109,665,1.0,4,3,3
CUST101547,Chen Wei Chua,2024-08-15,Malaysia,Mainstream,18-24,2026-07-24,9,824.26,91.58,6,5,713,0.0,1,2,3
CUST101548,Nur Aisyah Rahman,2026-06-20,Malaysia,Budget,45-54,2026-01-14,4,858.99,214.75,3,196,39,1.0,4,4,3
CUST101549,Nur Aisyah Rahman,2025-07-18,Malaysia,Mainstream,35-44,2026-06-12,11,667.62,60.69,7,47,376,0.0,3,1,3
CUST101550,Jia Xin Lim,2025-07-09,Thailand,Budget,45-54,2026-03-01,5,503.93,100.79,5,150,385,1.0,4,3,3
CUST101551,Wei Ming Lee,2025-10-21,Singapore,Mainstream,35-44,2026-06-23,7,561.6,80.23,5,36,281,0.0,2,2,3
CUST101552,Ravi Rahman,2024-11-30,Thailand,Mainstream,35-44,2026-04-27,3,302.9,100.97,2,93,606,1.0,4,4,4
CUST101553,Suresh Wong,2025-10-14,Singapore,Premium,45-54,2026-07-16,13,1162.68,89.44,5,13,288,0.0,1,1,2
CUST101554,Chen Wei Binte Ismail,2026-06-19,Indonesia,Mainstream,18-24,2026-05-06,7,557.25,79.61,5,84,40,0.0,4,2,3
CUST101555,Ahmad Chua,2025-06-25,Thailand,Budget,25-34,2026-07-22,9,1123.34,124.82,7,7,399,0.0,1,2,2
CUST101556,Hui Ling Muthu,2026-03-04,Malaysia,Budget,35-44,2026-03-13,9,952.32,105.81,6,138,147,1.0,4,2,2
CUST101557,Jia Xin Kaur,2025-11-12,Singapore,Mainstream,55+,2026-05-20,4,384.0,96.0,4,70,259,0.0,3,4,4
CUST101558,Zhi Hao Nair,2025-07-28,Indonesia,Budget,25-34,,0,0.0,0.0,0,9999,366,,4,4,4
CUST101559,Wei Ming Muthu,2025-02-17,Indonesia,Budget,55+,2026-04-28,7,1343.26,191.89,5,92,527,1.0,4,2,2
CUST101560,Zhi Hao Goh,2026-01-07,Singapore,Mainstream,45-54,2026-06-16,5,718.4,143.68,3,43,203,0.0,3,3,3
CUST101561,Mei Ling Nair,2025-10-25,Malaysia,Budget,35-44,2026-07-16,7,2244.83,320.69,4,13,277,0.0,1,2,1
CUST101562,Farhan Muthu,2026-06-10,Indonesia,Budget,25-34,2026-04-06,5,370.38,74.08,4,114,49,1.0,4,3,4
CUST101563,Haziq Muthu,2025-10-22,Singapore,Mainstream,18-24,2026-06-25,10,1275.89,127.59,6,34,280,0.0,2,1,2
CUST101564,Ahmad Chua,2025-06-01,Malaysia,Premium,35-44,2026-07-21,10,1190.71,119.07,6,8,423,0.0,1,1,2
CUST101565,Jia Xin Lee,2025-05-05,Malaysia,Mainstream,18-24,2026-03-06,6,822.83,137.14,4,145,450,1.0,4,3,3
CUST101566,Xin Yi Lim,2025-12-27,Singapore,Budget,25-34,2026-07-07,3,97.25,32.42,3,22,214,0.0,2,4,4
CUST101567,Ravi Tan,2026-06-15,Indonesia,Mainstream,25-34,2026-05-06,6,718.14,119.69,5,84,44,0.0,4,3,3
CUST101568,Divya Kaur,2025-06-03,Singapore,Premium,55+,2026-07-08,15,1271.15,84.74,6,21,421,0.0,2,1,2
CUST101569,Mei Ling Kaur,2025-04-07,Thailand,Budget,25-34,2026-07-22,8,1076.56,134.57,5,7,478,0.0,1,2,2
CUST101570,Mei Ling Lee,2026-05-28,Malaysia,Mainstream,35-44,2026-07-21,9,2029.14,225.46,5,8,62,0.0,1,2,1
CUST101571,Mei Ling Chong,2025-07-26,Malaysia,Mainstream,25-34,2026-07-25,10,1501.21,150.12,6,4,368,0.0,1,1,1
CUST101572,Xin Yi Chong,2026-05-21,Malaysia,Mainstream,18-24,2026-06-17,13,1750.6,134.66,6,42,69,0.0,3,1,1
CUST101573,Zhi Hao Osman,2025-09-02,Malaysia,Budget,25-34,2026-06-07,7,1137.02,162.43,5,52,330,0.0,3,2,2
CUST101574,Nabila Lim,2025-04-18,Indonesia,Premium,45-54,2026-06-15,11,1091.82,99.26,5,44,467,0.0,3,1,2
CUST101575,Ravi Binte Ismail,2025-02-19,Indonesia,Budget,35-44,2026-07-04,5,406.18,81.24,3,25,525,0.0,2,3,4
CUST101576,Nur Aisyah Chua,2025-02-23,Indonesia,Budget,25-34,2026-07-11,9,1512.44,168.05,4,18,521,0.0,2,2,1
CUST101577,Hui Ling Osman,2025-01-22,Malaysia,Budget,45-54,2026-01-26,3,193.1,64.37,2,184,553,1.0,4,4,4
CUST101578,Xin Yi Goh,2026-02-03,Singapore,Mainstream,18-24,2025-12-07,4,1040.68,260.17,4,234,176,1.0,4,4,2
CUST101579,Aina Muthu,2024-11-19,Singapore,Budget,45-54,2025-11-15,2,181.41,90.7,1,256,617,1.0,4,4,4
CUST101580,Arif Muthu,2025-11-16,Indonesia,Mainstream,18-24,2026-06-18,5,1042.16,208.43,3,41,255,0.0,3,3,2
CUST101581,Nur Aisyah Rahman,2025-10-29,Malaysia,Premium,45-54,2026-07-18,16,2407.27,150.45,7,11,273,0.0,1,1,1
CUST101582,Arif Lee,2025-01-01,Malaysia,Budget,55+,2026-07-04,7,638.49,91.21,4,25,574,0.0,2,2,3
CUST101583,Ravi Rahman,2025-12-03,Malaysia,Mainstream,45-54,2026-05-15,5,1365.01,273.0,4,75,238,0.0,3,3,2
CUST101584,Haziq Nair,2026-06-05,Malaysia,Premium,18-24,2026-07-16,11,768.95,69.9,6,13,54,0.0,1,1,3
CUST101585,Zhi Hao Goh,2025-02-23,Indonesia,Budget,35-44,2026-07-11,3,244.85,81.62,3,18,521,0.0,2,4,4
CUST101586,Farhan Wong,2025-04-02,Malaysia,Mainstream,45-54,2026-04-18,4,680.31,170.08,3,102,483,1.0,4,4,3
CUST101587,Nabila Chong,2025-05-31,Thailand,Premium,35-44,2026-06-15,19,1917.43,100.92,7,44,424,0.0,3,1,1
CUST101588,Zhi Hao Rahman,2026-04-16,Singapore,Mainstream,25-34,2026-05-12,8,899.72,112.46,5,78,104,0.0,3,2,2
CUST101589,Siti Bin Abdullah,2025-04-24,Malaysia,Mainstream,35-44,2026-02-14,1,24.28,24.28,1,165,461,1.0,4,4,4
CUST101590,Siti Bin Abdullah,2026-03-07,Singapore,Premium,18-24,2026-05-18,15,1392.47,92.83,7,72,144,0.0,3,1,2
CUST101591,Ravi Tan,2025-06-19,Indonesia,Mainstream,35-44,2026-07-26,10,2526.16,252.62,5,3,405,0.0,1,1,1
CUST101592,Zhi Hao Goh,2025-07-24,Malaysia,Budget,18-24,2026-06-17,7,402.55,57.51,4,42,370,0.0,3,2,4
CUST101593,Xin Yi Lee,2025-01-11,Malaysia,Budget,35-44,2025-12-29,5,1104.31,220.86,5,212,564,1.0,4,3,2
CUST101594,Hui Ling Osman,2024-08-16,Indonesia,Mainstream,25-34,2026-05-16,12,1175.79,97.98,7,74,712,0.0,3,1,2
CUST101595,Wei Ming Yusof,2026-03-13,Malaysia,Budget,25-34,2026-04-21,4,723.53,180.88,3,99,138,1.0,4,4,3
CUST101596,Aina Bin Abdullah,2026-05-07,Singapore,Budget,18-24,2025-10-02,1,99.9,99.9,1,300,83,1.0,4,4,4
CUST101597,Ravi Bin Abdullah,2025-06-19,Malaysia,Budget,55+,2026-07-17,4,296.98,74.24,3,12,405,0.0,1,4,4
CUST101598,Siti Osman,2024-09-03,Singapore,Mainstream,35-44,2026-06-21,16,1802.0,112.62,5,38,694,0.0,2,1,1
CUST101599,Nabila Binte Ismail,2026-04-05,Thailand,Mainstream,35-44,2026-07-23,11,1166.37,106.03,5,6,115,0.0,1,1,2
CUST101600,Chen Wei Muthu,2025-08-08,Indonesia,Budget,45-54,2026-07-07,7,747.84,106.83,6,22,355,0.0,2,2,3
CUST101601,Xin Yi Bin Abdullah,2025-10-05,Indonesia,Budget,35-44,2026-02-17,2,690.28,345.14,2,162,297,1.0,4,4,3
CUST101602,Kumar Yusof,2025-12-09,Thailand,Budget,25-34,2026-06-01,3,216.07,72.02,2,58,232,0.0,3,4,4
CUST101603,Nabila Osman,2025-04-01,Indonesia,Budget,35-44,2026-02-02,6,265.75,44.29,3,177,484,1.0,4,3,4
CUST101604,Farhan Binte Ismail,2025-12-26,Malaysia,Mainstream,25-34,2026-06-27,5,896.21,179.24,4,32,215,0.0,2,3,2
CUST101605,Nabila Rahman,2025-08-04,Singapore,Budget,35-44,2026-07-10,4,571.31,142.83,4,19,359,0.0,2,4,3
CUST101606,Priya Goh,2024-11-19,Malaysia,Premium,25-34,2026-04-20,11,2564.17,233.11,7,100,617,1.0,4,1,1
CUST101607,Divya Binte Ismail,2025-10-25,Thailand,Budget,55+,2026-06-25,5,480.65,96.13,4,34,277,0.0,2,3,3
CUST101608,Wei Ming Lee,2026-07-14,Thailand,Budget,35-44,2026-07-20,4,204.61,51.15,3,9,15,0.0,1,4,4
CUST101609,Nabila Lee,2024-10-21,Indonesia,Premium,25-34,2026-06-01,15,2335.73,155.72,6,58,646,0.0,3,1,1
CUST101610,Aina Binte Ismail,2026-01-10,Singapore,Budget,35-44,2026-06-20,8,1474.66,184.33,6,39,200,0.0,3,2,1
CUST101611,Xin Yi Chua,2025-01-11,Singapore,Budget,18-24,2026-05-01,3,71.43,23.81,3,89,564,0.0,4,4,4
CUST101612,Zhi Hao Chua,2025-01-19,Thailand,Budget,25-34,2026-04-30,6,1618.45,269.74,5,90,556,0.0,4,3,1
CUST101613,Divya Wong,2025-07-10,Singapore,Mainstream,45-54,2026-07-06,7,519.3,74.19,4,23,384,0.0,2,2,3
CUST101614,Ravi Osman,2026-05-26,Malaysia,Budget,45-54,2026-05-18,3,1236.51,412.17,2,72,64,0.0,3,4,2
CUST101615,Haziq Binte Ismail,2024-09-04,Malaysia,Mainstream,35-44,2026-07-11,8,2280.78,285.1,5,18,693,0.0,2,2,1
CUST101616,Aina Tan,2025-03-19,Singapore,Mainstream,35-44,2026-06-30,8,1408.62,176.08,7,29,497,0.0,2,2,2
CUST101617,Divya Chong,2025-09-23,Indonesia,Premium,25-34,2026-05-24,8,517.4,64.68,3,66,309,0.0,3,2,3
CUST101618,Jia Xin Goh,2024-11-13,Thailand,Mainstream,18-24,2026-06-28,11,2799.92,254.54,7,31,623,0.0,2,1,1
CUST101619,Suresh Tan,2024-12-31,Indonesia,Mainstream,35-44,2026-06-17,8,2133.05,266.63,4,42,575,0.0,3,2,1
CUST101620,Siti Binte Ismail,2025-01-20,Malaysia,Mainstream,35-44,2026-07-19,4,458.8,114.7,3,10,555,0.0,1,4,4
CUST101621,Suresh Kaur,2026-03-29,Malaysia,Mainstream,18-24,2026-07-20,8,1434.08,179.26,5,9,122,0.0,1,2,1
CUST101622,Ravi Osman,2025-04-24,Thailand,Mainstream,18-24,2026-07-04,6,475.41,79.24,3,25,461,0.0,2,3,3
CUST101623,Xin Yi Lim,2026-01-02,Malaysia,Mainstream,18-24,2026-07-15,6,1081.72,180.29,6,14,208,0.0,1,3,2
CUST101624,Arif Wong,2026-06-02,Malaysia,Budget,25-34,2026-07-26,6,1961.77,326.96,3,3,57,0.0,1,3,1
CUST101625,Priya Chua,2025-11-25,Indonesia,Mainstream,18-24,2026-04-23,4,458.78,114.7,3,97,246,1.0,4,4,4
CUST101626,Nur Aisyah Wong,2026-05-15,Singapore,Budget,25-34,2026-04-23,6,972.41,162.07,4,97,75,1.0,4,3,2
CUST101627,Siti Bin Abdullah,2026-05-13,Singapore,Mainstream,35-44,2026-06-30,8,852.81,106.6,5,29,77,0.0,2,2,3
CUST101628,Nur Aisyah Bin Abdullah,2025-02-14,Thailand,Budget,25-34,2026-06-06,7,1528.47,218.35,5,53,530,0.0,3,2,1
CUST101629,Divya Lee,2025-07-28,Malaysia,Budget,25-34,2026-06-15,8,1317.59,164.7,3,44,366,0.0,3,2,2
CUST101630,Farhan Kaur,2025-10-12,Singapore,Budget,35-44,2025-09-20,3,179.74,59.91,2,312,290,1.0,4,4,4
CUST101631,Ravi Osman,2026-03-11,Singapore,Budget,45-54,2026-03-18,6,1443.97,240.66,4,133,140,1.0,4,3,1
CUST101632,Ahmad Nair,2025-01-13,Thailand,Budget,25-34,2025-12-23,3,154.14,51.38,3,218,562,1.0,4,4,4
CUST101633,Ravi Yusof,2025-04-23,Malaysia,Budget,25-34,2026-05-25,5,463.54,92.71,4,65,462,0.0,3,3,3
CUST101634,Arif Goh,2025-05-28,Malaysia,Mainstream,35-44,2026-07-09,9,575.16,63.91,4,20,427,0.0,2,2,3
CUST101635,Nur Aisyah Lee,2026-03-13,Singapore,Budget,25-34,2026-07-08,4,594.98,148.74,3,21,138,0.0,2,4,3
CUST101636,Aina Lee,2026-04-30,Thailand,Premium,25-34,2026-06-03,15,1222.21,81.48,6,56,90,0.0,3,1,2
CUST101637,Siti Muthu,2026-04-30,Thailand,Mainstream,25-34,2026-07-16,10,1128.43,112.84,4,13,90,0.0,1,1,2
CUST101638,Hui Ling Binte Ismail,2026-07-11,Malaysia,Budget,25-34,2026-07-14,5,1585.68,317.14,3,15,18,0.0,1,3,1
CUST101639,Nabila Yusof,2024-08-21,Singapore,Budget,45-54,2026-05-24,2,179.89,89.94,2,66,707,0.0,3,4,4
CUST101640,Hui Ling Chua,2025-11-03,Indonesia,Budget,45-54,2025-09-21,1,178.55,178.55,1,311,268,1.0,4,4,4
CUST101641,Nabila Lim,2025-04-05,Indonesia,Budget,25-34,2026-01-29,3,147.17,49.06,3,181,480,1.0,4,4,4
CUST101642,Farhan Kaur,2024-08-11,Indonesia,Mainstream,25-34,2026-07-29,8,1313.37,164.17,5,0,717,0.0,1,2,2
CUST101643,Arif Binte Ismail,2024-09-14,Thailand,Mainstream,55+,2026-07-18,9,1985.17,220.57,5,11,683,0.0,1,2,1
CUST101644,Nur Aisyah Bin Abdullah,2025-12-07,Malaysia,Mainstream,35-44,2026-07-10,5,599.15,119.83,4,19,234,0.0,2,3,3
CUST101645,Farhan Lee,2025-08-06,Singapore,Budget,55+,2026-07-23,8,695.43,86.93,5,6,357,0.0,1,2,3
CUST101646,Siti Rahman,2025-08-25,Malaysia,Mainstream,45-54,2026-06-18,6,489.38,81.56,4,41,338,0.0,3,3,3
CUST101647,Nur Aisyah Chua,2026-07-05,Indonesia,Budget,25-34,2026-06-12,6,1015.06,169.18,4,47,24,0.0,3,3,2
CUST101648,Siti Muthu,2025-01-15,Singapore,Mainstream,25-34,2026-06-07,5,293.64,58.73,4,52,560,0.0,3,3,4
CUST101649,Ahmad Osman,2025-06-05,Singapore,Premium,25-34,2026-07-27,10,737.81,73.78,5,2,419,0.0,1,1,3
CUST101650,Zhi Hao Binte Ismail,2025-10-31,Indonesia,Budget,45-54,2026-05-19,4,401.35,100.34,4,71,271,0.0,3,4,4
CUST101651,Zhi Hao Rahman,2025-06-17,Malaysia,Mainstream,25-34,2026-04-23,5,490.09,98.02,4,97,407,1.0,4,3,3
CUST101652,Arif Binte Ismail,2025-02-08,Indonesia,Mainstream,35-44,2026-06-16,5,463.98,92.8,3,43,536,0.0,3,3,3
CUST101653,Kumar Bin Abdullah,2026-07-19,Singapore,Mainstream,35-44,2026-06-29,11,1549.19,140.84,6,30,10,0.0,2,1,1
CUST101654,Wei Ming Goh,2025-04-14,Singapore,Budget,45-54,2026-06-16,2,772.93,386.46,2,43,471,0.0,3,4,3
CUST101655,Ahmad Lee,2024-11-08,Singapore,Mainstream,45-54,2026-07-06,9,626.07,69.56,5,23,628,0.0,2,2,3
CUST101656,Chen Wei Binte Ismail,2025-02-14,Indonesia,Budget,18-24,2026-07-28,8,525.42,65.68,5,1,530,0.0,1,2,3
CUST101657,Farhan Osman,2025-05-03,Indonesia,Budget,25-34,2026-07-07,5,763.95,152.79,5,22,452,0.0,2,3,3
CUST101658,Zhi Hao Wong,2026-05-24,Malaysia,Mainstream,35-44,2026-07-22,5,785.12,157.02,3,7,66,0.0,1,3,3
CUST101659,Kumar Tan,2025-02-01,Malaysia,Budget,45-54,2026-05-06,5,401.03,80.21,4,84,543,0.0,4,3,4
CUST101660,Hui Ling Bin Abdullah,2025-01-28,Singapore,Budget,35-44,2026-03-10,5,512.84,102.57,3,141,547,1.0,4,3,3
CUST101661,Xin Yi Nair,2025-08-03,Indonesia,Premium,35-44,2026-06-23,10,1205.72,120.57,6,36,360,0.0,2,1,2
CUST101662,Farhan Chua,2025-05-30,Thailand,Budget,45-54,2026-04-29,3,227.34,75.78,2,91,425,1.0,4,4,4
CUST101663,Nur Aisyah Binte Ismail,2025-05-04,Indonesia,Mainstream,25-34,2026-04-23,9,1227.19,136.35,6,97,451,1.0,4,2,2
CUST101664,Jia Xin Muthu,2026-05-02,Singapore,Mainstream,18-24,2026-04-22,4,1241.7,310.42,3,98,88,1.0,4,4,2
CUST101665,Zhi Hao Osman,2026-01-23,Malaysia,Budget,45-54,2026-07-22,5,369.83,73.97,4,7,187,0.0,1,3,4
CUST101666,Siti Osman,2024-12-28,Singapore,Mainstream,35-44,2026-07-15,8,805.29,100.66,7,14,578,0.0,1,2,3
CUST101667,Hui Ling Binte Ismail,2024-08-18,Singapore,Mainstream,45-54,2026-05-01,7,724.27,103.47,4,89,710,0.0,4,2,3
CUST101668,Ahmad Tan,2026-01-13,Singapore,Mainstream,25-34,2026-06-15,5,1142.82,228.56,3,44,197,0.0,3,3,2
CUST101669,Suresh Muthu,2025-10-10,Singapore,Mainstream,35-44,2026-06-28,7,1312.54,187.51,6,31,292,0.0,2,2,2
CUST101670,Ahmad Rahman,2024-09-29,Singapore,Premium,25-34,2026-07-11,14,2025.34,144.67,5,18,668,0.0,2,1,1
CUST101671,Hui Ling Nair,2026-04-02,Indonesia,Premium,25-34,2026-07-08,15,955.91,63.73,5,21,118,0.0,2,1,2
CUST101672,Ahmad Chua,2026-01-20,Singapore,Budget,18-24,2026-02-28,6,485.98,81.0,4,151,190,1.0,4,3,3
CUST101673,Zhi Hao Lim,2026-06-19,Indonesia,Budget,35-44,2026-05-07,4,348.44,87.11,4,83,40,0.0,4,4,4
CUST101674,Arif Chua,2026-02-08,Thailand,Mainstream,25-34,2026-07-16,11,2037.68,185.24,6,13,171,0.0,1,1,1
CUST101675,Nur Aisyah Goh,2025-04-21,Malaysia,Premium,25-34,2026-06-07,7,677.91,96.84,5,52,464,0.0,3,2,3
CUST101676,Arif Yusof,2025-11-17,Malaysia,Mainstream,25-34,2026-05-02,7,1694.53,242.08,4,88,254,0.0,4,2,1
CUST101677,Nabila Lee,2024-08-11,Indonesia,Budget,25-34,2026-07-23,3,218.32,72.77,3,6,717,0.0,1,4,4
CUST101678,Hui Ling Muthu,2024-10-17,Singapore,Premium,35-44,2026-07-29,14,2441.72,174.41,7,0,650,0.0,1,1,1
CUST101679,Nur Aisyah Kaur,2024-10-14,Malaysia,Budget,35-44,2026-06-10,2,131.96,65.98,1,49,653,0.0,3,4,4
CUST101680,Nabila Chua,2025-02-14,Malaysia,Budget,35-44,2025-10-24,1,54.04,54.04,1,278,530,1.0,4,4,4
CUST101681,Wei Ming Osman,2025-03-04,Indonesia,Mainstream,25-34,2026-03-05,7,1727.9,246.84,5,146,512,1.0,4,2,1
CUST101682,Nur Aisyah Chua,2025-07-22,Indonesia,Budget,35-44,2025-10-28,4,398.98,99.74,3,274,372,1.0,4,4,4
CUST101683,Zhi Hao Rahman,2024-08-05,Indonesia,Mainstream,18-24,2026-06-28,3,679.18,226.39,3,31,723,0.0,2,4,3
CUST101684,Farhan Lim,2026-05-21,Indonesia,Budget,35-44,2026-03-29,3,312.5,104.17,2,122,69,1.0,4,4,4
CUST101685,Nabila Binte Ismail,2025-02-17,Malaysia,Mainstream,45-54,2026-01-24,4,984.71,246.18,4,186,527,1.0,4,4,2
CUST101686,Priya Kaur,2026-04-18,Indonesia,Premium,25-34,2026-07-06,18,1778.03,98.78,7,23,102,0.0,2,1,1
CUST101687,Aina Kaur,2025-11-24,Thailand,Budget,55+,2026-04-09,2,520.01,260.0,2,111,247,1.0,4,4,3
CUST101688,Ahmad Chong,2026-01-24,Malaysia,Mainstream,25-34,2026-06-13,4,382.92,95.73,2,46,186,0.0,3,4,4
CUST101689,Suresh Wong,2025-05-17,Thailand,Mainstream,35-44,2026-07-01,6,1729.65,288.28,5,28,438,0.0,2,3,1
CUST101690,Haziq Chua,2025-01-01,Thailand,Budget,35-44,2026-06-21,5,1098.27,219.65,5,38,574,0.0,2,3,2
CUST101691,Nabila Muthu,2026-06-01,Malaysia,Mainstream,35-44,2026-07-06,4,347.87,86.97,3,23,58,0.0,2,4,4
CUST101692,Xin Yi Binte Ismail,2025-05-16,Singapore,Mainstream,35-44,2026-06-12,6,1292.04,215.34,5,47,439,0.0,3,3,2
CUST101693,Xin Yi Chua,2026-02-18,Singapore,Budget,18-24,2026-05-07,1,107.83,107.83,1,83,161,0.0,4,4,4
CUST101694,Kumar Yusof,2026-06-03,Indonesia,Premium,35-44,2026-06-28,12,2550.55,212.55,7,31,56,0.0,2,1,1
CUST101695,Kumar Kaur,2025-09-28,Singapore,Budget,35-44,2026-06-25,8,2617.93,327.24,5,34,304,0.0,2,2,1
CUST101696,Xin Yi Bin Abdullah,2025-05-31,Malaysia,Budget,35-44,2026-05-26,9,720.04,80.0,5,64,424,0.0,3,2,3
CUST101697,Priya Chua,2026-03-04,Malaysia,Budget,18-24,2026-07-19,3,590.5,196.83,3,10,147,0.0,1,4,3
CUST101698,Mei Ling Goh,2025-10-18,Thailand,Mainstream,25-34,2025-12-24,3,534.63,178.21,3,217,284,1.0,4,4,3
CUST101699,Wei Ming Yusof,2024-09-01,Indonesia,Premium,55+,2026-07-26,13,2517.54,193.66,6,3,696,0.0,1,1,1
CUST101700,Haziq Muthu,2025-11-18,Indonesia,Budget,25-34,2026-02-02,2,48.19,24.1,1,177,253,1.0,4,4,4
CUST101701,Nur Aisyah Goh,2024-08-02,Malaysia,Budget,25-34,2026-06-25,5,978.26,195.65,4,34,726,0.0,2,3,2
CUST101702,Jia Xin Wong,2024-11-28,Singapore,Budget,25-34,2026-06-10,5,1577.17,315.43,4,49,608,0.0,3,3,1
CUST101703,Jia Xin Nair,2025-11-01,Indonesia,Mainstream,35-44,2026-06-27,5,652.64,130.53,4,32,270,0.0,2,3,3
CUST101704,Aina Kaur,2025-06-03,Singapore,Budget,35-44,2026-06-26,5,869.98,174.0,5,33,421,0.0,2,3,2
CUST101705,Hui Ling Goh,2025-02-27,Malaysia,Budget,55+,2026-06-29,8,1959.23,244.9,6,30,517,0.0,2,2,1
CUST101706,Siti Lim,2025-08-24,Thailand,Budget,35-44,2026-07-27,2,1058.56,529.28,1,2,339,0.0,1,4,2
CUST101707,Divya Lee,2025-10-05,Malaysia,Mainstream,25-34,2026-07-21,7,1365.04,195.01,5,8,297,0.0,1,2,2
CUST101708,Zhi Hao Muthu,2025-12-01,Malaysia,Mainstream,18-24,2026-07-07,10,904.66,90.47,5,22,240,0.0,2,1,2
CUST101709,Hui Ling Rahman,2026-04-19,Indonesia,Mainstream,25-34,2026-02-20,8,1118.77,139.85,5,159,101,1.0,4,2,2
CUST101710,Ahmad Chua,2026-07-11,Indonesia,Budget,35-44,2026-06-27,9,1110.5,123.39,4,32,18,0.0,2,2,2
CUST101711,Zhi Hao Wong,2025-11-26,Malaysia,Mainstream,55+,2026-01-25,4,204.22,51.06,3,185,245,1.0,4,4,4
CUST101712,Zhi Hao Goh,2024-12-26,Malaysia,Mainstream,18-24,2026-07-25,8,629.37,78.67,6,4,580,0.0,1,2,3
CUST101713,Mei Ling Muthu,2026-02-09,Singapore,Mainstream,25-34,2026-07-18,9,1240.75,137.86,6,11,170,0.0,1,2,2
CUST101714,Xin Yi Rahman,2026-03-20,Malaysia,Budget,35-44,2026-04-28,5,1193.71,238.74,4,92,131,1.0,4,3,2
CUST101715,Siti Chua,2025-12-02,Singapore,Budget,35-44,2026-07-19,7,1785.84,255.12,4,10,239,0.0,1,2,1
CUST101716,Siti Wong,2025-05-18,Malaysia,Mainstream,35-44,2026-06-01,8,1495.17,186.9,6,58,437,0.0,3,2,1
CUST101717,Siti Nair,2026-02-23,Indonesia,Budget,25-34,2026-05-07,7,535.33,76.48,5,83,156,0.0,4,2,3
CUST101718,Kumar Nair,2026-02-19,Singapore,Mainstream,25-34,2026-02-27,6,725.67,120.94,5,152,160,1.0,4,3,3
CUST101719,Chen Wei Osman,2026-05-08,Malaysia,Budget,35-44,2026-02-11,4,310.07,77.52,4,168,82,1.0,4,4,4
CUST101720,Chen Wei Tan,2025-11-29,Singapore,Budget,25-34,2026-04-25,2,196.0,98.0,2,95,242,1.0,4,4,4
CUST101721,Mei Ling Binte Ismail,2026-02-21,Singapore,Mainstream,35-44,2026-07-11,3,374.09,124.7,3,18,158,0.0,2,4,4
CUST101722,Chen Wei Yusof,2024-11-30,Singapore,Budget,25-34,2026-05-09,5,284.77,56.95,5,81,606,0.0,3,3,4
CUST101723,Priya Chong,2024-10-06,Singapore,Budget,35-44,2026-07-22,6,1752.57,292.1,5,7,661,0.0,1,3,1
CUST101724,Zhi Hao Kaur,2025-11-01,Thailand,Mainstream,55+,2026-06-07,6,1141.73,190.29,4,52,270,0.0,3,3,2
CUST101725,Mei Ling Tan,2026-05-28,Thailand,Budget,35-44,2026-04-21,5,551.28,110.26,3,99,62,1.0,4,3,3
CUST101726,Mei Ling Wong,2026-05-27,Indonesia,Premium,25-34,2026-06-19,12,1378.14,114.85,6,40,63,0.0,3,1,2
CUST101727,Haziq Osman,2025-12-04,Malaysia,Budget,55+,2025-12-27,4,432.23,108.06,3,214,237,1.0,4,4,4
CUST101728,Xin Yi Tan,2025-08-25,Indonesia,Premium,25-34,2026-07-28,18,2203.79,122.43,7,1,338,0.0,1,1,1
CUST101729,Haziq Wong,2025-07-09,Thailand,Mainstream,45-54,2026-06-28,5,755.49,151.1,3,31,385,0.0,2,3,3
CUST101730,Farhan Goh,2025-12-19,Malaysia,Budget,18-24,2026-07-01,11,1788.26,162.57,6,28,222,0.0,2,1,1
CUST101731,Suresh Tan,2025-11-13,Singapore,Mainstream,45-54,2026-05-11,13,1264.45,97.27,6,79,258,0.0,3,1,2
CUST101732,Jia Xin Chua,2026-01-03,Indonesia,Mainstream,25-34,2026-04-16,7,929.1,132.73,4,104,207,1.0,4,2,2
CUST101733,Ahmad Binte Ismail,2025-07-17,Thailand,Mainstream,25-34,2026-07-27,8,1535.6,191.95,5,2,377,0.0,1,2,1
CUST101734,Ahmad Osman,2025-03-08,Singapore,Budget,55+,2026-06-29,9,848.3,94.26,4,30,508,0.0,2,2,3
CUST101735,Siti Chua,2026-06-28,Malaysia,Premium,35-44,2026-06-16,12,1318.46,109.87,5,43,31,0.0,3,1,2
CUST101736,Ravi Muthu,2025-08-14,Malaysia,Mainstream,25-34,2026-07-14,13,1566.79,120.52,6,15,349,0.0,1,1,1
CUST101737,Kumar Binte Ismail,2025-04-12,Malaysia,Premium,18-24,2026-07-21,17,2745.04,161.47,7,8,473,0.0,1,1,1
CUST101738,Ahmad Kaur,2025-03-26,Indonesia,Mainstream,18-24,2026-05-26,4,331.94,82.98,4,64,490,0.0,3,4,4
CUST101739,Farhan Chua,2025-06-13,Malaysia,Mainstream,25-34,2026-07-23,11,2028.77,184.43,4,6,411,0.0,1,1,1
CUST101740,Xin Yi Binte Ismail,2025-07-11,Thailand,Mainstream,35-44,2026-07-16,12,805.48,67.12,6,13,383,0.0,1,1,3
CUST101741,Xin Yi Binte Ismail,2025-03-19,Indonesia,Mainstream,35-44,2026-06-14,7,1242.6,177.51,5,45,497,0.0,3,2,2
CUST101742,Farhan Tan,2025-10-26,Singapore,Premium,55+,2026-05-09,13,1646.51,126.65,7,81,276,0.0,3,1,1
CUST101743,Priya Goh,2025-06-10,Indonesia,Mainstream,45-54,2026-07-17,6,1762.91,293.82,3,12,414,0.0,1,3,1
CUST101744,Farhan Yusof,2025-12-08,Indonesia,Budget,55+,2026-05-27,6,542.88,90.48,4,63,233,0.0,3,3,3
CUST101745,Arif Nair,2025-09-13,Malaysia,Mainstream,35-44,2026-06-09,3,169.35,56.45,2,50,319,0.0,3,4,4
CUST101746,Jia Xin Chua,2026-04-30,Malaysia,Budget,25-34,2026-06-18,5,923.64,184.73,4,41,90,0.0,3,3,2
CUST101747,Chen Wei Kaur,2025-11-16,Indonesia,Premium,35-44,2026-05-08,9,2400.79,266.75,5,82,255,0.0,4,2,1
CUST101748,Arif Kaur,2026-04-17,Malaysia,Mainstream,25-34,2025-12-16,5,315.65,63.13,4,225,103,1.0,4,3,4
CUST101749,Arif Lee,2026-02-14,Singapore,Mainstream,25-34,2026-04-17,4,1107.71,276.93,3,103,165,1.0,4,4,2
CUST101750,Hui Ling Nair,2025-09-26,Singapore,Budget,45-54,2025-10-23,3,384.97,128.32,3,279,306,1.0,4,4,4
CUST101751,Priya Binte Ismail,2025-07-29,Singapore,Mainstream,35-44,2026-07-28,5,1417.01,283.4,4,1,365,0.0,1,3,1
CUST101752,Wei Ming Muthu,2024-09-10,Indonesia,Budget,25-34,2026-07-07,8,621.62,77.7,5,22,687,0.0,2,2,3
CUST101753,Haziq Osman,2026-07-10,Singapore,Mainstream,25-34,2026-06-02,8,1252.36,156.54,5,57,19,0.0,3,2,2
CUST101754,Hui Ling Wong,2024-10-12,Malaysia,Mainstream,25-34,2026-06-23,7,547.1,78.16,5,36,655,0.0,2,2,3
CUST101755,Nabila Chong,2025-12-02,Malaysia,Mainstream,35-44,2026-03-15,3,178.3,59.43,2,136,239,1.0,4,4,4
CUST101756,Arif Bin Abdullah,2025-02-16,Indonesia,Budget,25-34,2026-06-21,4,1027.91,256.98,4,38,528,0.0,2,4,2
CUST101757,Kumar Goh,2025-03-22,Malaysia,Mainstream,45-54,2026-06-22,5,842.82,168.56,4,37,494,0.0,2,3,3
CUST101758,Nur Aisyah Muthu,2024-08-20,Thailand,Mainstream,35-44,2026-06-21,6,518.82,86.47,5,38,708,0.0,2,3,3
CUST101759,Aina Muthu,2026-05-11,Thailand,Premium,25-34,2026-07-09,14,3143.88,224.56,7,20,79,0.0,2,1,1
CUST101760,Haziq Rahman,2024-08-22,Singapore,Premium,35-44,2026-07-13,14,2625.03,187.5,6,16,706,0.0,1,1,1
CUST101761,Haziq Bin Abdullah,2026-06-14,Indonesia,Mainstream,45-54,2026-03-01,5,540.42,108.08,5,150,45,1.0,4,3,3
CUST101762,Kumar Binte Ismail,2024-10-27,Singapore,Budget,45-54,2026-06-23,5,1126.61,225.32,4,36,640,0.0,2,3,2
CUST101763,Arif Lim,2025-04-09,Indonesia,Budget,35-44,2025-08-07,1,13.79,13.79,1,356,476,1.0,4,4,4
CUST101764,Nur Aisyah Lim,2025-08-12,Malaysia,Premium,25-34,2026-07-28,13,1366.56,105.12,6,1,351,0.0,1,1,2
CUST101765,Jia Xin Lim,2025-10-12,Singapore,Premium,35-44,2026-07-18,14,2769.34,197.81,6,11,290,0.0,1,1,1
CUST101766,Hui Ling Goh,2026-05-22,Singapore,Budget,45-54,2026-06-24,6,577.03,96.17,3,35,68,0.0,2,3,3
CUST101767,Hui Ling Lim,2024-12-21,Malaysia,Mainstream,55+,2025-09-21,1,46.85,46.85,1,311,585,1.0,4,4,4
CUST101768,Wei Ming Lim,2025-02-13,Indonesia,Budget,25-34,2026-06-19,7,588.24,84.03,4,40,531,0.0,3,2,3
CUST101769,Ahmad Osman,2024-09-13,Indonesia,Budget,35-44,2026-04-20,4,495.12,123.78,3,100,684,1.0,4,4,3
CUST101770,Ravi Chong,2025-02-11,Singapore,Premium,25-34,2026-07-11,11,733.59,66.69,5,18,533,0.0,2,1,3
CUST101771,Hui Ling Chua,2024-08-30,Singapore,Premium,18-24,2026-05-19,20,2689.64,134.48,7,71,698,0.0,3,1,1
CUST101772,Wei Ming Nair,2024-10-20,Malaysia,Premium,25-34,2026-07-28,12,1359.96,113.33,7,1,647,0.0,1,1,2
CUST101773,Farhan Muthu,2025-09-22,Malaysia,Budget,18-24,2026-05-15,3,497.8,165.93,3,75,310,0.0,3,4,3
CUST101774,Priya Nair,2025-03-03,Singapore,Mainstream,35-44,2026-06-22,4,554.16,138.54,3,37,513,0.0,2,4,3
CUST101775,Farhan Kaur,2026-01-18,Singapore,Premium,25-34,2026-07-01,13,2899.89,223.07,7,28,192,0.0,2,1,1
CUST101776,Chen Wei Yusof,2024-12-26,Thailand,Mainstream,35-44,2026-03-09,1,93.59,93.59,1,142,580,1.0,4,4,4
CUST101777,Farhan Lee,2025-05-11,Malaysia,Budget,35-44,2026-05-24,3,602.1,200.7,2,66,444,0.0,3,4,3
CUST101778,Ravi Wong,2025-09-11,Indonesia,Mainstream,25-34,2026-07-11,12,1296.96,108.08,5,18,321,0.0,2,1,2
CUST101779,Nur Aisyah Kaur,2025-04-27,Malaysia,Budget,35-44,2026-05-11,3,376.26,125.42,2,79,458,0.0,3,4,4
CUST101780,Hui Ling Bin Abdullah,2026-01-08,Malaysia,Mainstream,25-34,2026-07-06,7,886.17,126.6,4,23,202,0.0,2,2,2
CUST101781,Farhan Chua,2025-05-01,Malaysia,Premium,18-24,2026-05-09,8,908.96,113.62,5,81,454,0.0,3,2,2
CUST101782,Xin Yi Binte Ismail,2025-08-17,Singapore,Budget,55+,2026-06-27,5,881.23,176.25,4,32,346,0.0,2,3,2
CUST101783,Farhan Bin Abdullah,2025-12-07,Singapore,Budget,18-24,2025-08-25,2,85.71,42.86,2,338,234,1.0,4,4,4
CUST101784,Xin Yi Binte Ismail,2024-08-16,Thailand,Mainstream,25-34,2026-07-29,6,776.41,129.4,6,0,712,0.0,1,3,3
CUST101785,Xin Yi Osman,2026-06-13,Thailand,Mainstream,35-44,2026-07-18,8,681.74,85.22,5,11,46,0.0,1,2,3
CUST101786,Aina Rahman,2025-01-22,Indonesia,Budget,25-34,2026-03-18,1,75.66,75.66,1,133,553,1.0,4,4,4
CUST101787,Nabila Yusof,2026-02-26,Singapore,Budget,25-34,2026-07-26,5,423.27,84.65,3,3,153,0.0,1,3,4
CUST101788,Zhi Hao Osman,2026-02-17,Singapore,Mainstream,35-44,2026-05-09,7,648.68,92.67,6,81,162,0.0,3,2,3
CUST101789,Suresh Lim,2026-04-08,Singapore,Budget,35-44,2026-05-31,3,988.59,329.53,2,59,112,0.0,3,4,2
CUST101790,Suresh Chua,2026-05-16,Thailand,Mainstream,35-44,2026-03-07,3,649.21,216.4,2,144,74,1.0,4,4,3
CUST101791,Siti Rahman,2026-04-30,Indonesia,Mainstream,45-54,2026-05-14,7,652.43,93.2,4,76,90,0.0,3,2,3
CUST101792,Xin Yi Binte Ismail,2024-11-29,Malaysia,Budget,18-24,2026-05-01,9,1672.63,185.85,6,89,607,0.0,4,2,1
CUST101793,Mei Ling Yusof,2024-09-21,Thailand,Mainstream,25-34,2026-07-26,5,988.81,197.76,4,3,676,0.0,1,3,2
CUST101794,Aina Muthu,2025-05-29,Singapore,Mainstream,25-34,2026-06-22,4,265.66,66.41,4,37,426,0.0,2,4,4
CUST101795,Arif Rahman,2026-07-19,Malaysia,Mainstream,18-24,2026-07-20,9,3058.86,339.87,3,9,10,0.0,1,2,1
CUST101796,Nabila Chong,2024-11-05,Singapore,Mainstream,55+,2026-03-15,4,512.86,128.22,3,136,631,1.0,4,4,3
CUST101797,Siti Rahman,2025-05-16,Singapore,Budget,35-44,2026-07-25,6,884.72,147.45,4,4,439,0.0,1,3,2
CUST101798,Priya Chong,2025-07-14,Thailand,Budget,25-34,2026-02-28,6,1132.06,188.68,4,151,380,1.0,4,3,2
CUST101799,Kumar Nair,2024-09-06,Thailand,Mainstream,25-34,2026-06-25,12,1835.16,152.93,6,34,691,0.0,2,1,1
CUST101800,Farhan Nair,2025-10-03,Singapore,Mainstream,25-34,2026-05-12,8,1021.63,127.7,6,78,299,0.0,3,2,2
CUST101801,Nur Aisyah Nair,2025-11-09,Singapore,Budget,35-44,2026-05-21,3,1300.46,433.49,2,69,262,0.0,3,4,2
CUST101802,Chen Wei Bin Abdullah,2025-01-06,Malaysia,Budget,25-34,2026-06-13,5,359.32,71.86,4,46,569,0.0,3,3,4
CUST101803,Priya Yusof,2025-07-10,Singapore,Mainstream,55+,2026-07-04,9,1989.89,221.1,6,25,384,0.0,2,2,1
CUST101804,Zhi Hao Yusof,2025-02-21,Malaysia,Budget,25-34,2026-06-14,5,1685.75,337.15,3,45,523,0.0,3,3,1
CUST101805,Divya Yusof,2025-03-09,Malaysia,Premium,25-34,2026-06-28,20,1777.6,88.88,6,31,507,0.0,2,1,1
CUST101806,Zhi Hao Lim,2024-11-24,Singapore,Mainstream,55+,2026-06-15,3,520.31,173.44,2,44,612,0.0,3,4,3
CUST101807,Xin Yi Lee,2025-12-10,Singapore,Budget,45-54,2026-05-13,4,802.42,200.6,4,77,231,0.0,3,4,3
CUST101808,Hui Ling Lee,2026-06-07,Singapore,Mainstream,25-34,2026-05-25,7,441.86,63.12,4,65,52,0.0,3,2,4
CUST101809,Farhan Lim,2025-08-15,Thailand,Budget,35-44,2026-07-16,2,56.75,28.38,1,13,348,0.0,1,4,4
CUST101810,Nabila Binte Ismail,2025-04-13,Malaysia,Premium,45-54,2026-06-11,13,1831.42,140.88,6,48,472,0.0,3,1,1
CUST101811,Priya Lee,2024-12-10,Malaysia,Premium,35-44,2026-02-28,6,1045.7,174.28,5,151,596,1.0,4,3,2
CUST101812,Haziq Chua,2026-01-16,Singapore,Mainstream,35-44,2026-05-20,4,901.6,225.4,4,70,194,0.0,3,4,2
CUST101813,Xin Yi Binte Ismail,2025-01-31,Indonesia,Mainstream,35-44,2026-06-24,9,1307.37,145.26,4,35,544,0.0,2,2,2
CUST101814,Haziq Osman,2024-11-29,Singapore,Premium,55+,2026-07-15,12,1673.42,139.45,5,14,607,0.0,1,1,1
CUST101815,Mei Ling Chong,2024-12-16,Singapore,Mainstream,35-44,2026-03-12,3,191.79,63.93,2,139,590,1.0,4,4,4
CUST101816,Wei Ming Chua,2024-12-17,Indonesia,Premium,25-34,2026-07-26,15,2564.0,170.93,7,3,589,0.0,1,1,1
CUST101817,Nabila Kaur,2024-08-08,Indonesia,Budget,35-44,2026-06-12,5,885.04,177.01,4,47,720,0.0,3,3,2
CUST101818,Ahmad Kaur,2025-04-03,Singapore,Premium,35-44,2026-05-30,17,2502.13,147.18,7,60,482,0.0,3,1,1
CUST101819,Hui Ling Nair,2025-11-01,Malaysia,Mainstream,35-44,2026-07-04,11,1629.88,148.17,6,25,270,0.0,2,1,1
CUST101820,Ravi Muthu,2025-09-14,Thailand,Budget,25-34,2026-06-08,5,404.51,80.9,4,51,318,0.0,3,3,4
CUST101821,Chen Wei Kaur,2025-01-30,Singapore,Premium,35-44,2026-07-13,9,2698.19,299.8,6,16,545,0.0,1,2,1
CUST101822,Nabila Kaur,2026-02-07,Singapore,Mainstream,25-34,2026-02-27,2,92.12,46.06,2,152,172,1.0,4,4,4
CUST101823,Zhi Hao Nair,2025-05-15,Malaysia,Premium,55+,2026-06-26,16,1798.34,112.4,7,33,440,0.0,2,1,1
CUST101824,Nabila Chua,2025-06-06,Singapore,Budget,25-34,2026-07-08,6,694.53,115.76,5,21,418,0.0,2,3,3
CUST101825,Arif Lim,2025-03-30,Malaysia,Mainstream,35-44,2026-05-24,9,891.36,99.04,5,66,486,0.0,3,2,2
CUST101826,Farhan Kaur,2025-09-25,Indonesia,Mainstream,35-44,2026-07-29,4,324.99,81.25,3,0,307,0.0,1,4,4
CUST101827,Aina Kaur,2025-02-04,Malaysia,Budget,18-24,2026-05-03,5,335.47,67.09,3,87,540,0.0,4,3,4
CUST101828,Ahmad Muthu,2026-06-07,Malaysia,Mainstream,25-34,2026-06-20,6,1328.58,221.43,5,39,52,0.0,3,3,2
CUST101829,Priya Kaur,2025-01-28,Malaysia,Mainstream,18-24,2026-07-25,9,1902.81,211.42,5,4,547,0.0,1,2,1
CUST101830,Divya Kaur,2024-12-14,Indonesia,Budget,45-54,2026-06-17,8,902.36,112.8,5,42,592,0.0,3,2,2
CUST101831,Nabila Goh,2024-10-21,Singapore,Mainstream,35-44,2026-05-16,8,2318.52,289.82,4,74,646,0.0,3,2,1
CUST101832,Ahmad Lee,2024-09-24,Singapore,Budget,18-24,2025-12-11,3,678.64,226.21,2,230,673,1.0,4,4,3
CUST101833,Divya Bin Abdullah,2025-11-16,Indonesia,Mainstream,35-44,2026-03-31,6,1504.68,250.78,5,120,255,1.0,4,3,1
CUST101834,Farhan Binte Ismail,2026-06-26,Singapore,Premium,55+,2026-06-12,21,1987.07,94.62,7,47,33,0.0,3,1,1
CUST101835,Arif Lim,2025-04-08,Singapore,Mainstream,25-34,2026-05-31,5,1183.59,236.72,5,59,477,0.0,3,3,2
CUST101836,Divya Tan,2026-05-25,Singapore,Mainstream,45-54,2026-06-30,11,2414.1,219.46,6,29,65,0.0,2,1,1
CUST101837,Zhi Hao Lee,2026-01-06,Indonesia,Budget,25-34,2025-09-14,3,683.24,227.75,3,318,204,1.0,4,4,3
CUST101838,Jia Xin Chua,2025-03-04,Singapore,Budget,18-24,2026-07-12,9,1813.96,201.55,7,17,512,0.0,2,2,1
CUST101839,Ahmad Chua,2025-05-21,Indonesia,Premium,35-44,2026-05-09,9,1586.3,176.26,5,81,434,0.0,3,2,1
CUST101840,Ravi Tan,2025-05-13,Indonesia,Budget,25-34,2026-06-22,4,167.12,41.78,3,37,442,0.0,2,4,4
CUST101841,Siti Chong,2025-01-27,Malaysia,Budget,45-54,2026-07-17,3,252.05,84.02,3,12,548,0.0,1,4,4
CUST101842,Nabila Bin Abdullah,2026-03-31,Singapore,Budget,35-44,2026-05-26,2,197.56,98.78,2,64,120,0.0,3,4,4
CUST101843,Arif Goh,2024-12-29,Indonesia,Mainstream,35-44,2026-05-04,6,1181.67,196.94,5,86,577,0.0,4,3,2
CUST101844,Nabila Bin Abdullah,2025-05-27,Singapore,Mainstream,35-44,2026-04-20,7,316.29,45.18,5,100,428,1.0,4,2,4
CUST101845,Farhan Nair,2025-09-26,Thailand,Budget,35-44,2026-05-14,7,659.3,94.19,5,76,306,0.0,3,2,3
CUST101846,Nur Aisyah Rahman,2025-08-25,Indonesia,Budget,35-44,2026-03-26,7,2400.28,342.9,3,125,338,1.0,4,2,1
CUST101847,Jia Xin Nair,2025-07-23,Singapore,Budget,35-44,2026-06-22,4,1194.79,298.7,3,37,371,0.0,2,4,2
CUST101848,Priya Lee,2025-06-23,Indonesia,Budget,45-54,2026-07-02,6,501.91,83.65,3,27,401,0.0,2,3,3
CUST101849,Kumar Chua,2025-11-28,Malaysia,Budget,35-44,2026-06-05,4,230.71,57.68,3,54,243,0.0,3,4,4
CUST101850,Nur Aisyah Binte Ismail,2026-02-17,Malaysia,Mainstream,25-34,2026-07-24,9,1311.65,145.74,6,5,162,0.0,1,2,2
CUST101851,Siti Muthu,2026-03-28,Malaysia,Mainstream,25-34,2026-01-25,3,877.17,292.39,3,185,123,1.0,4,4,2
CUST101852,Chen Wei Kaur,2025-11-23,Malaysia,Budget,25-34,2026-06-15,6,1601.66,266.94,2,44,248,0.0,3,3,1
CUST101853,Nur Aisyah Chua,2026-01-20,Indonesia,Mainstream,25-34,2026-06-11,13,1613.43,124.11,6,48,190,0.0,3,1,1
CUST101854,Mei Ling Osman,2025-07-18,Thailand,Mainstream,25-34,2026-07-12,8,795.21,99.4,3,17,376,0.0,2,2,3
CUST101855,Jia Xin Goh,2024-10-02,Singapore,Budget,25-34,2026-07-16,5,295.98,59.2,4,13,665,0.0,1,3,4
CUST101856,Haziq Binte Ismail,2026-05-12,Malaysia,Budget,18-24,2026-07-16,2,53.84,26.92,1,13,78,0.0,1,4,4
CUST101857,Ravi Rahman,2025-12-16,Indonesia,Mainstream,45-54,2026-07-14,11,845.72,76.88,6,15,225,0.0,1,1,3
CUST101858,Priya Binte Ismail,2026-06-24,Indonesia,Budget,45-54,2025-10-20,3,149.58,49.86,3,282,35,1.0,4,4,4
CUST101859,Aina Binte Ismail,2024-08-17,Malaysia,Mainstream,25-34,2026-07-24,8,2130.48,266.31,4,5,711,0.0,1,2,1
CUST101860,Zhi Hao Chong,2025-03-05,Malaysia,Mainstream,55+,2026-07-14,9,890.91,98.99,5,15,511,0.0,1,2,2
CUST101861,Xin Yi Goh,2026-02-03,Indonesia,Premium,55+,2026-05-29,7,1124.16,160.59,7,61,176,0.0,3,2,2
CUST101862,Wei Ming Goh,2025-09-30,Singapore,Budget,45-54,2026-07-29,4,299.25,74.81,2,0,302,0.0,1,4,4
CUST101863,Arif Kaur,2025-02-17,Singapore,Budget,18-24,2026-06-28,6,441.75,73.62,4,31,527,0.0,2,3,4
CUST101864,Priya Nair,2024-08-29,Malaysia,Premium,25-34,2026-07-17,12,2983.36,248.61,4,12,699,0.0,1,1,1
CUST101865,Ravi Osman,2025-06-06,Singapore,Mainstream,25-34,2026-07-20,11,2053.71,186.7,7,9,418,0.0,1,1,1
CUST101866,Farhan Muthu,2026-01-13,Singapore,Budget,35-44,2026-07-12,4,651.77,162.94,3,17,197,0.0,2,4,3
CUST101867,Priya Binte Ismail,2025-03-08,Singapore,Mainstream,35-44,2026-04-09,6,1594.05,265.68,5,111,508,1.0,4,3,1
CUST101868,Jia Xin Kaur,2025-03-16,Indonesia,Budget,35-44,2026-07-26,3,710.97,236.99,3,3,500,0.0,1,4,3
CUST101869,Aina Osman,2025-04-15,Thailand,Mainstream,45-54,2026-06-27,8,1953.91,244.24,4,32,470,0.0,2,2,1
CUST101870,Siti Rahman,2026-06-26,Malaysia,Premium,55+,2026-06-12,16,1560.24,97.52,7,47,33,0.0,3,1,1
CUST101871,Chen Wei Lee,2025-03-01,Singapore,Mainstream,35-44,2026-06-05,8,826.73,103.34,6,54,515,0.0,3,2,3
CUST101872,Siti Goh,2026-07-15,Indonesia,Mainstream,45-54,2026-07-20,8,858.19,107.27,6,9,14,0.0,1,2,3
CUST101873,Farhan Goh,2024-10-06,Singapore,Premium,45-54,2026-05-01,12,1279.68,106.64,7,89,661,0.0,4,1,2
CUST101874,Chen Wei Muthu,2024-10-24,Thailand,Mainstream,25-34,2026-06-09,11,1395.05,126.82,5,50,643,0.0,3,1,2
CUST101875,Divya Chua,2025-06-13,Malaysia,Budget,45-54,2026-06-23,2,620.45,310.22,2,36,411,0.0,2,4,3
CUST101876,Nabila Rahman,2025-04-14,Singapore,Mainstream,18-24,2026-02-18,5,1106.53,221.31,3,161,471,1.0,4,3,2
CUST101877,Wei Ming Rahman,2026-06-10,Malaysia,Budget,25-34,2025-11-14,2,878.44,439.22,2,257,49,1.0,4,4,2
CUST101878,Zhi Hao Chong,2024-10-29,Singapore,Budget,55+,2026-07-01,3,939.21,313.07,3,28,638,0.0,2,4,2
CUST101879,Hui Ling Chong,2026-01-13,Indonesia,Mainstream,25-34,2026-05-29,4,926.76,231.69,3,61,197,0.0,3,4,2
CUST101880,Nur Aisyah Kaur,2026-01-19,Singapore,Budget,25-34,2026-07-27,3,144.0,48.0,3,2,191,0.0,1,4,4
CUST101881,Divya Nair,2025-02-28,Thailand,Budget,55+,2026-06-20,3,199.84,66.61,3,39,516,0.0,3,4,4
CUST101882,Farhan Lee,2024-09-12,Indonesia,Mainstream,25-34,2026-06-22,12,1330.98,110.92,5,37,685,0.0,2,1,2
CUST101883,Aina Chua,2025-08-03,Thailand,Budget,25-34,2026-02-15,6,338.46,56.41,3,164,360,1.0,4,3,4
CUST101884,Haziq Wong,2025-07-24,Thailand,Mainstream,18-24,2026-06-21,4,404.8,101.2,4,38,370,0.0,2,4,4
CUST101885,Farhan Rahman,2025-06-24,Singapore,Budget,35-44,2026-05-31,3,374.05,124.68,3,59,400,0.0,3,4,4
CUST101886,Ahmad Lim,2025-12-29,Malaysia,Mainstream,25-34,2026-06-12,5,481.77,96.35,4,47,212,0.0,3,3,3
CUST101887,Farhan Bin Abdullah,2025-05-20,Indonesia,Premium,18-24,2026-07-19,12,1378.59,114.88,7,10,435,0.0,1,1,2
CUST101888,Ahmad Osman,2024-08-27,Malaysia,Budget,45-54,2026-05-21,5,735.12,147.02,4,69,701,0.0,3,3,3
CUST101889,Nabila Lee,2025-10-23,Singapore,Mainstream,25-34,2026-06-25,4,373.68,93.42,4,34,279,0.0,2,4,4
CUST101890,Hui Ling Binte Ismail,2025-01-11,Singapore,Budget,35-44,2026-01-17,5,477.38,95.48,4,193,564,1.0,4,3,3
CUST101891,Arif Chua,2025-01-11,Singapore,Budget,18-24,2026-03-12,6,1141.95,190.32,4,139,564,1.0,4,3,2
CUST101892,Nabila Chong,2024-11-15,Thailand,Budget,35-44,2025-11-27,3,251.53,83.84,2,244,621,1.0,4,4,4
CUST101893,Nur Aisyah Tan,2025-02-16,Malaysia,Budget,35-44,2026-06-02,2,127.5,63.75,1,57,528,0.0,3,4,4
CUST101894,Nabila Rahman,2024-09-25,Indonesia,Budget,25-34,2026-07-18,4,233.01,58.25,4,11,672,0.0,1,4,4
CUST101895,Arif Bin Abdullah,2025-02-23,Thailand,Mainstream,25-34,2026-05-26,8,2135.28,266.91,5,64,521,0.0,3,2,1
CUST101896,Kumar Nair,2024-08-16,Singapore,Mainstream,25-34,2026-07-21,8,876.41,109.55,5,8,712,0.0,1,2,2
CUST101897,Suresh Rahman,2025-02-22,Indonesia,Premium,18-24,2026-04-29,6,443.35,73.89,4,91,522,1.0,4,3,4
CUST101898,Aina Tan,2024-11-26,Singapore,Premium,18-24,2026-05-29,8,904.63,113.08,7,61,610,0.0,3,2,2
CUST101899,Wei Ming Tan,2024-10-18,Singapore,Budget,35-44,2026-06-21,6,425.46,70.91,4,38,649,0.0,2,3,4
CUST101900,Chen Wei Chong,2024-08-11,Singapore,Budget,18-24,2026-06-21,5,406.89,81.38,4,38,717,0.0,2,3,4
CUST101901,Haziq Tan,2025-05-21,Singapore,Budget,25-34,2026-06-15,2,176.04,88.02,2,44,434,0.0,3,4,4
CUST101902,Wei Ming Osman,2025-02-26,Malaysia,Mainstream,25-34,2026-06-06,8,1347.9,168.49,7,53,518,0.0,3,2,2
CUST101903,Arif Bin Abdullah,2024-08-23,Malaysia,Premium,45-54,2026-05-17,8,837.77,104.72,5,73,705,0.0,3,2,3
CUST101904,Ahmad Nair,2025-10-25,Singapore,Budget,25-34,2026-07-10,5,307.26,61.45,3,19,277,0.0,2,3,4
CUST101905,Siti Lee,2026-05-03,Singapore,Budget,35-44,2026-03-25,4,1286.94,321.74,3,126,87,1.0,4,4,2
CUST101906,Aina Lee,2024-10-22,Indonesia,Budget,35-44,,0,0.0,0.0,0,9999,645,,4,4,4
CUST101907,Jia Xin Lim,2025-04-24,Singapore,Premium,25-34,2026-05-18,6,992.53,165.42,4,72,461,0.0,3,3,2
CUST101908,Mei Ling Osman,2025-09-20,Indonesia,Mainstream,25-34,2026-06-22,11,1693.95,154.0,5,37,312,0.0,2,1,1
CUST101909,Zhi Hao Muthu,2025-02-21,Thailand,Mainstream,25-34,2026-06-18,8,888.03,111.0,4,41,523,0.0,3,2,2
CUST101910,Arif Tan,2026-07-06,Indonesia,Mainstream,35-44,2026-02-14,5,561.66,112.33,4,165,23,1.0,4,3,3
CUST101911,Ahmad Bin Abdullah,2025-08-15,Malaysia,Budget,25-34,2026-04-26,3,333.33,111.11,3,94,348,1.0,4,4,4
CUST101912,Divya Muthu,2026-01-17,Indonesia,Budget,18-24,2026-06-07,2,453.35,226.68,1,52,193,0.0,3,4,4
CUST101913,Priya Chong,2025-12-31,Indonesia,Mainstream,55+,2026-07-25,7,1837.87,262.55,4,4,210,0.0,1,2,1
CUST101914,Aina Bin Abdullah,2024-08-21,Thailand,Mainstream,35-44,2026-06-29,9,1253.86,139.32,6,30,707,0.0,2,2,2
CUST101915,Suresh Binte Ismail,2025-06-23,Thailand,Budget,18-24,2026-07-24,7,452.36,64.62,5,5,401,0.0,1,2,4
CUST101916,Haziq Nair,2026-04-18,Malaysia,Budget,45-54,2025-12-23,3,228.84,76.28,2,218,102,1.0,4,4,4
CUST101917,Arif Yusof,2025-11-05,Malaysia,Budget,25-34,,0,0.0,0.0,0,9999,266,,4,4,4
CUST101918,Nur Aisyah Chong,2026-02-02,Indonesia,Budget,18-24,2026-07-28,7,436.58,62.37,3,1,177,0.0,1,2,4
CUST101919,Nabila Goh,2024-10-04,Singapore,Budget,25-34,2026-06-10,3,224.34,74.78,3,49,663,0.0,3,4,4
CUST101920,Suresh Kaur,2025-12-29,Malaysia,Budget,55+,2026-07-27,4,334.27,83.57,3,2,212,0.0,1,4,4
CUST101921,Divya Rahman,2025-11-11,Indonesia,Mainstream,25-34,2026-06-19,6,458.66,76.44,5,40,260,0.0,3,3,4
CUST101922,Chen Wei Kaur,2025-11-28,Indonesia,Mainstream,45-54,2026-07-19,8,2354.95,294.37,4,10,243,0.0,1,2,1
CUST101923,Xin Yi Wong,2026-03-23,Malaysia,Mainstream,35-44,2026-05-21,8,1264.0,158.0,5,69,128,0.0,3,2,2
CUST101924,Ravi Binte Ismail,2025-01-06,Singapore,Mainstream,35-44,2026-07-24,8,573.06,71.63,4,5,569,0.0,1,2,3
CUST101925,Ravi Tan,2025-06-04,Singapore,Premium,25-34,2026-06-19,13,1171.55,90.12,7,40,420,0.0,3,1,2
CUST101926,Arif Wong,2025-09-14,Malaysia,Premium,18-24,2026-07-09,10,680.97,68.1,5,20,318,0.0,2,1,3
CUST101927,Mei Ling Yusof,2025-10-13,Thailand,Budget,35-44,2026-06-19,4,287.31,71.83,2,40,289,0.0,3,4,4
CUST101928,Jia Xin Tan,2025-03-30,Thailand,Budget,25-34,2026-03-12,2,465.52,232.76,2,139,486,1.0,4,4,3
CUST101929,Priya Lee,2026-05-20,Malaysia,Budget,35-44,2026-02-10,3,948.12,316.04,3,169,70,1.0,4,4,2
CUST101930,Ahmad Nair,2024-09-17,Singapore,Premium,18-24,2026-06-09,11,1420.23,129.11,6,50,680,0.0,3,1,1
CUST101931,Siti Nair,2025-06-12,Indonesia,Budget,45-54,2026-06-30,6,1389.95,231.66,4,29,412,0.0,2,3,2
CUST101932,Zhi Hao Chua,2026-02-13,Indonesia,Budget,35-44,2026-07-26,7,1101.97,157.42,6,3,166,0.0,1,2,2
CUST101933,Ahmad Osman,2025-07-02,Malaysia,Mainstream,35-44,2026-07-14,4,205.14,51.28,3,15,392,0.0,1,4,4
CUST101934,Siti Yusof,2024-11-15,Malaysia,Mainstream,35-44,2026-07-22,8,1573.56,196.7,5,7,621,0.0,1,2,1
CUST101935,Wei Ming Lim,2026-03-25,Singapore,Mainstream,25-34,2026-07-15,8,1403.55,175.44,6,14,126,0.0,1,2,2
CUST101936,Suresh Kaur,2025-07-12,Indonesia,Mainstream,25-34,2026-07-10,9,941.89,104.65,6,19,382,0.0,2,2,2
CUST101937,Zhi Hao Nair,2025-05-19,Malaysia,Mainstream,18-24,2026-07-12,7,516.48,73.78,4,17,436,0.0,2,2,3
CUST101938,Aina Binte Ismail,2024-12-15,Malaysia,Premium,35-44,2026-07-17,11,1901.01,172.82,6,12,591,0.0,1,1,1
CUST101939,Nur Aisyah Tan,2025-06-10,Thailand,Budget,18-24,2026-06-18,5,613.93,122.79,4,41,414,0.0,3,3,3
CUST101940,Suresh Binte Ismail,2025-02-07,Indonesia,Premium,18-24,2026-07-28,13,1005.23,77.33,6,1,537,0.0,1,1,2
CUST101941,Divya Lee,2025-01-11,Thailand,Mainstream,18-24,2026-01-27,9,558.18,62.02,5,183,564,1.0,4,2,3
CUST101942,Nur Aisyah Lee,2024-10-17,Malaysia,Budget,25-34,2026-03-08,4,553.83,138.46,4,143,650,1.0,4,4,3
CUST101943,Hui Ling Bin Abdullah,2025-11-08,Malaysia,Premium,35-44,2026-07-28,12,1054.81,87.9,5,1,263,0.0,1,1,2
CUST101944,Arif Osman,2025-03-03,Thailand,Premium,35-44,2026-05-25,17,3242.68,190.75,6,65,513,0.0,3,1,1
CUST101945,Divya Muthu,2026-01-29,Thailand,Mainstream,25-34,2026-07-23,6,1242.25,207.04,5,6,181,0.0,1,3,2
CUST101946,Farhan Binte Ismail,2024-11-20,Thailand,Premium,25-34,2026-06-20,9,547.93,60.88,5,39,616,0.0,3,2,3
CUST101947,Zhi Hao Muthu,2024-09-03,Indonesia,Budget,35-44,2026-07-27,4,1114.44,278.61,2,2,694,0.0,1,4,2
CUST101948,Ahmad Tan,2025-12-27,Malaysia,Budget,35-44,2026-07-28,2,628.25,314.12,2,1,214,0.0,1,4,3
CUST101949,Priya Muthu,2025-06-15,Singapore,Budget,45-54,2025-11-25,1,213.01,213.01,1,246,409,1.0,4,4,4
CUST101950,Ahmad Goh,2024-12-06,Malaysia,Premium,45-54,2026-07-24,18,2378.35,132.13,6,5,600,0.0,1,1,1
CUST101951,Ahmad Tan,2026-07-10,Thailand,Mainstream,45-54,2026-07-02,5,760.55,152.11,3,27,19,0.0,2,3,3
CUST101952,Suresh Chua,2025-03-02,Malaysia,Premium,45-54,2026-07-15,11,591.91,53.81,5,14,514,0.0,1,1,3
CUST101953,Ravi Goh,2024-12-07,Indonesia,Mainstream,45-54,2026-07-24,12,1399.78,116.65,5,5,599,0.0,1,1,2
CUST101954,Nur Aisyah Muthu,2024-11-01,Thailand,Mainstream,35-44,2026-06-26,4,289.86,72.46,3,33,635,0.0,2,4,4
CUST101955,Siti Goh,2026-03-08,Thailand,Budget,35-44,2026-07-13,5,422.84,84.57,3,16,143,0.0,1,3,4
CUST101956,Nur Aisyah Chong,2025-01-23,Thailand,Budget,35-44,2026-05-18,7,926.42,132.35,5,72,552,0.0,3,2,2
CUST101957,Xin Yi Lim,2025-01-02,Malaysia,Mainstream,25-34,2026-06-24,9,1192.56,132.51,6,35,573,0.0,2,2,2
CUST101958,Hui Ling Osman,2026-07-27,Malaysia,Mainstream,25-34,2026-07-03,9,1747.98,194.22,5,26,2,0.0,2,2,1
CUST101959,Hui Ling Nair,2025-03-02,Thailand,Budget,55+,2026-06-27,5,1114.57,222.91,4,32,514,0.0,2,3,2
CUST101960,Chen Wei Nair,2025-04-28,Singapore,Premium,35-44,2026-07-21,10,1048.31,104.83,5,8,457,0.0,1,1,2
CUST101961,Mei Ling Lee,2024-08-21,Singapore,Mainstream,18-24,2026-07-07,6,1418.8,236.47,5,22,707,0.0,2,3,1
CUST101962,Zhi Hao Chong,2026-06-28,Thailand,Budget,25-34,2025-11-30,2,192.06,96.03,2,241,31,1.0,4,4,4
CUST101963,Ahmad Bin Abdullah,2024-08-24,Indonesia,Premium,25-34,2026-07-29,15,1420.1,94.67,7,0,704,0.0,1,1,1
CUST101964,Aina Chua,2025-06-07,Malaysia,Mainstream,25-34,2026-07-24,7,1817.4,259.63,5,5,417,0.0,1,2,1
CUST101965,Ravi Lim,2026-01-10,Singapore,Mainstream,35-44,2026-06-27,10,1208.42,120.84,6,32,200,0.0,2,1,2
CUST101966,Ravi Yusof,2025-10-20,Malaysia,Budget,35-44,2026-07-14,9,1041.11,115.68,3,15,282,0.0,1,2,2
CUST101967,Nur Aisyah Osman,2025-01-16,Thailand,Budget,35-44,2026-06-11,4,952.72,238.18,3,48,559,0.0,3,4,2
CUST101968,Ahmad Kaur,2024-08-01,Malaysia,Budget,18-24,2026-05-18,3,655.27,218.42,2,72,727,0.0,3,4,3
CUST101969,Ravi Kaur,2025-12-10,Malaysia,Mainstream,25-34,2026-05-12,14,1028.07,73.43,4,78,231,0.0,3,1,2
CUST101970,Ahmad Rahman,2024-08-10,Malaysia,Mainstream,18-24,2026-05-07,6,1469.54,244.92,5,83,718,0.0,4,3,1
CUST101971,Chen Wei Goh,2025-04-26,Thailand,Premium,25-34,2026-04-15,12,673.2,56.1,4,105,459,1.0,4,1,3
CUST101972,Arif Yusof,2026-03-11,Thailand,Premium,35-44,2026-07-29,17,3363.8,197.87,7,0,140,0.0,1,1,1
CUST101973,Wei Ming Wong,2025-05-19,Malaysia,Budget,18-24,,0,0.0,0.0,0,9999,436,,4,4,4
CUST101974,Nabila Bin Abdullah,2024-12-21,Malaysia,Premium,55+,2026-07-09,11,736.32,66.94,6,20,585,0.0,2,1,3
CUST101975,Jia Xin Binte Ismail,2026-06-20,Singapore,Budget,35-44,2025-11-02,3,175.98,58.66,3,269,39,1.0,4,4,4
CUST101976,Ravi Lee,2026-06-02,Malaysia,Budget,25-34,2026-02-11,5,537.18,107.44,3,168,57,1.0,4,3,3
CUST101977,Divya Goh,2026-07-26,Singapore,Mainstream,25-34,2026-06-27,12,1611.75,134.31,6,32,3,0.0,2,1,1
CUST101978,Ahmad Chua,2025-06-08,Malaysia,Premium,18-24,2026-06-28,18,1509.32,83.85,7,31,416,0.0,2,1,1
CUST101979,Hui Ling Binte Ismail,2026-06-17,Malaysia,Premium,18-24,2026-07-09,10,1537.55,153.76,5,20,42,0.0,2,1,1
CUST101980,Chen Wei Osman,2024-09-17,Singapore,Mainstream,55+,2026-06-14,5,1437.39,287.48,4,45,680,0.0,3,3,1
CUST101981,Aina Wong,2026-04-27,Singapore,Budget,35-44,2026-05-31,4,300.66,75.17,2,59,93,0.0,3,4,4
CUST101982,Nur Aisyah Osman,2026-06-07,Singapore,Budget,45-54,2026-07-16,8,1344.27,168.03,4,13,52,0.0,1,2,2
CUST101983,Xin Yi Binte Ismail,2026-01-22,Singapore,Budget,35-44,2026-07-08,3,238.34,79.45,2,21,188,0.0,2,4,4
CUST101984,Divya Nair,2025-01-18,Indonesia,Mainstream,45-54,2026-06-27,6,1100.39,183.4,6,32,557,0.0,2,3,2
CUST101985,Mei Ling Muthu,2024-10-05,Singapore,Mainstream,45-54,2026-07-23,9,1260.0,140.0,4,6,662,0.0,1,2,2
CUST101986,Arif Binte Ismail,2026-01-27,Singapore,Budget,18-24,2026-01-12,1,259.85,259.85,1,198,183,1.0,4,4,4
CUST101987,Hui Ling Yusof,2025-07-16,Thailand,Mainstream,25-34,2026-07-29,11,1713.62,155.78,5,0,378,0.0,1,1,1
CUST101988,Zhi Hao Goh,2025-01-11,Singapore,Mainstream,25-34,2026-06-08,5,456.46,91.29,3,51,564,0.0,3,3,4
CUST101989,Ahmad Bin Abdullah,2024-12-25,Thailand,Mainstream,25-34,2026-04-14,4,289.11,72.28,3,106,581,1.0,4,4,4
CUST101990,Mei Ling Lim,2026-04-09,Malaysia,Budget,35-44,2026-07-27,4,173.58,43.4,3,2,111,0.0,1,4,4
CUST101991,Aina Yusof,2024-11-25,Indonesia,Budget,25-34,2026-07-20,5,321.13,64.23,4,9,611,0.0,1,3,4
CUST101992,Suresh Wong,2024-11-03,Malaysia,Mainstream,45-54,2026-04-16,8,988.78,123.6,5,104,633,1.0,4,2,2
CUST101993,Priya Lim,2025-02-08,Singapore,Mainstream,18-24,2026-04-27,7,698.69,99.81,6,93,536,1.0,4,2,3
CUST101994,Farhan Kaur,2025-07-10,Indonesia,Budget,45-54,2026-05-24,2,50.37,25.18,2,66,384,0.0,3,4,4
CUST101995,Xin Yi Chua,2025-10-17,Indonesia,Budget,25-34,2026-05-30,4,469.04,117.26,3,60,285,0.0,3,4,3
CUST101996,Arif Rahman,2024-10-18,Singapore,Premium,18-24,2026-06-29,14,2623.06,187.36,6,30,649,0.0,2,1,1
CUST101997,Ahmad Wong,2024-11-06,Indonesia,Mainstream,45-54,2026-05-02,7,1254.2,179.17,6,88,630,0.0,4,2,2
CUST101998,Wei Ming Osman,2025-07-16,Malaysia,Budget,25-34,2026-07-07,4,391.19,97.8,4,22,378,0.0,2,4,4
CUST101999,Ravi Kaur,2025-02-03,Thailand,Mainstream,35-44,2026-05-28,7,902.58,128.94,6,62,541,0.0,3,2,2
CUST102000,Priya Osman,2025-10-11,Indonesia,Mainstream,45-54,2026-04-11,5,168.92,33.78,3,109,291,1.0,4,3,4
CUST102001,Wei Ming Lee,2025-02-02,Singapore,Budget,18-24,2026-07-28,4,875.39,218.85,4,1,542,0.0,1,4,2
CUST102002,Haziq Goh,2026-05-25,Thailand,Budget,25-34,2025-09-30,3,233.83,77.94,2,302,65,1.0,4,4,4
CUST102003,Kumar Nair,2024-10-09,Thailand,Premium,18-24,2026-07-21,9,682.53,75.84,6,8,658,0.0,1,2,3
CUST102004,Nur Aisyah Lim,2025-07-18,Indonesia,Mainstream,18-24,2026-07-09,13,1633.07,125.62,6,20,376,0.0,2,1,1
CUST102005,Jia Xin Muthu,2025-05-18,Singapore,Budget,55+,2026-04-27,4,573.48,143.37,3,93,437,1.0,4,4,3
CUST102006,Aina Kaur,2026-03-13,Indonesia,Mainstream,45-54,2026-07-17,14,1722.45,123.03,5,12,138,0.0,1,1,1
CUST102007,Kumar Bin Abdullah,2025-07-09,Malaysia,Mainstream,25-34,2026-02-28,8,730.4,91.3,3,151,385,1.0,4,2,3
CUST102008,Kumar Bin Abdullah,2026-07-27,Singapore,Mainstream,35-44,2026-04-08,4,939.92,234.98,4,112,2,1.0,4,4,2
CUST102009,Nur Aisyah Yusof,2024-10-18,Thailand,Budget,55+,2026-06-18,3,617.4,205.8,3,41,649,0.0,3,4,3
CUST102010,Arif Tan,2025-01-29,Malaysia,Budget,25-34,2026-05-02,5,581.96,116.39,4,88,546,0.0,4,3,3
CUST102011,Ahmad Rahman,2025-09-01,Thailand,Budget,18-24,2026-06-17,2,51.37,25.68,2,42,331,0.0,3,4,4
CUST102012,Mei Ling Bin Abdullah,2024-11-26,Indonesia,Premium,45-54,2026-07-28,15,2570.23,171.35,6,1,610,0.0,1,1,1
CUST102013,Siti Lee,2024-12-14,Singapore,Mainstream,35-44,2026-07-23,9,687.82,76.42,5,6,592,0.0,1,2,3
CUST102014,Aina Lee,2026-05-04,Thailand,Mainstream,25-34,2026-07-01,9,1028.35,114.26,5,28,86,0.0,2,2,2
CUST102015,Ahmad Kaur,2026-06-20,Malaysia,Budget,35-44,2026-06-22,3,471.35,157.12,3,37,39,0.0,2,4,3
CUST102016,Kumar Rahman,2026-01-25,Malaysia,Mainstream,25-34,2026-06-06,7,1159.54,165.65,5,53,185,0.0,3,2,2
CUST102017,Farhan Tan,2026-07-29,Malaysia,Mainstream,35-44,2026-05-25,6,606.54,101.09,4,65,0,0.0,3,3,3
CUST102018,Aina Nair,2025-06-06,Singapore,Mainstream,35-44,2026-07-14,12,3018.74,251.56,5,15,418,0.0,1,1,1
CUST102019,Priya Wong,2025-07-09,Indonesia,Budget,25-34,2026-04-24,2,258.75,129.38,2,96,385,1.0,4,4,4
CUST102020,Priya Nair,2025-07-02,Malaysia,Mainstream,45-54,2026-07-13,8,1363.27,170.41,5,16,392,0.0,1,2,2
CUST102021,Xin Yi Lim,2026-06-06,Thailand,Budget,35-44,2026-07-15,6,476.62,79.44,5,14,53,0.0,1,3,3
CUST102022,Farhan Tan,2024-09-27,Thailand,Budget,35-44,2026-06-06,5,554.2,110.84,4,53,670,0.0,3,3,3
CUST102023,Mei Ling Binte Ismail,2024-08-16,Indonesia,Mainstream,35-44,2026-05-27,6,1762.53,293.76,5,63,712,0.0,3,3,1
CUST102024,Priya Lee,2025-05-24,Singapore,Budget,25-34,2026-05-01,2,291.17,145.58,2,89,431,0.0,4,4,4
CUST102025,Priya Wong,2026-07-25,Indonesia,Budget,25-34,2026-07-11,4,379.43,94.86,2,18,4,0.0,2,4,4
CUST102026,Xin Yi Osman,2025-10-13,Singapore,Premium,25-34,2026-07-20,12,1012.61,84.38,6,9,289,0.0,1,1,2
CUST102027,Wei Ming Wong,2025-02-20,Indonesia,Budget,35-44,2026-04-07,4,960.77,240.19,4,113,524,1.0,4,4,2
CUST102028,Haziq Kaur,2025-01-29,Malaysia,Mainstream,35-44,2026-05-19,9,1732.12,192.46,6,71,546,0.0,3,2,1
CUST102029,Siti Chong,2026-02-02,Thailand,Mainstream,25-34,2026-06-12,6,468.4,78.07,4,47,177,0.0,3,3,3
CUST102030,Arif Tan,2024-12-06,Malaysia,Mainstream,55+,2026-04-21,6,2016.39,336.06,5,99,600,1.0,4,3,1
CUST102031,Zhi Hao Kaur,2024-08-22,Singapore,Budget,45-54,2026-07-26,9,840.84,93.43,5,3,706,0.0,1,2,3
CUST102032,Xin Yi Wong,2025-07-23,Thailand,Mainstream,18-24,2026-07-21,8,999.94,124.99,7,8,371,0.0,1,2,2
CUST102033,Suresh Lee,2025-10-24,Malaysia,Mainstream,25-34,2026-05-29,6,438.89,73.15,5,61,278,0.0,3,3,4
CUST102034,Ravi Lim,2025-07-10,Thailand,Budget,35-44,2026-04-08,3,191.0,63.67,2,112,384,1.0,4,4,4
CUST102035,Hui Ling Chua,2026-07-10,Thailand,Mainstream,18-24,2026-04-06,4,649.88,162.47,4,114,19,1.0,4,4,3
CUST102036,Haziq Goh,2025-07-12,Malaysia,Premium,55+,2026-06-04,10,2472.41,247.24,4,55,382,0.0,3,1,1
CUST102037,Priya Tan,2026-07-10,Malaysia,Budget,35-44,2026-05-03,3,153.84,51.28,3,87,19,0.0,4,4,4
CUST102038,Nabila Nair,2026-07-04,Malaysia,Budget,18-24,2026-07-11,7,762.67,108.95,5,18,25,0.0,2,2,3
CUST102039,Siti Chua,2025-06-21,Indonesia,Mainstream,25-34,2026-01-07,5,459.03,91.81,5,203,403,1.0,4,3,4
CUST102040,Chen Wei Rahman,2025-07-22,Thailand,Mainstream,25-34,2026-06-10,6,1214.03,202.34,4,49,372,0.0,3,3,2
CUST102041,Xin Yi Chua,2024-08-08,Singapore,Mainstream,35-44,2026-06-21,6,511.1,85.18,3,38,720,0.0,2,3,3
CUST102042,Ahmad Nair,2025-07-24,Indonesia,Budget,25-34,2026-07-27,5,319.85,63.97,4,2,370,0.0,1,3,4
CUST102043,Kumar Muthu,2024-08-13,Singapore,Budget,45-54,2026-06-16,5,240.97,48.19,4,43,715,0.0,3,3,4
CUST102044,Nabila Goh,2024-12-17,Malaysia,Mainstream,35-44,2026-07-08,7,802.28,114.61,5,21,589,0.0,2,2,3
CUST102045,Ravi Tan,2025-11-25,Indonesia,Premium,45-54,2026-07-29,10,1132.14,113.21,6,0,246,0.0,1,1,2
CUST102046,Jia Xin Lee,2024-09-21,Thailand,Budget,25-34,2026-07-27,3,535.97,178.66,3,2,676,0.0,1,4,3
CUST102047,Nabila Chong,2025-08-11,Malaysia,Premium,25-34,2026-06-21,7,419.42,59.92,4,38,352,0.0,2,2,4
CUST102048,Ahmad Bin Abdullah,2025-05-21,Malaysia,Budget,45-54,2025-12-08,3,236.71,78.9,2,233,434,1.0,4,4,4
CUST102049,Xin Yi Wong,2026-05-17,Singapore,Budget,25-34,2026-07-11,4,638.7,159.67,3,18,73,0.0,2,4,3
CUST102050,Hui Ling Goh,2026-02-24,Singapore,Mainstream,25-34,2026-07-24,6,359.04,59.84,5,5,155,0.0,1,3,4
CUST102051,Nur Aisyah Tan,2025-07-13,Malaysia,Budget,55+,2026-06-09,4,538.08,134.52,3,50,381,0.0,3,4,3
CUST102052,Hui Ling Lee,2026-01-12,Thailand,Mainstream,45-54,2026-04-05,4,258.68,64.67,3,115,198,1.0,4,4,4
CUST102053,Arif Osman,2025-05-18,Malaysia,Budget,45-54,2026-06-25,10,1779.6,177.96,6,34,437,0.0,2,1,1
CUST102054,Ahmad Rahman,2026-06-01,Singapore,Mainstream,25-34,2026-04-04,10,1311.18,131.12,6,116,58,1.0,4,1,2
CUST102055,Wei Ming Kaur,2026-01-27,Indonesia,Budget,35-44,2026-07-14,6,436.6,72.77,4,15,183,0.0,1,3,4
CUST102056,Nur Aisyah Goh,2025-03-31,Singapore,Mainstream,25-34,2026-03-26,8,1183.31,147.91,5,125,485,1.0,4,2,2
CUST102057,Kumar Kaur,2025-05-09,Singapore,Premium,25-34,2026-07-26,17,2246.96,132.17,7,3,446,0.0,1,1,1
CUST102058,Wei Ming Lim,2024-08-10,Thailand,Budget,18-24,2026-07-11,2,463.64,231.82,2,18,718,0.0,2,4,3
CUST102059,Siti Tan,2024-10-11,Singapore,Budget,45-54,2025-12-28,3,815.16,271.72,3,213,656,1.0,4,4,3
CUST102060,Ravi Goh,2024-12-15,Malaysia,Premium,25-34,2026-06-05,10,1319.57,131.96,6,54,591,0.0,3,1,2
CUST102061,Nabila Binte Ismail,2026-07-29,Malaysia,Budget,35-44,2026-07-11,6,363.3,60.55,5,18,0,0.0,2,3,4
CUST102062,Xin Yi Kaur,2025-05-16,Singapore,Mainstream,45-54,2026-05-21,7,662.65,94.66,5,69,439,0.0,3,2,3
CUST102063,Wei Ming Lim,2026-02-12,Singapore,Mainstream,45-54,2026-07-17,7,1879.68,268.53,4,12,167,0.0,1,2,1
CUST102064,Ahmad Lee,2026-01-16,Singapore,Premium,25-34,2026-07-22,13,1331.49,102.42,6,7,194,0.0,1,1,2
CUST102065,Wei Ming Muthu,2026-02-26,Singapore,Budget,35-44,2026-04-25,4,784.24,196.06,3,95,153,1.0,4,4,3
CUST102066,Ravi Kaur,2025-08-31,Thailand,Budget,35-44,2026-05-02,4,383.2,95.8,3,88,332,0.0,4,4,4
CUST102067,Nabila Goh,2026-04-30,Malaysia,Budget,25-34,,0,0.0,0.0,0,9999,90,,4,4,4
CUST102068,Nabila Binte Ismail,2025-07-06,Malaysia,Budget,18-24,2026-06-28,4,182.28,45.57,4,31,388,0.0,2,4,4
CUST102069,Suresh Kaur,2026-03-30,Malaysia,Budget,35-44,2026-06-04,2,148.05,74.03,1,55,121,0.0,3,4,4
CUST102070,Ravi Osman,2025-07-29,Thailand,Premium,45-54,2026-07-21,17,1872.15,110.13,6,8,365,0.0,1,1,1
CUST102071,Nur Aisyah Lee,2025-04-29,Singapore,Budget,55+,2026-05-16,3,256.51,85.5,3,74,456,0.0,3,4,4
CUST102072,Arif Rahman,2026-03-20,Thailand,Budget,25-34,2026-05-23,6,711.77,118.63,4,67,131,0.0,3,3,3
CUST102073,Farhan Osman,2026-05-16,Singapore,Budget,25-34,2026-03-29,8,513.76,64.22,6,122,74,1.0,4,2,3
CUST102074,Suresh Wong,2024-12-18,Thailand,Budget,25-34,2026-04-11,2,97.21,48.6,2,109,588,1.0,4,4,4
CUST102075,Priya Kaur,2025-02-05,Singapore,Mainstream,55+,2026-04-21,5,1504.59,300.92,2,99,539,1.0,4,3,1
CUST102076,Chen Wei Goh,2026-01-20,Singapore,Budget,45-54,2025-08-05,1,51.48,51.48,1,358,190,1.0,4,4,4
CUST102077,Siti Bin Abdullah,2024-10-20,Malaysia,Mainstream,55+,2026-07-12,7,947.5,135.36,5,17,647,0.0,2,2,2
CUST102078,Ravi Rahman,2026-02-18,Singapore,Mainstream,35-44,2026-06-22,9,1605.59,178.4,5,37,161,0.0,2,2,1
CUST102079,Nur Aisyah Tan,2024-09-21,Indonesia,Budget,25-34,2026-05-09,4,957.88,239.47,4,81,676,0.0,3,4,2
CUST102080,Farhan Wong,2026-05-08,Indonesia,Mainstream,35-44,2026-07-19,8,570.68,71.34,3,10,82,0.0,1,2,3
CUST102081,Divya Binte Ismail,2025-04-04,Indonesia,Budget,25-34,2026-03-14,5,463.05,92.61,3,137,481,1.0,4,3,3
CUST102082,Ravi Yusof,2026-07-16,Singapore,Budget,25-34,2026-05-11,5,456.89,91.38,4,79,13,0.0,3,3,4
CUST102083,Mei Ling Bin Abdullah,2026-03-07,Indonesia,Premium,18-24,2026-07-28,12,1203.43,100.29,6,1,144,0.0,1,1,2
CUST102084,Ahmad Yusof,2025-10-07,Singapore,Premium,18-24,2026-07-07,12,1976.07,164.67,6,22,295,0.0,2,1,1
CUST102085,Jia Xin Binte Ismail,2026-05-28,Thailand,Budget,25-34,2026-01-22,2,307.19,153.6,2,188,62,1.0,4,4,4
CUST102086,Ahmad Wong,2025-08-30,Indonesia,Mainstream,55+,2026-07-24,6,1455.1,242.52,3,5,333,0.0,1,3,1
CUST102087,Farhan Wong,2026-02-10,Malaysia,Budget,35-44,2026-06-23,4,1649.25,412.31,3,36,169,0.0,2,4,1
CUST102088,Priya Yusof,2026-05-18,Thailand,Mainstream,45-54,2026-07-28,7,1459.09,208.44,6,1,72,0.0,1,2,1
CUST102089,Mei Ling Lee,2024-08-26,Malaysia,Mainstream,25-34,2026-06-10,5,1279.21,255.84,4,49,702,0.0,3,3,2
CUST102090,Aina Wong,2024-08-12,Malaysia,Budget,35-44,2026-07-07,5,1742.21,348.44,4,22,716,0.0,2,3,1
CUST102091,Arif Osman,2024-08-26,Singapore,Premium,25-34,2026-06-25,8,516.26,64.53,4,34,702,0.0,2,2,3
CUST102092,Hui Ling Chong,2026-04-08,Indonesia,Mainstream,18-24,2026-07-24,12,1423.81,118.65,5,5,112,0.0,1,1,1
CUST102093,Kumar Binte Ismail,2025-10-24,Malaysia,Budget,25-34,2026-06-29,6,1066.61,177.77,5,30,278,0.0,2,3,2
CUST102094,Wei Ming Muthu,2025-12-02,Singapore,Premium,18-24,2026-07-05,16,2059.89,128.74,7,24,239,0.0,2,1,1
CUST102095,Farhan Wong,2025-12-04,Indonesia,Mainstream,45-54,2026-07-15,13,1830.58,140.81,7,14,237,0.0,1,1,1
CUST102096,Ravi Tan,2025-09-28,Singapore,Budget,45-54,2026-07-10,5,676.77,135.35,4,19,304,0.0,2,3,3
CUST102097,Divya Kaur,2025-07-22,Indonesia,Mainstream,25-34,2026-07-13,8,907.74,113.47,6,16,372,0.0,1,2,2
CUST102098,Divya Lim,2025-08-09,Singapore,Premium,35-44,2026-06-03,9,1005.81,111.76,5,56,354,0.0,3,2,2
CUST102099,Nabila Binte Ismail,2025-12-29,Malaysia,Premium,25-34,2026-07-23,15,1170.2,78.01,6,6,212,0.0,1,1,2
CUST102100,Aina Chua,2024-08-13,Thailand,Budget,25-34,2026-06-10,6,383.78,63.96,4,49,715,0.0,3,3,4
CUST102101,Priya Lim,2024-08-13,Singapore,Mainstream,35-44,2026-07-14,5,912.63,182.53,3,15,715,0.0,1,3,2
CUST102102,Kumar Osman,2025-11-30,Indonesia,Premium,45-54,2026-07-28,9,586.02,65.11,5,1,241,0.0,1,2,3
CUST102103,Chen Wei Goh,2026-02-18,Malaysia,Premium,45-54,2026-07-13,13,992.17,76.32,7,16,161,0.0,1,1,2
CUST102104,Siti Nair,2025-07-06,Thailand,Budget,18-24,2026-06-25,7,770.76,110.11,4,34,388,0.0,2,2,3
CUST102105,Nur Aisyah Yusof,2025-11-02,Singapore,Mainstream,35-44,2026-07-27,11,2072.89,188.44,6,2,269,0.0,1,1,1
CUST102106,Farhan Yusof,2024-08-08,Indonesia,Premium,18-24,2026-07-15,15,3107.39,207.16,6,14,720,0.0,1,1,1
CUST102107,Aina Goh,2025-09-19,Malaysia,Budget,18-24,2026-07-21,5,1032.49,206.5,5,8,313,0.0,1,3,2
CUST102108,Mei Ling Wong,2026-06-30,Malaysia,Budget,18-24,2026-06-04,6,748.41,124.74,4,55,29,0.0,3,3,3
CUST102109,Ahmad Bin Abdullah,2026-04-29,Malaysia,Mainstream,18-24,2026-07-25,12,1044.85,87.07,5,4,91,0.0,1,1,2
CUST102110,Arif Kaur,2026-06-05,Malaysia,Mainstream,25-34,2026-06-29,13,1711.91,131.69,6,30,54,0.0,2,1,1
CUST102111,Haziq Kaur,2025-10-23,Malaysia,Mainstream,25-34,2026-06-10,8,1647.06,205.88,4,49,279,0.0,3,2,1
CUST102112,Xin Yi Bin Abdullah,2025-12-10,Singapore,Budget,35-44,2026-06-12,3,232.23,77.41,2,47,231,0.0,3,4,4
CUST102113,Farhan Nair,2024-11-11,Malaysia,Mainstream,25-34,2026-02-11,5,1230.15,246.03,4,168,625,1.0,4,3,2
CUST102114,Priya Tan,2024-10-17,Indonesia,Budget,18-24,2026-04-12,9,2597.3,288.59,5,108,650,1.0,4,2,1
CUST102115,Hui Ling Muthu,2026-04-18,Malaysia,Mainstream,55+,2026-06-24,3,300.23,100.08,2,35,102,0.0,2,4,4
CUST102116,Zhi Hao Binte Ismail,2024-09-08,Singapore,Budget,45-54,2026-04-30,6,452.89,75.48,4,90,689,0.0,4,3,4
CUST102117,Kumar Tan,2025-05-29,Malaysia,Budget,18-24,2025-10-30,2,46.38,23.19,2,272,426,1.0,4,4,4
CUST102118,Chen Wei Lim,2025-12-18,Malaysia,Premium,25-34,2026-04-16,6,520.35,86.72,3,104,223,1.0,4,3,3
CUST102119,Xin Yi Binte Ismail,2025-10-06,Indonesia,Mainstream,25-34,2026-07-07,11,2598.48,236.23,5,22,296,0.0,2,1,1
CUST102120,Priya Rahman,2025-09-10,Thailand,Budget,55+,2026-04-18,6,1362.83,227.14,5,102,322,1.0,4,3,2
CUST102121,Haziq Tan,2026-03-27,Malaysia,Budget,25-34,2026-04-01,5,764.61,152.92,3,119,124,1.0,4,3,3
CUST102122,Jia Xin Rahman,2024-11-03,Indonesia,Mainstream,18-24,2026-07-13,7,621.33,88.76,4,16,633,0.0,1,2,3
CUST102123,Kumar Bin Abdullah,2026-07-20,Singapore,Premium,35-44,2026-07-17,10,1817.19,181.72,6,12,9,0.0,1,1,1
CUST102124,Chen Wei Wong,2026-06-09,Thailand,Budget,35-44,2026-07-14,7,432.35,61.76,5,15,50,0.0,1,2,4
CUST102125,Farhan Wong,2026-01-11,Singapore,Premium,25-34,2026-07-17,12,1297.24,108.1,7,12,199,0.0,1,1,2
CUST102126,Nabila Wong,2026-04-16,Malaysia,Budget,25-34,2026-05-21,6,911.28,151.88,5,69,104,0.0,3,3,2
CUST102127,Priya Rahman,2026-06-14,Singapore,Mainstream,25-34,2026-06-03,7,736.88,105.27,4,56,45,0.0,3,2,3
CUST102128,Priya Lim,2025-10-23,Singapore,Budget,25-34,2026-07-20,7,825.69,117.96,4,9,279,0.0,1,2,3
CUST102129,Zhi Hao Tan,2025-10-27,Indonesia,Budget,25-34,2026-03-27,3,244.38,81.46,2,124,275,1.0,4,4,4
CUST102130,Siti Binte Ismail,2026-04-29,Singapore,Premium,45-54,2026-07-05,10,759.81,75.98,5,24,91,0.0,2,1,3
CUST102131,Kumar Chua,2024-12-15,Singapore,Budget,45-54,2026-07-06,5,487.65,97.53,5,23,591,0.0,2,3,3
CUST102132,Divya Goh,2024-10-23,Singapore,Premium,35-44,2026-07-24,15,2182.37,145.49,6,5,644,0.0,1,1,1
CUST102133,Jia Xin Muthu,2025-02-19,Thailand,Budget,35-44,2026-06-30,4,1793.04,448.26,2,29,525,0.0,2,4,1
CUST102134,Wei Ming Kaur,2025-07-13,Indonesia,Budget,35-44,2026-07-25,4,1829.3,457.32,3,4,381,0.0,1,4,1
CUST102135,Xin Yi Kaur,2024-09-06,Thailand,Premium,25-34,2026-06-22,8,1171.15,146.39,6,37,691,0.0,2,2,2
CUST102136,Chen Wei Rahman,2025-11-16,Thailand,Mainstream,35-44,2026-07-21,13,1790.84,137.76,6,8,255,0.0,1,1,1
CUST102137,Wei Ming Chua,2025-09-21,Thailand,Budget,18-24,2026-05-30,6,1203.77,200.63,4,60,311,0.0,3,3,2
CUST102138,Hui Ling Chua,2026-07-19,Malaysia,Mainstream,18-24,2026-06-24,15,2022.3,134.82,5,35,10,0.0,2,1,1
CUST102139,Ravi Osman,2025-02-28,Singapore,Budget,18-24,2026-07-21,8,1080.32,135.04,5,8,516,0.0,1,2,2
CUST102140,Mei Ling Muthu,2026-05-23,Singapore,Premium,35-44,2026-05-21,15,1634.66,108.98,6,69,67,0.0,3,1,1
CUST102141,Nur Aisyah Lee,2025-03-31,Singapore,Budget,35-44,2026-05-07,7,867.66,123.95,5,83,485,0.0,4,2,2
CUST102142,Arif Chua,2025-01-04,Indonesia,Mainstream,25-34,2026-05-26,6,1500.5,250.08,5,64,571,0.0,3,3,1
CUST102143,Ravi Osman,2026-02-21,Singapore,Budget,35-44,2026-07-05,5,542.89,108.58,3,24,158,0.0,2,3,3
CUST102144,Xin Yi Rahman,2025-05-09,Singapore,Mainstream,45-54,2026-07-24,5,653.72,130.74,4,5,446,0.0,1,3,3
CUST102145,Hui Ling Muthu,2025-12-20,Indonesia,Premium,18-24,2026-06-16,11,659.66,59.97,6,43,221,0.0,3,1,3
CUST102146,Mei Ling Lim,2025-10-12,Singapore,Mainstream,25-34,2026-05-04,4,239.51,59.88,3,86,290,0.0,4,4,4
CUST102147,Chen Wei Goh,2025-07-08,Singapore,Budget,45-54,2026-06-30,5,436.07,87.21,4,29,386,0.0,2,3,4
CUST102148,Farhan Chua,2026-01-28,Singapore,Budget,35-44,2026-07-06,3,816.26,272.09,3,23,182,0.0,2,4,3
CUST102149,Wei Ming Lim,2024-12-25,Indonesia,Budget,25-34,2026-07-28,3,839.33,279.78,2,1,581,0.0,1,4,3
CUST102150,Kumar Nair,2025-10-14,Singapore,Premium,25-34,2026-06-03,14,2739.88,195.71,6,56,288,0.0,3,1,1
CUST102151,Arif Tan,2025-08-26,Singapore,Budget,55+,2026-06-30,8,906.96,113.37,4,29,337,0.0,2,2,2
CUST102152,Aina Chua,2024-12-12,Singapore,Mainstream,25-34,2026-06-02,8,1355.91,169.49,6,57,594,0.0,3,2,2
CUST102153,Ravi Chua,2026-02-13,Indonesia,Budget,45-54,2026-07-21,5,496.72,99.34,3,8,166,0.0,1,3,3
CUST102154,Haziq Nair,2025-09-02,Singapore,Premium,45-54,2026-07-14,14,1706.69,121.91,6,15,330,0.0,1,1,1
CUST102155,Ahmad Osman,2024-08-03,Singapore,Mainstream,45-54,2026-01-18,4,797.7,199.42,2,192,725,1.0,4,4,3
CUST102156,Priya Lim,2025-10-11,Thailand,Mainstream,18-24,2026-06-27,11,1578.48,143.5,5,32,291,0.0,2,1,1
CUST102157,Xin Yi Rahman,2026-05-06,Thailand,Premium,35-44,2026-07-04,13,2016.72,155.13,6,25,84,0.0,2,1,1
CUST102158,Nabila Lee,2026-01-03,Singapore,Premium,25-34,2026-07-22,9,2539.9,282.21,4,7,207,0.0,1,2,1
CUST102159,Suresh Tan,2024-08-31,Singapore,Mainstream,25-34,2026-04-15,5,1138.45,227.69,3,105,697,1.0,4,3,2
CUST102160,Aina Lee,2025-01-21,Singapore,Mainstream,25-34,2026-07-17,11,2820.05,256.37,6,12,554,0.0,1,1,1
CUST102161,Mei Ling Binte Ismail,2024-12-16,Indonesia,Mainstream,25-34,2026-01-14,2,208.14,104.07,2,196,590,1.0,4,4,4
CUST102162,Nabila Wong,2026-01-25,Singapore,Budget,25-34,2026-06-03,5,1488.3,297.66,2,56,185,0.0,3,3,1
CUST102163,Suresh Lee,2024-11-24,Thailand,Budget,35-44,2026-06-17,6,676.99,112.83,4,42,612,0.0,3,3,3
CUST102164,Wei Ming Muthu,2025-10-15,Indonesia,Mainstream,25-34,2026-06-13,7,395.88,56.55,4,46,287,0.0,3,2,4
CUST102165,Nur Aisyah Rahman,2024-12-26,Malaysia,Mainstream,25-34,2026-07-21,9,1258.74,139.86,6,8,580,0.0,1,2,2
CUST102166,Suresh Muthu,2024-10-24,Singapore,Budget,25-34,2026-05-15,6,1007.16,167.86,4,75,643,0.0,3,3,2
CUST102167,Chen Wei Lee,2026-02-28,Thailand,Budget,35-44,2026-07-23,8,787.63,98.45,5,6,151,0.0,1,2,3
CUST102168,Xin Yi Rahman,2024-09-12,Indonesia,Mainstream,18-24,2026-07-29,7,781.85,111.69,5,0,685,0.0,1,2,3
CUST102169,Ravi Kaur,2025-04-24,Indonesia,Budget,35-44,2026-05-29,7,1407.46,201.07,5,61,461,0.0,3,2,2
CUST102170,Hui Ling Lee,2025-02-11,Singapore,Mainstream,25-34,2026-05-20,6,375.87,62.64,5,70,533,0.0,3,3,4
CUST102171,Mei Ling Binte Ismail,2025-01-23,Indonesia,Mainstream,35-44,2026-07-16,10,1212.36,121.24,4,13,552,0.0,1,1,2
CUST102172,Jia Xin Kaur,2026-03-29,Indonesia,Budget,45-54,2026-03-11,3,385.57,128.52,3,140,122,1.0,4,4,4
CUST102173,Wei Ming Bin Abdullah,2025-01-31,Thailand,Budget,35-44,2025-08-26,1,171.11,171.11,1,337,544,1.0,4,4,4
CUST102174,Xin Yi Wong,2026-02-24,Malaysia,Budget,35-44,2026-06-14,7,474.25,67.75,5,45,155,0.0,3,2,3
CUST102175,Zhi Hao Chong,2026-01-12,Malaysia,Budget,55+,2026-06-02,5,529.73,105.95,4,57,198,0.0,3,3,3
CUST102176,Divya Lee,2026-05-05,Malaysia,Mainstream,18-24,2026-06-01,9,2154.78,239.42,5,58,85,0.0,3,2,1
CUST102177,Mei Ling Osman,2026-03-19,Indonesia,Mainstream,25-34,2026-06-21,13,2491.92,191.69,6,38,132,0.0,2,1,1
CUST102178,Nabila Binte Ismail,2024-08-14,Thailand,Premium,55+,2026-07-15,17,3171.98,186.59,7,14,714,0.0,1,1,1
CUST102179,Aina Goh,2025-12-02,Malaysia,Budget,45-54,2026-07-14,7,744.39,106.34,5,15,239,0.0,1,2,3
CUST102180,Wei Ming Chua,2025-10-20,Singapore,Mainstream,35-44,2026-07-17,10,2868.32,286.83,6,12,282,0.0,1,1,1
CUST102181,Mei Ling Goh,2025-08-13,Singapore,Budget,25-34,,0,0.0,0.0,0,9999,350,,4,4,4
CUST102182,Divya Osman,2025-02-24,Malaysia,Mainstream,25-34,2026-06-19,6,754.97,125.83,5,40,520,0.0,3,3,3
CUST102183,Nur Aisyah Bin Abdullah,2025-06-06,Thailand,Budget,45-54,2026-06-21,3,328.61,109.54,3,38,418,0.0,2,4,4
CUST102184,Chen Wei Kaur,2025-07-03,Singapore,Mainstream,35-44,2026-01-28,3,845.65,281.88,2,182,391,1.0,4,4,3
CUST102185,Divya Bin Abdullah,2024-11-26,Malaysia,Mainstream,25-34,2026-07-29,8,1101.21,137.65,3,0,610,0.0,1,2,2
CUST102186,Siti Osman,2025-08-01,Thailand,Budget,18-24,2026-06-12,6,1325.23,220.87,3,47,362,0.0,3,3,2
CUST102187,Priya Chong,2025-01-14,Malaysia,Premium,45-54,2026-07-11,9,1160.38,128.93,4,18,561,0.0,2,2,2
CUST102188,Priya Binte Ismail,2024-10-03,Singapore,Budget,35-44,2026-07-27,7,1283.16,183.31,5,2,664,0.0,1,2,2
CUST102189,Nur Aisyah Muthu,2025-03-23,Malaysia,Budget,55+,2026-07-22,8,1950.07,243.76,3,7,493,0.0,1,2,1
CUST102190,Chen Wei Lim,2026-07-04,Malaysia,Mainstream,25-34,2026-06-11,6,829.68,138.28,5,48,25,0.0,3,3,3
CUST102191,Jia Xin Chong,2026-01-18,Singapore,Mainstream,25-34,2026-06-12,6,480.78,80.13,5,47,192,0.0,3,3,3
CUST102192,Jia Xin Yusof,2025-05-05,Indonesia,Budget,25-34,2026-05-15,6,1115.51,185.92,3,75,450,0.0,3,3,2
CUST102193,Kumar Tan,2025-08-14,Malaysia,Budget,35-44,2026-01-18,3,347.63,115.88,2,192,349,1.0,4,4,4
CUST102194,Priya Chong,2026-01-03,Malaysia,Budget,25-34,2026-07-25,1,56.26,56.26,1,4,207,0.0,1,4,4
CUST102195,Nur Aisyah Osman,2025-11-27,Malaysia,Premium,18-24,2026-07-05,8,793.78,99.22,6,24,244,0.0,2,2,3
CUST102196,Wei Ming Lim,2026-06-02,Singapore,Mainstream,25-34,2026-05-08,8,1844.48,230.56,5,82,57,0.0,4,2,1
CUST102197,Ahmad Kaur,2026-02-08,Singapore,Budget,25-34,2026-03-05,3,1059.28,353.09,3,146,171,1.0,4,4,2
CUST102198,Kumar Binte Ismail,2025-01-04,Singapore,Budget,45-54,2026-06-12,5,639.31,127.86,5,47,571,0.0,3,3,3
CUST102199,Hui Ling Nair,2026-07-22,Singapore,Premium,25-34,2026-05-16,11,2207.29,200.66,5,74,7,0.0,3,1,1
CUST102200,Jia Xin Lim,2024-11-26,Indonesia,Premium,25-34,2026-07-04,16,2039.78,127.49,6,25,610,0.0,2,1,1
CUST102201,Jia Xin Goh,2025-11-24,Singapore,Budget,35-44,2026-05-09,4,914.24,228.56,3,81,247,0.0,3,4,2
CUST102202,Kumar Muthu,2024-12-17,Indonesia,Mainstream,18-24,2026-07-18,14,2087.52,149.11,7,11,589,0.0,1,1,1
CUST102203,Kumar Bin Abdullah,2026-01-24,Singapore,Budget,35-44,2026-04-07,9,1369.3,152.14,6,113,186,1.0,4,2,2
CUST102204,Kumar Rahman,2024-12-01,Singapore,Budget,45-54,2026-07-22,11,1260.57,114.6,4,7,605,0.0,1,1,2
CUST102205,Arif Chong,2025-06-07,Singapore,Premium,35-44,2026-07-26,12,1584.81,132.07,6,3,417,0.0,1,1,1
CUST102206,Priya Yusof,2024-11-15,Malaysia,Premium,35-44,2026-07-26,18,2705.13,150.28,7,3,621,0.0,1,1,1
CUST102207,Mei Ling Lee,2026-06-14,Malaysia,Budget,45-54,2026-05-05,3,460.05,153.35,3,85,45,0.0,4,4,4
CUST102208,Mei Ling Bin Abdullah,2024-12-24,Indonesia,Premium,55+,2026-07-24,13,2201.15,169.32,7,5,582,0.0,1,1,1
CUST102209,Ravi Lim,2026-01-13,Singapore,Mainstream,45-54,2026-02-17,7,434.78,62.11,5,162,197,1.0,4,2,4
CUST102210,Ravi Goh,2025-11-10,Malaysia,Mainstream,25-34,2026-03-24,4,315.44,78.86,3,127,261,1.0,4,4,4
CUST102211,Xin Yi Lee,2026-06-27,Indonesia,Mainstream,35-44,2026-07-14,9,1214.46,134.94,6,15,32,0.0,1,2,2
CUST102212,Priya Muthu,2024-09-01,Singapore,Mainstream,35-44,2026-06-23,6,722.02,120.34,4,36,696,0.0,2,3,3
CUST102213,Kumar Kaur,2025-04-17,Singapore,Premium,25-34,2026-06-09,14,1261.16,90.08,6,50,468,0.0,3,1,2
CUST102214,Xin Yi Muthu,2024-08-12,Singapore,Budget,25-34,2025-12-06,1,46.48,46.48,1,235,716,1.0,4,4,4
CUST102215,Chen Wei Lim,2025-06-10,Singapore,Mainstream,45-54,2026-07-23,4,835.61,208.9,2,6,414,0.0,1,4,3
CUST102216,Suresh Lim,2026-04-05,Thailand,Budget,25-34,2026-05-28,2,740.16,370.08,2,62,115,0.0,3,4,3
CUST102217,Divya Muthu,2025-11-25,Malaysia,Mainstream,45-54,2026-07-26,9,730.03,81.11,6,3,246,0.0,1,2,3
CUST102218,Aina Goh,2025-09-11,Malaysia,Budget,55+,2026-05-23,2,76.72,38.36,2,67,321,0.0,3,4,4
CUST102219,Priya Rahman,2026-04-13,Indonesia,Budget,25-34,2026-05-08,3,765.43,255.14,3,82,107,0.0,4,4,3
CUST102220,Priya Wong,2024-09-18,Malaysia,Mainstream,18-24,2026-07-29,6,1283.1,213.85,4,0,679,0.0,1,3,2
CUST102221,Aina Lee,2024-08-29,Malaysia,Budget,55+,2026-05-12,5,858.58,171.72,3,78,699,0.0,3,3,3
CUST102222,Ravi Lee,2025-06-13,Singapore,Budget,25-34,2026-07-18,4,1010.89,252.72,4,11,411,0.0,1,4,2
CUST102223,Priya Bin Abdullah,2025-05-29,Malaysia,Budget,45-54,2026-06-02,8,1805.36,225.67,6,57,426,0.0,3,2,1
CUST102224,Divya Muthu,2025-03-03,Singapore,Mainstream,18-24,2026-03-29,3,165.0,55.0,2,122,513,1.0,4,4,4
CUST102225,Suresh Binte Ismail,2025-03-21,Singapore,Budget,25-34,2026-04-16,4,396.0,99.0,4,104,495,1.0,4,4,4
CUST102226,Mei Ling Yusof,2026-06-14,Singapore,Budget,25-34,2026-07-05,2,311.0,155.5,2,24,45,0.0,2,4,4
CUST102227,Zhi Hao Lim,2025-07-07,Indonesia,Mainstream,25-34,2026-07-03,8,637.16,79.64,5,26,387,0.0,2,2,3
CUST102228,Divya Tan,2025-01-08,Indonesia,Premium,55+,2026-07-26,16,1833.88,114.62,6,3,567,0.0,1,1,1
CUST102229,Arif Nair,2024-12-18,Indonesia,Mainstream,25-34,2026-03-24,3,553.47,184.49,2,127,588,1.0,4,4,3
CUST102230,Arif Wong,2025-05-20,Singapore,Budget,25-34,2026-05-10,6,1605.4,267.57,3,80,435,0.0,3,3,1
CUST102231,Divya Nair,2024-10-13,Thailand,Premium,35-44,2026-07-22,16,1669.07,104.32,7,7,654,0.0,1,1,1
CUST102232,Farhan Lim,2025-05-28,Singapore,Mainstream,55+,2026-06-02,7,1354.56,193.51,5,57,427,0.0,3,2,2
CUST102233,Xin Yi Goh,2025-10-23,Indonesia,Mainstream,25-34,2026-02-01,4,284.82,71.2,4,178,279,1.0,4,4,4
CUST102234,Suresh Chua,2025-09-09,Indonesia,Mainstream,45-54,2026-07-20,5,937.48,187.5,5,9,323,0.0,1,3,2
CUST102235,Farhan Muthu,2025-03-13,Malaysia,Budget,18-24,2026-02-14,3,157.82,52.61,3,165,503,1.0,4,4,4
CUST102236,Mei Ling Bin Abdullah,2024-10-20,Malaysia,Mainstream,45-54,2026-07-04,5,694.18,138.84,4,25,647,0.0,2,3,3
CUST102237,Suresh Rahman,2026-02-12,Indonesia,Mainstream,35-44,2026-07-19,9,1466.17,162.91,5,10,167,0.0,1,2,1
CUST102238,Chen Wei Wong,2025-12-27,Indonesia,Budget,45-54,2025-10-01,1,18.34,18.34,1,301,214,1.0,4,4,4
CUST102239,Suresh Chong,2025-04-10,Singapore,Budget,35-44,2026-06-11,7,513.33,73.33,4,48,475,0.0,3,2,3
CUST102240,Mei Ling Rahman,2025-01-18,Indonesia,Budget,55+,2026-07-19,4,685.22,171.3,3,10,557,0.0,1,4,3
CUST102241,Haziq Tan,2025-10-11,Singapore,Mainstream,25-34,2026-07-24,9,1631.67,181.3,5,5,291,0.0,1,2,1
CUST102242,Mei Ling Wong,2025-04-16,Malaysia,Budget,35-44,,0,0.0,0.0,0,9999,469,,4,4,4
CUST102243,Ahmad Binte Ismail,2026-07-25,Malaysia,Mainstream,35-44,2026-07-07,6,270.46,45.08,5,22,4,0.0,2,3,4
CUST102244,Aina Wong,2025-12-29,Indonesia,Mainstream,25-34,2026-07-03,8,1247.7,155.96,6,26,212,0.0,2,2,2
CUST102245,Nur Aisyah Bin Abdullah,2024-08-31,Malaysia,Budget,55+,2025-12-30,1,141.94,141.94,1,211,697,1.0,4,4,4
CUST102246,Aina Binte Ismail,2025-06-04,Singapore,Budget,45-54,2026-07-03,2,73.44,36.72,1,26,420,0.0,2,4,4
CUST102247,Priya Nair,2024-11-03,Malaysia,Budget,45-54,2026-06-07,6,650.03,108.34,5,52,633,0.0,3,3,3
CUST102248,Priya Wong,2026-02-21,Singapore,Budget,25-34,2026-07-20,4,940.86,235.22,3,9,158,0.0,1,4,2
CUST102249,Siti Wong,2025-12-29,Malaysia,Mainstream,45-54,2026-07-01,9,941.05,104.56,4,28,212,0.0,2,2,2
CUST102250,Aina Chong,2024-08-17,Malaysia,Mainstream,25-34,2026-07-08,10,1355.58,135.56,6,21,711,0.0,2,1,2
CUST102251,Nabila Chua,2024-07-31,Indonesia,Premium,55+,2026-03-07,10,2031.05,203.1,6,144,728,1.0,4,1,1
CUST102252,Wei Ming Wong,2024-10-27,Singapore,Premium,18-24,2026-06-19,16,1828.03,114.25,6,40,640,0.0,3,1,1
CUST102253,Kumar Chong,2025-12-10,Singapore,Budget,35-44,2026-07-16,8,907.19,113.4,5,13,231,0.0,1,2,2
CUST102254,Kumar Goh,2024-12-21,Malaysia,Mainstream,18-24,2026-05-27,6,585.7,97.62,4,63,585,0.0,3,3,3
CUST102255,Kumar Kaur,2025-08-29,Singapore,Mainstream,35-44,2026-04-11,6,1193.54,198.92,4,109,334,1.0,4,3,2
CUST102256,Arif Muthu,2024-11-20,Singapore,Mainstream,25-34,2026-06-18,10,1580.16,158.02,6,41,616,0.0,3,1,1
CUST102257,Chen Wei Chua,2024-11-15,Malaysia,Budget,45-54,2026-03-19,6,329.22,54.87,4,132,621,1.0,4,3,4
CUST102258,Jia Xin Tan,2025-09-15,Malaysia,Budget,45-54,2026-06-09,5,330.29,66.06,4,50,317,0.0,3,3,4
CUST102259,Ravi Lee,2025-12-19,Singapore,Mainstream,25-34,2026-07-05,8,861.09,107.64,4,24,222,0.0,2,2,2
CUST102260,Nabila Yusof,2024-08-17,Malaysia,Mainstream,45-54,2026-07-10,11,1119.44,101.77,6,19,711,0.0,2,1,2
CUST102261,Ahmad Goh,2025-09-04,Thailand,Budget,35-44,2026-07-14,7,774.09,110.58,4,15,328,0.0,1,2,3
CUST102262,Haziq Lee,2025-09-17,Malaysia,Budget,25-34,2025-11-30,4,305.41,76.35,4,241,315,1.0,4,4,4
CUST102263,Wei Ming Lim,2025-03-31,Singapore,Mainstream,25-34,2026-04-15,5,289.48,57.9,3,105,485,1.0,4,3,4
CUST102264,Farhan Chong,2024-09-14,Singapore,Mainstream,25-34,2026-06-16,7,487.95,69.71,5,43,683,0.0,3,2,3
CUST102265,Wei Ming Lim,2026-04-25,Singapore,Mainstream,18-24,2026-07-29,13,1915.23,147.33,7,0,95,0.0,1,1,1
CUST102266,Ravi Chua,2024-08-10,Malaysia,Budget,35-44,2026-05-27,3,381.66,127.22,2,63,718,0.0,3,4,4
CUST102267,Wei Ming Kaur,2025-09-24,Indonesia,Budget,35-44,2026-05-05,5,413.5,82.7,4,85,308,0.0,4,3,4
CUST102268,Hui Ling Yusof,2026-07-11,Singapore,Mainstream,25-34,2026-05-25,2,189.85,94.93,1,65,18,0.0,3,4,4
CUST102269,Haziq Muthu,2025-12-16,Singapore,Mainstream,55+,2026-06-17,8,1134.89,141.86,5,42,225,0.0,3,2,2
CUST102270,Divya Nair,2025-08-26,Singapore,Budget,18-24,2026-04-27,7,1006.65,143.81,5,93,337,1.0,4,2,2
CUST102271,Chen Wei Nair,2025-03-22,Singapore,Mainstream,45-54,2026-07-05,10,1339.72,133.97,7,24,494,0.0,2,1,2
CUST102272,Farhan Chua,2025-06-11,Thailand,Budget,45-54,2026-07-14,2,164.6,82.3,2,15,413,0.0,1,4,4
CUST102273,Divya Osman,2026-04-21,Singapore,Mainstream,45-54,2026-07-11,9,1953.39,217.04,7,18,99,0.0,2,2,1
CUST102274,Ahmad Muthu,2025-08-07,Singapore,Budget,35-44,2026-07-09,5,717.53,143.51,5,20,356,0.0,2,3,3
CUST102275,Wei Ming Tan,2026-02-10,Malaysia,Mainstream,25-34,2026-06-10,7,310.2,44.31,4,49,169,0.0,3,2,4
CUST102276,Hui Ling Chong,2026-01-14,Singapore,Premium,45-54,2026-05-27,17,2494.05,146.71,6,63,196,0.0,3,1,1
CUST102277,Ravi Binte Ismail,2025-02-25,Singapore,Budget,35-44,2026-06-01,8,614.18,76.77,5,58,519,0.0,3,2,3
CUST102278,Nur Aisyah Osman,2024-12-20,Malaysia,Budget,45-54,2026-07-16,4,180.89,45.22,3,13,586,0.0,1,4,4
CUST102279,Xin Yi Nair,2026-04-06,Singapore,Budget,25-34,2026-05-07,4,573.32,143.33,3,83,114,0.0,4,4,3
CUST102280,Mei Ling Lee,2025-05-16,Singapore,Budget,35-44,2026-04-25,1,327.11,327.11,1,95,439,1.0,4,4,4
CUST102281,Wei Ming Bin Abdullah,2025-09-24,Malaysia,Premium,25-34,2026-07-02,7,1758.49,251.21,4,27,308,0.0,2,2,1
CUST102282,Suresh Wong,2025-11-26,Malaysia,Premium,35-44,2026-07-10,14,1791.3,127.95,6,19,245,0.0,2,1,1
CUST102283,Ravi Yusof,2025-02-24,Singapore,Budget,45-54,2026-07-12,5,666.88,133.38,4,17,520,0.0,2,3,3
CUST102284,Priya Binte Ismail,2026-01-29,Thailand,Premium,25-34,2026-05-29,11,1054.29,95.84,5,61,181,0.0,3,1,2
CUST102285,Aina Lim,2025-01-17,Singapore,Budget,25-34,2026-05-26,3,239.36,79.79,3,64,558,0.0,3,4,4
CUST102286,Mei Ling Muthu,2025-10-10,Thailand,Mainstream,18-24,2026-04-10,4,348.37,87.09,4,110,292,1.0,4,4,4
CUST102287,Ravi Chua,2026-05-21,Thailand,Mainstream,25-34,2026-06-22,7,630.92,90.13,4,37,69,0.0,2,2,3
CUST102288,Hui Ling Bin Abdullah,2024-12-28,Malaysia,Budget,25-34,2026-06-21,4,481.34,120.34,3,38,578,0.0,2,4,3
CUST102289,Kumar Rahman,2024-11-15,Singapore,Mainstream,18-24,2026-06-27,7,1042.4,148.91,4,32,621,0.0,2,2,2
CUST102290,Nur Aisyah Goh,2025-06-13,Indonesia,Mainstream,25-34,2026-03-23,4,252.11,63.03,2,128,411,1.0,4,4,4
CUST102291,Nur Aisyah Yusof,2025-02-16,Malaysia,Budget,35-44,2026-04-24,5,1153.09,230.62,5,96,528,1.0,4,3,2
CUST102292,Divya Nair,2026-04-13,Singapore,Premium,45-54,2026-07-19,24,4427.4,184.48,7,10,107,0.0,1,1,1
CUST102293,Siti Rahman,2025-11-24,Malaysia,Budget,25-34,2026-06-18,8,1785.81,223.23,5,41,247,0.0,3,2,1
CUST102294,Zhi Hao Rahman,2025-11-16,Malaysia,Budget,18-24,2026-04-11,4,315.15,78.79,3,109,255,1.0,4,4,4
CUST102295,Aina Tan,2025-01-18,Thailand,Premium,45-54,2026-07-27,11,2835.57,257.78,7,2,557,0.0,1,1,1
CUST102296,Hui Ling Yusof,2025-11-15,Indonesia,Budget,25-34,2025-12-20,2,122.15,61.08,2,221,256,1.0,4,4,4
CUST102297,Zhi Hao Tan,2025-02-13,Thailand,Budget,25-34,2026-04-14,5,397.66,79.53,3,106,531,1.0,4,3,4
CUST102298,Suresh Tan,2025-12-18,Indonesia,Budget,35-44,2026-05-17,4,128.41,32.1,2,73,223,0.0,3,4,4
CUST102299,Nabila Yusof,2025-05-17,Malaysia,Budget,55+,2026-05-11,9,1464.5,162.72,6,79,438,0.0,3,2,1
CUST102300,Nabila Goh,2026-02-26,Malaysia,Budget,25-34,2026-06-11,5,835.21,167.04,3,48,153,0.0,3,3,3
CUST102301,Priya Chua,2025-06-17,Thailand,Budget,55+,2026-06-11,5,1633.4,326.68,3,48,407,0.0,3,3,1
CUST102302,Siti Kaur,2026-06-01,Thailand,Mainstream,25-34,2026-04-05,6,258.23,43.04,4,115,58,1.0,4,3,4
CUST102303,Siti Kaur,2025-02-08,Indonesia,Mainstream,18-24,2026-07-08,6,457.42,76.24,4,21,536,0.0,2,3,4
CUST102304,Suresh Lee,2026-07-08,Indonesia,Premium,25-34,2026-04-23,10,1924.89,192.49,6,97,21,1.0,4,1,1
CUST102305,Hui Ling Rahman,2024-07-30,Malaysia,Premium,45-54,2026-07-22,7,752.3,107.47,6,7,729,0.0,1,2,3
CUST102306,Xin Yi Kaur,2024-11-24,Singapore,Budget,35-44,2026-03-30,2,71.09,35.54,2,121,612,1.0,4,4,4
CUST102307,Divya Lee,2025-06-02,Thailand,Premium,35-44,2026-07-08,11,1173.97,106.72,6,21,422,0.0,2,1,2
CUST102308,Kumar Chong,2024-10-04,Singapore,Premium,55+,2026-07-01,12,2163.99,180.33,7,28,663,0.0,2,1,1
CUST102309,Zhi Hao Muthu,2024-12-16,Singapore,Premium,35-44,2026-06-26,9,1863.79,207.09,6,33,590,0.0,2,2,1
CUST102310,Zhi Hao Goh,2026-04-16,Malaysia,Mainstream,18-24,2026-03-20,4,1050.92,262.73,4,131,104,1.0,4,4,2
CUST102311,Haziq Lim,2025-02-01,Malaysia,Budget,35-44,2026-03-21,6,399.42,66.57,3,130,543,1.0,4,3,4
CUST102312,Jia Xin Wong,2025-10-27,Malaysia,Budget,25-34,2026-05-18,6,380.94,63.49,4,72,275,0.0,3,3,4
CUST102313,Wei Ming Bin Abdullah,2024-11-12,Singapore,Premium,35-44,2026-07-15,11,2267.48,206.13,5,14,624,0.0,1,1,1
CUST102314,Xin Yi Wong,2024-11-06,Singapore,Mainstream,45-54,2026-05-06,8,1819.48,227.44,6,84,630,0.0,4,2,1
CUST102315,Arif Rahman,2024-09-01,Singapore,Premium,35-44,2026-04-26,5,587.17,117.43,4,94,696,1.0,4,3,3
CUST102316,Kumar Bin Abdullah,2025-09-03,Singapore,Mainstream,25-34,2026-07-01,6,1009.41,168.24,3,28,329,0.0,2,3,2
CUST102317,Arif Chua,2026-03-11,Singapore,Budget,35-44,2026-06-21,4,183.47,45.87,3,38,140,0.0,2,4,4
CUST102318,Haziq Kaur,2026-04-29,Indonesia,Budget,18-24,2025-10-05,1,38.84,38.84,1,297,91,1.0,4,4,4
CUST102319,Zhi Hao Muthu,2026-03-31,Singapore,Premium,25-34,2026-05-25,8,548.53,68.57,5,65,120,0.0,3,2,3
CUST102320,Haziq Tan,2024-08-04,Malaysia,Budget,35-44,2026-06-07,7,356.23,50.89,4,52,724,0.0,3,2,4
CUST102321,Nabila Lim,2025-05-27,Singapore,Mainstream,25-34,2026-06-22,7,1496.48,213.78,4,37,428,0.0,2,2,1
CUST102322,Wei Ming Lee,2025-11-15,Malaysia,Premium,18-24,2026-07-08,13,2313.53,177.96,7,21,256,0.0,2,1,1
CUST102323,Ravi Lim,2025-09-05,Thailand,Budget,35-44,2026-06-07,2,27.45,13.73,2,52,327,0.0,3,4,4
CUST102324,Kumar Binte Ismail,2026-03-25,Singapore,Budget,25-34,2026-05-17,6,854.44,142.41,3,73,126,0.0,3,3,3
CUST102325,Jia Xin Goh,2025-06-08,Singapore,Mainstream,25-34,2026-07-29,10,966.96,96.7,5,0,416,0.0,1,1,2
CUST102326,Priya Binte Ismail,2025-09-22,Indonesia,Mainstream,55+,2026-07-12,5,1102.24,220.45,5,17,310,0.0,2,3,2
CUST102327,Arif Bin Abdullah,2024-12-24,Singapore,Mainstream,18-24,2026-07-18,10,794.51,79.45,5,11,582,0.0,1,1,3
CUST102328,Arif Chong,2026-07-14,Indonesia,Budget,25-34,2026-07-27,6,308.62,51.44,5,2,15,0.0,1,3,4
CUST102329,Farhan Kaur,2024-09-17,Thailand,Budget,45-54,2026-07-25,5,558.81,111.76,5,4,680,0.0,1,3,3
CUST102330,Haziq Chong,2026-06-15,Malaysia,Budget,18-24,2025-10-30,2,64.77,32.38,2,272,44,1.0,4,4,4
CUST102331,Nur Aisyah Wong,2025-09-28,Thailand,Budget,55+,2026-06-26,5,545.34,109.07,4,33,304,0.0,2,3,3
CUST102332,Priya Osman,2025-11-23,Malaysia,Budget,35-44,2026-07-18,3,424.33,141.44,3,11,248,0.0,1,4,4
CUST102333,Priya Bin Abdullah,2025-02-20,Malaysia,Mainstream,35-44,2026-03-17,10,519.72,51.97,5,134,524,1.0,4,1,3
CUST102334,Ravi Lee,2025-04-05,Singapore,Budget,25-34,2026-04-06,6,1053.45,175.58,3,114,480,1.0,4,3,2
CUST102335,Hui Ling Yusof,2026-03-08,Singapore,Mainstream,25-34,2026-07-02,10,1523.37,152.34,7,27,143,0.0,2,1,1
CUST102336,Siti Muthu,2025-08-05,Singapore,Premium,45-54,2026-06-18,10,2105.56,210.56,5,41,358,0.0,3,1,1
CUST102337,Haziq Wong,2025-07-04,Malaysia,Mainstream,18-24,2026-03-31,10,1343.44,134.34,5,120,390,1.0,4,1,2
CUST102338,Divya Chong,2025-08-25,Malaysia,Mainstream,45-54,2026-05-30,5,1752.64,350.53,4,60,338,0.0,3,3,1
CUST102339,Aina Lim,2026-07-14,Singapore,Budget,45-54,2026-07-27,9,2509.14,278.79,5,2,15,0.0,1,2,1
CUST102340,Priya Bin Abdullah,2026-03-21,Malaysia,Mainstream,35-44,2026-05-21,4,478.92,119.73,3,69,130,0.0,3,4,3
CUST102341,Aina Lim,2025-07-27,Singapore,Budget,18-24,2026-04-24,9,1946.49,216.28,3,96,367,1.0,4,2,1
CUST102342,Ahmad Yusof,2026-01-20,Singapore,Budget,35-44,2026-07-08,6,1035.99,172.66,4,21,190,0.0,2,3,2
CUST102343,Chen Wei Rahman,2025-06-26,Singapore,Mainstream,35-44,2026-06-19,6,606.01,101.0,4,40,398,0.0,3,3,3
CUST102344,Wei Ming Yusof,2026-04-01,Indonesia,Budget,18-24,2026-04-26,8,1919.2,239.9,6,94,119,1.0,4,2,1
CUST102345,Wei Ming Tan,2025-02-08,Malaysia,Budget,45-54,2026-07-13,4,378.87,94.72,2,16,536,0.0,1,4,4
CUST102346,Nabila Osman,2026-03-14,Indonesia,Mainstream,18-24,2026-05-24,10,1364.85,136.48,5,66,137,0.0,3,1,2
CUST102347,Ravi Osman,2025-04-11,Singapore,Mainstream,55+,2026-07-29,16,2409.61,150.6,6,0,474,0.0,1,1,1
CUST102348,Hui Ling Lim,2024-11-26,Malaysia,Budget,18-24,2026-07-01,4,363.08,90.77,3,28,610,0.0,2,4,4
CUST102349,Priya Tan,2025-11-10,Thailand,Budget,25-34,2025-12-23,2,200.97,100.48,2,218,261,1.0,4,4,4
CUST102350,Suresh Tan,2026-04-19,Singapore,Budget,35-44,2026-06-27,4,452.87,113.22,3,32,101,0.0,2,4,4
CUST102351,Ahmad Osman,2026-07-25,Malaysia,Mainstream,18-24,2026-05-06,4,387.07,96.77,3,84,4,0.0,4,4,4
CUST102352,Ravi Binte Ismail,2025-11-08,Singapore,Mainstream,25-34,2026-05-31,5,785.48,157.1,4,59,263,0.0,3,3,3
CUST102353,Mei Ling Chong,2026-05-06,Singapore,Budget,18-24,2026-01-18,4,371.25,92.81,3,192,84,1.0,4,4,4
CUST102354,Xin Yi Lee,2024-10-24,Malaysia,Mainstream,45-54,,0,0.0,0.0,0,9999,643,,4,4,4
CUST102355,Kumar Chua,2024-08-18,Singapore,Premium,18-24,2026-07-25,15,2681.6,178.77,6,4,710,0.0,1,1,1
CUST102356,Suresh Kaur,2024-08-13,Malaysia,Mainstream,35-44,2026-06-10,5,555.27,111.05,5,49,715,0.0,3,3,3
CUST102357,Wei Ming Kaur,2024-09-24,Thailand,Mainstream,35-44,2026-07-09,5,409.5,81.9,3,20,673,0.0,2,3,4
CUST102358,Suresh Goh,2025-05-27,Singapore,Mainstream,35-44,2026-07-29,6,940.08,156.68,4,0,428,0.0,1,3,2
CUST102359,Farhan Bin Abdullah,2025-12-04,Singapore,Premium,25-34,2026-07-24,13,1910.84,146.99,7,5,237,0.0,1,1,1
CUST102360,Divya Osman,2025-09-07,Indonesia,Premium,25-34,2026-05-25,9,1928.97,214.33,5,65,325,0.0,3,2,1
CUST102361,Chen Wei Tan,2026-01-22,Malaysia,Budget,55+,2026-01-17,4,270.95,67.74,2,193,188,1.0,4,4,4
CUST102362,Kumar Kaur,2024-11-23,Thailand,Budget,45-54,2026-05-31,8,2084.38,260.55,5,59,613,0.0,3,2,1
CUST102363,Hui Ling Muthu,2025-09-14,Singapore,Budget,55+,2026-03-23,4,1132.16,283.04,4,128,318,1.0,4,4,2
CUST102364,Arif Nair,2025-10-21,Malaysia,Mainstream,35-44,2026-07-12,4,620.53,155.13,3,17,281,0.0,2,4,3
CUST102365,Chen Wei Yusof,2025-03-13,Thailand,Budget,45-54,2026-04-30,3,436.91,145.64,2,90,503,0.0,4,4,4
CUST102366,Xin Yi Binte Ismail,2025-10-30,Singapore,Premium,55+,2026-07-13,15,3250.07,216.67,7,16,272,0.0,1,1,1
CUST102367,Haziq Lee,2025-11-11,Indonesia,Budget,25-34,2026-03-28,8,1171.33,146.42,6,123,260,1.0,4,2,2
CUST102368,Hui Ling Wong,2026-02-14,Malaysia,Mainstream,45-54,2026-06-27,12,1305.64,108.8,6,32,165,0.0,2,1,2
CUST102369,Priya Kaur,2026-06-10,Indonesia,Budget,18-24,2026-01-02,2,313.91,156.95,2,208,49,1.0,4,4,4
CUST102370,Kumar Lee,2026-07-02,Singapore,Mainstream,18-24,2026-04-24,4,432.12,108.03,3,96,27,1.0,4,4,4
CUST102371,Farhan Rahman,2025-10-08,Malaysia,Budget,35-44,2026-07-28,4,392.68,98.17,4,1,294,0.0,1,4,4
CUST102372,Aina Rahman,2024-08-02,Singapore,Mainstream,25-34,2026-06-22,5,469.62,93.92,5,37,726,0.0,2,3,3
CUST102373,Xin Yi Binte Ismail,2026-01-20,Thailand,Mainstream,25-34,2026-06-18,7,1194.18,170.6,5,41,190,0.0,3,2,2
CUST102374,Suresh Wong,2025-04-18,Singapore,Budget,35-44,2026-01-01,4,1029.09,257.27,3,209,467,1.0,4,4,2
CUST102375,Wei Ming Bin Abdullah,2025-12-04,Singapore,Mainstream,35-44,2026-06-07,5,768.92,153.78,5,52,237,0.0,3,3,3
CUST102376,Haziq Muthu,2025-12-21,Thailand,Premium,45-54,2026-07-14,13,2406.31,185.1,7,15,220,0.0,1,1,1
CUST102377,Siti Nair,2026-04-02,Singapore,Mainstream,25-34,2026-06-07,7,839.09,119.87,5,52,118,0.0,3,2,3
CUST102378,Divya Bin Abdullah,2025-06-13,Malaysia,Mainstream,25-34,2026-07-03,5,930.18,186.04,4,26,411,0.0,2,3,2
CUST102379,Mei Ling Yusof,2025-04-05,Singapore,Mainstream,35-44,2026-05-24,10,884.97,88.5,6,66,480,0.0,3,1,2
CUST102380,Nabila Osman,2025-11-16,Malaysia,Premium,35-44,2026-06-10,15,2421.6,161.44,6,49,255,0.0,3,1,1
CUST102381,Hui Ling Binte Ismail,2025-07-10,Singapore,Mainstream,45-54,2026-07-15,11,1645.06,149.55,5,14,384,0.0,1,1,1
CUST102382,Farhan Bin Abdullah,2025-08-16,Malaysia,Premium,25-34,2026-05-09,7,961.26,137.32,5,81,347,0.0,3,2,2
CUST102383,Divya Tan,2026-01-13,Malaysia,Mainstream,18-24,2026-04-28,4,549.38,137.34,2,92,197,1.0,4,4,3
CUST102384,Arif Tan,2025-03-12,Singapore,Budget,55+,2026-05-05,4,218.95,54.74,3,85,504,0.0,4,4,4
CUST102385,Kumar Chua,2025-06-20,Singapore,Budget,18-24,2026-05-29,8,1224.33,153.04,6,61,404,0.0,3,2,2
CUST102386,Nur Aisyah Goh,2026-06-11,Singapore,Mainstream,35-44,2026-06-17,9,593.79,65.98,5,42,48,0.0,3,2,3
CUST102387,Kumar Tan,2025-08-04,Indonesia,Mainstream,25-34,2026-07-27,10,1961.7,196.17,6,2,359,0.0,1,1,1
CUST102388,Priya Chua,2025-10-18,Singapore,Mainstream,25-34,2026-07-19,9,1729.6,192.18,5,10,284,0.0,1,2,1
CUST102389,Arif Lim,2024-12-25,Singapore,Premium,45-54,2026-07-25,14,1609.31,114.95,5,4,581,0.0,1,1,1
CUST102390,Haziq Chong,2025-12-18,Singapore,Mainstream,25-34,2026-05-10,6,1159.93,193.32,5,80,223,0.0,3,3,2
CUST102391,Priya Chua,2024-08-31,Malaysia,Budget,18-24,2026-07-11,4,592.02,148.0,4,18,697,0.0,2,4,3
CUST102392,Haziq Wong,2025-05-07,Indonesia,Mainstream,45-54,2026-05-10,5,957.91,191.58,4,80,448,0.0,3,3,2
CUST102393,Divya Tan,2026-04-25,Malaysia,Budget,18-24,2026-07-01,6,476.09,79.35,5,28,95,0.0,2,3,3
CUST102394,Priya Chong,2025-10-08,Thailand,Mainstream,25-34,2026-07-04,12,1417.21,118.1,5,25,294,0.0,2,1,1
CUST102395,Nur Aisyah Goh,2024-10-22,Indonesia,Premium,35-44,2026-07-06,14,1715.54,122.54,7,23,645,0.0,2,1,1
CUST102396,Nabila Binte Ismail,2026-01-25,Indonesia,Budget,25-34,2026-07-28,5,435.62,87.12,5,1,185,0.0,1,3,4
CUST102397,Jia Xin Bin Abdullah,2025-03-02,Indonesia,Mainstream,35-44,2026-07-12,10,2278.47,227.85,5,17,514,0.0,2,1,1
CUST102398,Ahmad Lim,2025-01-04,Singapore,Mainstream,25-34,2026-04-26,7,1432.15,204.59,5,94,571,1.0,4,2,1
CUST102399,Jia Xin Chong,2025-03-11,Thailand,Budget,25-34,2026-07-16,6,654.85,109.14,4,13,505,0.0,1,3,3
CUST102400,Zhi Hao Chong,2026-05-25,Indonesia,Mainstream,25-34,2026-07-25,6,308.07,51.34,5,4,65,0.0,1,3,4
CUST102401,Siti Chua,2025-10-29,Malaysia,Mainstream,45-54,2026-06-10,10,842.91,84.29,5,49,273,0.0,3,1,3
CUST102402,Aina Chua,2025-11-17,Singapore,Mainstream,18-24,2026-07-25,6,875.3,145.88,5,4,254,0.0,1,3,2
CUST102403,Mei Ling Muthu,2025-11-20,Singapore,Budget,55+,2026-06-27,4,184.28,46.07,2,32,251,0.0,2,4,4
CUST102404,Jia Xin Osman,2024-10-26,Malaysia,Budget,25-34,2026-06-27,4,229.12,57.28,4,32,641,0.0,2,4,4
CUST102405,Siti Binte Ismail,2026-07-25,Malaysia,Mainstream,25-34,2026-05-13,6,1354.89,225.81,2,77,4,0.0,3,3,2
CUST102406,Ahmad Chong,2025-07-01,Indonesia,Budget,35-44,2026-04-24,7,1122.93,160.42,5,96,393,1.0,4,2,2
CUST102407,Ravi Rahman,2024-08-11,Malaysia,Budget,25-34,2026-07-03,7,1149.41,164.2,4,26,717,0.0,2,2,2
CUST102408,Suresh Rahman,2024-10-28,Malaysia,Premium,35-44,2026-07-28,13,1144.98,88.08,6,1,639,0.0,1,1,2
CUST102409,Ahmad Muthu,2025-05-13,Singapore,Mainstream,45-54,2026-07-17,14,1334.8,95.34,6,12,442,0.0,1,1,2
CUST102410,Ahmad Yusof,2024-07-31,Singapore,Mainstream,45-54,2026-07-21,8,1359.14,169.89,4,8,728,0.0,1,2,2
CUST102411,Chen Wei Goh,2025-10-09,Singapore,Premium,35-44,2026-07-02,16,1244.42,77.78,6,27,293,0.0,2,1,2
CUST102412,Mei Ling Lee,2025-05-09,Indonesia,Budget,35-44,2026-04-21,8,2039.51,254.94,5,99,446,1.0,4,2,1
CUST102413,Nur Aisyah Chong,2025-06-28,Malaysia,Budget,25-34,2026-07-09,6,1168.17,194.69,5,20,396,0.0,2,3,2
CUST102414,Chen Wei Kaur,2026-06-25,Thailand,Mainstream,45-54,2026-06-23,10,732.48,73.25,5,36,34,0.0,2,1,3
CUST102415,Priya Lim,2026-06-30,Indonesia,Budget,25-34,2026-04-20,1,19.0,19.0,1,100,29,1.0,4,4,4
CUST102416,Jia Xin Binte Ismail,2024-10-13,Indonesia,Budget,18-24,2026-07-27,2,649.79,324.9,2,2,654,0.0,1,4,3
CUST102417,Nabila Kaur,2026-03-25,Malaysia,Mainstream,35-44,2026-06-27,7,938.72,134.1,4,32,126,0.0,2,2,2
CUST102418,Arif Lim,2025-11-12,Indonesia,Budget,25-34,2026-05-31,5,1110.04,222.01,4,59,259,0.0,3,3,2
CUST102419,Suresh Muthu,2025-04-30,Thailand,Mainstream,35-44,2026-07-15,8,998.6,124.83,5,14,455,0.0,1,2,2
CUST102420,Xin Yi Lim,2025-06-04,Indonesia,Mainstream,18-24,2026-07-11,5,559.22,111.84,4,18,420,0.0,2,3,3
CUST102421,Hui Ling Bin Abdullah,2025-07-19,Singapore,Mainstream,18-24,2026-06-17,6,1035.06,172.51,4,42,375,0.0,3,3,2
CUST102422,Xin Yi Chua,2024-08-14,Indonesia,Budget,35-44,2026-07-02,7,481.11,68.73,5,27,714,0.0,2,2,3
CUST102423,Haziq Lim,2025-01-01,Singapore,Budget,35-44,2026-04-04,3,568.41,189.47,3,116,574,1.0,4,4,3
CUST102424,Nur Aisyah Muthu,2024-09-10,Singapore,Premium,55+,2026-07-13,9,949.39,105.49,4,16,687,0.0,1,2,2
CUST102425,Chen Wei Yusof,2025-04-05,Indonesia,Premium,25-34,2026-07-21,12,1848.05,154.0,5,8,480,0.0,1,1,1
CUST102426,Arif Lim,2024-08-14,Indonesia,Mainstream,18-24,2026-07-10,8,726.7,90.84,5,19,714,0.0,2,2,3
CUST102427,Hui Ling Yusof,2025-05-16,Singapore,Budget,18-24,2026-06-29,10,552.75,55.28,5,30,439,0.0,2,1,3
CUST102428,Haziq Nair,2025-06-29,Singapore,Mainstream,25-34,2026-07-21,6,472.29,78.71,5,8,395,0.0,1,3,3
CUST102429,Kumar Chua,2024-12-11,Thailand,Budget,18-24,2026-04-28,6,928.59,154.77,5,92,595,1.0,4,3,2
CUST102430,Hui Ling Osman,2024-11-02,Singapore,Budget,45-54,2026-03-01,2,802.67,401.34,2,150,634,1.0,4,4,3
CUST102431,Suresh Yusof,2026-06-10,Singapore,Budget,18-24,2026-06-19,5,471.1,94.22,3,40,49,0.0,3,3,3
CUST102432,Suresh Chong,2024-10-03,Indonesia,Budget,55+,2026-07-22,4,366.56,91.64,3,7,664,0.0,1,4,4
CUST102433,Mei Ling Rahman,2025-03-12,Indonesia,Budget,35-44,2026-01-10,4,547.51,136.88,3,200,504,1.0,4,4,3
CUST102434,Chen Wei Yusof,2024-10-12,Malaysia,Budget,35-44,2026-07-29,7,755.81,107.97,5,0,655,0.0,1,2,3
CUST102435,Nur Aisyah Goh,2025-02-22,Malaysia,Mainstream,18-24,2026-07-15,9,847.09,94.12,7,14,522,0.0,1,2,3
CUST102436,Hui Ling Chong,2024-09-21,Singapore,Mainstream,18-24,2026-07-22,9,868.27,96.47,7,7,676,0.0,1,2,2
CUST102437,Nur Aisyah Nair,2026-01-10,Singapore,Budget,25-34,2026-05-26,5,644.57,128.91,4,64,200,0.0,3,3,3
CUST102438,Farhan Lee,2026-03-15,Indonesia,Budget,35-44,2026-07-18,5,935.38,187.08,4,11,136,0.0,1,3,2
CUST102439,Aina Chua,2026-03-09,Indonesia,Premium,35-44,2026-06-15,10,2353.24,235.32,6,44,142,0.0,3,1,1
CUST102440,Jia Xin Goh,2026-01-26,Singapore,Budget,25-34,2026-07-09,3,341.43,113.81,3,20,184,0.0,2,4,4
CUST102441,Mei Ling Bin Abdullah,2026-02-23,Singapore,Budget,25-34,2026-04-02,4,407.28,101.82,3,118,156,1.0,4,4,4
CUST102442,Wei Ming Binte Ismail,2025-09-10,Singapore,Mainstream,55+,2026-05-30,7,559.58,79.94,4,60,322,0.0,3,2,3
CUST102443,Aina Chong,2026-03-07,Singapore,Mainstream,25-34,2026-05-24,10,1716.84,171.68,6,66,144,0.0,3,1,1
CUST102444,Priya Kaur,2026-04-05,Singapore,Mainstream,18-24,2026-06-10,9,637.44,70.83,4,49,115,0.0,3,2,3
CUST102445,Haziq Chong,2025-07-12,Singapore,Budget,25-34,2026-07-04,9,955.68,106.19,3,25,382,0.0,2,2,2
CUST102446,Hui Ling Tan,2024-12-27,Indonesia,Budget,25-34,2026-06-13,3,1432.65,477.55,2,46,579,0.0,3,4,1
CUST102447,Mei Ling Lee,2026-04-21,Singapore,Budget,25-34,2026-07-11,12,2148.85,179.07,5,18,99,0.0,2,1,1
CUST102448,Suresh Chong,2025-07-21,Indonesia,Mainstream,35-44,2026-05-16,9,1490.85,165.65,6,74,373,0.0,3,2,1
CUST102449,Xin Yi Chong,2025-04-04,Malaysia,Budget,35-44,2026-04-02,4,1020.29,255.07,3,118,481,1.0,4,4,2
CUST102450,Priya Nair,2025-03-01,Indonesia,Budget,35-44,2026-07-19,5,962.85,192.57,4,10,515,0.0,1,3,2
CUST102451,Zhi Hao Yusof,2026-05-14,Thailand,Budget,25-34,2026-07-06,3,498.87,166.29,2,23,76,0.0,2,4,3
CUST102452,Nur Aisyah Nair,2025-02-09,Malaysia,Premium,18-24,2026-07-22,14,2828.14,202.01,7,7,535,0.0,1,1,1
CUST102453,Kumar Chua,2026-07-10,Singapore,Budget,45-54,2026-05-12,2,62.41,31.2,2,78,19,0.0,3,4,4
CUST102454,Xin Yi Nair,2026-02-07,Indonesia,Budget,25-34,2026-04-22,4,1235.25,308.81,2,98,172,1.0,4,4,2
CUST102455,Chen Wei Chong,2025-12-08,Singapore,Premium,25-34,2026-06-20,13,955.07,73.47,4,39,233,0.0,3,1,2
CUST102456,Wei Ming Nair,2024-11-14,Singapore,Mainstream,25-34,2026-07-05,10,2082.48,208.25,5,24,622,0.0,2,1,1
CUST102457,Xin Yi Lim,2026-03-11,Singapore,Mainstream,35-44,2026-07-25,8,983.19,122.9,5,4,140,0.0,1,2,2
CUST102458,Arif Rahman,2025-01-04,Thailand,Mainstream,25-34,2026-07-22,6,1449.35,241.56,5,7,571,0.0,1,3,1
CUST102459,Haziq Kaur,2024-08-07,Singapore,Budget,45-54,2026-07-04,5,679.72,135.94,3,25,721,0.0,2,3,3
CUST102460,Nabila Muthu,2024-08-28,Malaysia,Mainstream,25-34,2026-07-07,12,1898.84,158.24,6,22,700,0.0,2,1,1
CUST102461,Divya Yusof,2025-12-20,Malaysia,Budget,55+,2026-03-16,2,40.34,20.17,2,135,221,1.0,4,4,4
CUST102462,Priya Lim,2026-05-21,Indonesia,Premium,25-34,2026-07-18,17,2542.91,149.58,7,11,69,0.0,1,1,1
CUST102463,Jia Xin Chong,2026-02-17,Singapore,Budget,35-44,2026-07-28,7,1295.31,185.04,5,1,162,0.0,1,2,2
CUST102464,Nur Aisyah Binte Ismail,2025-01-14,Thailand,Mainstream,25-34,2026-07-06,8,2188.92,273.62,3,23,561,0.0,2,2,1
CUST102465,Wei Ming Chua,2026-03-08,Indonesia,Mainstream,45-54,2026-07-10,9,1602.82,178.09,6,19,143,0.0,2,2,1
CUST102466,Suresh Osman,2025-04-14,Malaysia,Budget,25-34,2026-05-03,5,1247.8,249.56,4,87,471,0.0,4,3,2
CUST102467,Jia Xin Chong,2025-10-30,Malaysia,Budget,45-54,2026-06-18,5,266.11,53.22,3,41,272,0.0,3,3,4
CUST102468,Nabila Chong,2025-01-16,Indonesia,Mainstream,45-54,2026-07-28,7,611.22,87.32,3,1,559,0.0,1,2,3
CUST102469,Kumar Wong,2025-05-13,Indonesia,Budget,35-44,2026-07-24,10,1309.07,130.91,7,5,442,0.0,1,1,2
CUST102470,Ravi Lee,2025-05-28,Malaysia,Premium,25-34,2026-07-08,10,663.35,66.34,4,21,427,0.0,2,1,3
CUST102471,Haziq Osman,2025-01-05,Singapore,Budget,25-34,2026-07-04,7,982.82,140.4,5,25,570,0.0,2,2,2
CUST102472,Wei Ming Yusof,2024-08-31,Singapore,Mainstream,55+,2026-07-22,8,1575.73,196.97,5,7,697,0.0,1,2,1
CUST102473,Jia Xin Kaur,2025-11-05,Singapore,Mainstream,55+,2026-07-24,8,1612.63,201.58,5,5,266,0.0,1,2,1
CUST102474,Kumar Wong,2025-07-08,Singapore,Mainstream,18-24,2026-05-25,8,2147.81,268.48,5,65,386,0.0,3,2,1
CUST102475,Priya Tan,2025-04-29,Singapore,Mainstream,25-34,2026-07-08,9,1397.55,155.28,5,21,456,0.0,2,2,2
CUST102476,Xin Yi Bin Abdullah,2024-12-06,Singapore,Mainstream,18-24,2026-07-05,10,910.59,91.06,5,24,600,0.0,2,1,2
CUST102477,Jia Xin Bin Abdullah,2025-08-12,Thailand,Mainstream,25-34,2026-06-10,9,1314.96,146.11,5,49,351,0.0,3,2,2
CUST102478,Nur Aisyah Wong,2025-10-29,Indonesia,Mainstream,25-34,2026-06-16,8,671.21,83.9,5,43,273,0.0,3,2,3
CUST102479,Chen Wei Goh,2024-11-19,Indonesia,Mainstream,45-54,2026-06-13,2,176.9,88.45,2,46,617,0.0,3,4,4
CUST102480,Jia Xin Kaur,2024-09-02,Malaysia,Budget,18-24,2026-04-12,1,105.27,105.27,1,108,695,1.0,4,4,4
CUST102481,Nabila Binte Ismail,2025-06-09,Malaysia,Budget,45-54,2026-07-03,8,1682.33,210.29,5,26,415,0.0,2,2,1
CUST102482,Chen Wei Lim,2026-05-15,Singapore,Budget,55+,2025-11-19,2,95.22,47.61,2,252,75,1.0,4,4,4
CUST102483,Siti Wong,2025-12-30,Indonesia,Mainstream,25-34,2026-07-28,11,1603.97,145.82,7,1,211,0.0,1,1,1
CUST102484,Wei Ming Osman,2025-08-26,Singapore,Premium,25-34,2026-07-17,15,1975.54,131.7,7,12,337,0.0,1,1,1
CUST102485,Suresh Wong,2025-03-03,Malaysia,Budget,35-44,2026-06-29,5,288.45,57.69,5,30,513,0.0,2,3,4
CUST102486,Haziq Chua,2025-03-28,Thailand,Mainstream,25-34,2026-05-08,5,910.65,182.13,3,82,488,0.0,4,3,2
CUST102487,Haziq Osman,2024-12-08,Thailand,Budget,35-44,2026-06-16,4,477.69,119.42,2,43,598,0.0,3,4,3
CUST102488,Divya Lim,2026-07-08,Singapore,Mainstream,35-44,2026-07-01,7,323.81,46.26,4,28,21,0.0,2,2,4
CUST102489,Chen Wei Nair,2025-08-24,Indonesia,Mainstream,18-24,2026-07-26,8,1636.73,204.59,5,3,339,0.0,1,2,1
CUST102490,Chen Wei Goh,2025-03-05,Singapore,Mainstream,45-54,2026-06-12,9,937.82,104.2,5,47,511,0.0,3,2,2
CUST102491,Nur Aisyah Lee,2024-08-08,Singapore,Mainstream,25-34,2026-07-29,12,1291.62,107.64,6,0,720,0.0,1,1,2
CUST102492,Nur Aisyah Tan,2026-04-17,Singapore,Mainstream,25-34,2026-04-07,5,782.48,156.5,3,113,103,1.0,4,3,3
CUST102493,Nabila Muthu,2024-10-26,Singapore,Budget,55+,2026-05-27,4,348.42,87.1,3,63,641,0.0,3,4,4
CUST102494,Chen Wei Muthu,2026-07-24,Indonesia,Mainstream,18-24,2026-07-24,12,1029.05,85.75,6,5,5,0.0,1,1,2
CUST102495,Zhi Hao Kaur,2026-03-08,Malaysia,Budget,18-24,2026-05-03,3,680.44,226.81,3,87,143,0.0,4,4,3
CUST102496,Nabila Chong,2024-11-18,Singapore,Premium,25-34,2026-07-23,7,680.02,97.15,6,6,618,0.0,1,2,3
CUST102497,Zhi Hao Binte Ismail,2025-01-01,Thailand,Mainstream,25-34,2026-06-03,7,994.15,142.02,4,56,574,0.0,3,2,2
CUST102498,Ravi Osman,2024-08-18,Malaysia,Budget,25-34,2026-06-08,7,1847.65,263.95,4,51,710,0.0,3,2,1
CUST102499,Aina Kaur,2025-05-17,Malaysia,Budget,35-44,2026-05-22,2,870.94,435.47,2,68,438,0.0,3,4,2
CUST102500,Nur Aisyah Tan,2025-05-06,Malaysia,Mainstream,25-34,2026-07-04,9,536.08,59.56,4,25,449,0.0,2,2,3
CUST102501,Zhi Hao Yusof,2025-07-04,Malaysia,Premium,35-44,2026-06-04,22,3619.33,164.52,7,55,390,0.0,3,1,1
CUST102502,Xin Yi Goh,2025-07-21,Malaysia,Budget,18-24,2026-06-23,4,358.36,89.59,4,36,373,0.0,2,4,4
CUST102503,Mei Ling Osman,2025-07-19,Malaysia,Mainstream,25-34,2026-06-30,9,2187.54,243.06,5,29,375,0.0,2,2,1
CUST102504,Ravi Rahman,2025-12-28,Thailand,Budget,55+,2026-06-13,4,445.51,111.38,4,46,213,0.0,3,4,4
CUST102505,Haziq Tan,2024-11-14,Singapore,Mainstream,45-54,2026-06-28,9,1018.9,113.21,5,31,622,0.0,2,2,2
CUST102506,Divya Goh,2025-11-11,Malaysia,Mainstream,35-44,2026-05-29,13,1131.76,87.06,6,61,260,0.0,3,1,2
CUST102507,Aina Goh,2025-05-10,Singapore,Budget,25-34,2026-06-16,8,670.29,83.79,4,43,445,0.0,3,2,3
CUST102508,Hui Ling Kaur,2025-03-28,Thailand,Mainstream,35-44,2026-07-25,4,569.69,142.42,3,4,488,0.0,1,4,3
CUST102509,Xin Yi Nair,2025-07-02,Singapore,Budget,45-54,2026-07-24,4,195.14,48.78,2,5,392,0.0,1,4,4
CUST102510,Suresh Lee,2025-05-09,Singapore,Mainstream,45-54,2026-07-29,8,2110.67,263.83,5,0,446,0.0,1,2,1
CUST102511,Aina Lee,2026-06-24,Thailand,Budget,35-44,2026-07-15,3,316.38,105.46,3,14,35,0.0,1,4,4
CUST102512,Suresh Lim,2025-12-11,Malaysia,Mainstream,25-34,2026-03-16,4,265.04,66.26,3,135,230,1.0,4,4,4
CUST102513,Kumar Lim,2025-09-05,Singapore,Budget,18-24,2026-06-05,5,462.29,92.46,4,54,327,0.0,3,3,4
CUST102514,Ravi Binte Ismail,2025-10-15,Singapore,Mainstream,18-24,2026-07-22,6,534.27,89.04,5,7,287,0.0,1,3,3
CUST102515,Priya Osman,2024-10-05,Malaysia,Budget,18-24,2026-07-25,7,1644.02,234.86,4,4,662,0.0,1,2,1
CUST102516,Jia Xin Bin Abdullah,2024-10-13,Thailand,Mainstream,25-34,2026-07-06,11,1960.99,178.27,6,23,654,0.0,2,1,1
CUST102517,Wei Ming Binte Ismail,2025-02-25,Malaysia,Budget,18-24,2026-07-18,5,665.93,133.19,4,11,519,0.0,1,3,3
CUST102518,Chen Wei Chong,2025-11-14,Singapore,Budget,25-34,2026-07-02,5,554.37,110.87,3,27,257,0.0,2,3,3
CUST102519,Nabila Binte Ismail,2026-06-22,Malaysia,Mainstream,35-44,2026-07-21,11,1839.87,167.26,6,8,37,0.0,1,1,1
CUST102520,Jia Xin Bin Abdullah,2025-01-24,Malaysia,Mainstream,35-44,2026-07-20,9,2103.94,233.77,4,9,551,0.0,1,2,1
CUST102521,Jia Xin Chong,2024-10-22,Singapore,Mainstream,35-44,2026-06-19,9,1142.0,126.89,5,40,645,0.0,3,2,2
CUST102522,Haziq Wong,2025-08-06,Thailand,Mainstream,25-34,2026-05-31,11,1033.52,93.96,7,59,357,0.0,3,1,2
CUST102523,Xin Yi Nair,2024-12-03,Singapore,Budget,35-44,2026-07-19,5,999.54,199.91,5,10,603,0.0,1,3,2
CUST102524,Kumar Muthu,2024-09-18,Thailand,Premium,55+,2026-05-05,13,890.1,68.47,5,85,679,0.0,4,1,2
CUST102525,Farhan Bin Abdullah,2025-06-25,Indonesia,Budget,25-34,2026-06-22,5,307.63,61.53,5,37,399,0.0,2,3,4
CUST102526,Nabila Muthu,2026-02-27,Singapore,Premium,45-54,2026-07-29,20,2484.57,124.23,7,0,152,0.0,1,1,1
CUST102527,Wei Ming Muthu,2026-07-13,Indonesia,Premium,25-34,2026-03-27,11,1326.03,120.55,5,124,16,1.0,4,1,2
CUST102528,Chen Wei Osman,2025-01-23,Indonesia,Budget,35-44,2026-04-29,3,315.74,105.25,3,91,552,1.0,4,4,4
CUST102529,Kumar Nair,2025-06-14,Malaysia,Budget,35-44,2026-07-19,5,733.17,146.63,4,10,410,0.0,1,3,3
CUST102530,Ahmad Nair,2026-04-08,Malaysia,Mainstream,35-44,2026-05-25,9,1093.02,121.45,6,65,112,0.0,3,2,2
CUST102531,Zhi Hao Nair,2026-06-20,Singapore,Mainstream,45-54,2026-06-23,10,671.16,67.12,6,36,39,0.0,2,1,3
CUST102532,Ahmad Yusof,2024-08-21,Singapore,Budget,25-34,2026-01-15,2,105.97,52.98,1,195,707,1.0,4,4,4
CUST102533,Ahmad Tan,2025-12-08,Indonesia,Budget,45-54,2026-07-11,5,438.73,87.75,4,18,233,0.0,2,3,4
CUST102534,Wei Ming Goh,2025-12-03,Singapore,Budget,45-54,2026-07-12,6,877.18,146.2,5,17,238,0.0,2,3,2
CUST102535,Chen Wei Chong,2025-04-26,Singapore,Mainstream,45-54,2026-07-29,6,1655.22,275.87,4,0,459,0.0,1,3,1
CUST102536,Nur Aisyah Chua,2025-11-05,Malaysia,Mainstream,18-24,2026-07-03,11,2006.02,182.37,7,26,266,0.0,2,1,1
CUST102537,Arif Wong,2024-10-01,Singapore,Budget,18-24,2026-06-20,3,357.39,119.13,3,39,666,0.0,3,4,4
CUST102538,Priya Tan,2025-03-19,Indonesia,Mainstream,45-54,2026-05-29,8,739.37,92.42,3,61,497,0.0,3,2,3
CUST102539,Haziq Kaur,2025-11-10,Indonesia,Mainstream,35-44,2026-07-22,11,2797.31,254.3,6,7,261,0.0,1,1,1
CUST102540,Priya Kaur,2026-01-16,Indonesia,Premium,55+,2026-07-28,14,1686.02,120.43,6,1,194,0.0,1,1,1
CUST102541,Wei Ming Lee,2024-11-09,Singapore,Budget,25-34,2026-02-20,2,30.95,15.48,1,159,627,1.0,4,4,4
CUST102542,Ahmad Wong,2025-05-24,Malaysia,Budget,45-54,2026-07-23,4,821.58,205.4,2,6,431,0.0,1,4,3
CUST102543,Haziq Binte Ismail,2024-09-27,Indonesia,Budget,45-54,2026-06-15,7,1048.95,149.85,4,44,670,0.0,3,2,2
CUST102544,Arif Kaur,2025-11-20,Malaysia,Mainstream,45-54,2026-06-09,5,324.08,64.82,3,50,251,0.0,3,3,4
CUST102545,Suresh Wong,2026-07-14,Indonesia,Budget,35-44,2026-06-05,3,130.0,43.33,2,54,15,0.0,3,4,4
CUST102546,Wei Ming Goh,2024-10-11,Malaysia,Budget,18-24,2026-05-23,4,1102.1,275.52,4,67,656,0.0,3,4,2
CUST102547,Farhan Bin Abdullah,2026-02-05,Singapore,Mainstream,35-44,2026-07-27,7,524.68,74.95,4,2,174,0.0,1,2,3
CUST102548,Zhi Hao Rahman,2024-11-19,Singapore,Mainstream,35-44,2026-02-16,3,603.06,201.02,1,163,617,1.0,4,4,3
CUST102549,Chen Wei Rahman,2025-02-26,Indonesia,Budget,25-34,2026-01-15,3,1518.8,506.27,1,195,518,1.0,4,4,1
CUST102550,Divya Chong,2026-02-10,Singapore,Budget,25-34,2026-07-26,3,171.96,57.32,2,3,169,0.0,1,4,4
CUST102551,Siti Kaur,2025-01-23,Thailand,Budget,45-54,2026-02-07,6,603.29,100.55,5,172,552,1.0,4,3,3
CUST102552,Arif Nair,2026-05-31,Malaysia,Budget,18-24,2026-07-23,6,776.26,129.38,5,6,59,0.0,1,3,3
CUST102553,Xin Yi Goh,2025-10-16,Singapore,Budget,25-34,2026-07-14,3,1047.91,349.3,3,15,286,0.0,1,4,2
CUST102554,Priya Rahman,2025-11-11,Indonesia,Budget,35-44,2026-07-24,1,50.9,50.9,1,5,260,0.0,1,4,4
CUST102555,Ahmad Yusof,2025-04-06,Malaysia,Budget,55+,2026-05-01,6,405.1,67.52,4,89,479,0.0,4,3,4
CUST102556,Nabila Tan,2025-07-04,Singapore,Premium,35-44,2026-06-12,13,1895.51,145.81,6,47,390,0.0,3,1,1
CUST102557,Siti Binte Ismail,2025-05-09,Thailand,Premium,25-34,2026-06-30,10,768.68,76.87,5,29,446,0.0,2,1,3
CUST102558,Kumar Lee,2025-08-16,Indonesia,Budget,18-24,2026-07-19,7,1067.09,152.44,3,10,347,0.0,1,2,2
CUST102559,Suresh Tan,2025-02-04,Malaysia,Mainstream,25-34,2026-07-29,13,1952.85,150.22,6,0,540,0.0,1,1,1
CUST102560,Haziq Nair,2026-04-04,Indonesia,Budget,25-34,2026-07-26,4,981.89,245.47,3,3,116,0.0,1,4,2
CUST102561,Zhi Hao Yusof,2025-02-20,Malaysia,Mainstream,45-54,2026-07-23,11,706.65,64.24,5,6,524,0.0,1,1,3
CUST102562,Arif Chua,2026-06-23,Malaysia,Premium,25-34,2026-07-16,8,1347.31,168.41,5,13,36,0.0,1,2,2
CUST102563,Siti Kaur,2026-05-28,Singapore,Mainstream,18-24,2026-04-06,7,1749.64,249.95,4,114,62,1.0,4,2,1
CUST102564,Aina Nair,2025-02-16,Singapore,Mainstream,45-54,2026-07-05,6,1218.38,203.06,4,24,528,0.0,2,3,2
CUST102565,Priya Wong,2026-04-05,Malaysia,Budget,18-24,2025-11-19,1,207.45,207.45,1,252,115,1.0,4,4,4
CUST102566,Mei Ling Tan,2025-01-13,Malaysia,Budget,18-24,2026-02-15,3,1330.21,443.4,2,164,562,1.0,4,4,2
CUST102567,Ravi Lim,2026-04-24,Indonesia,Mainstream,35-44,2026-05-24,10,1718.71,171.87,6,66,96,0.0,3,1,1
CUST102568,Mei Ling Nair,2026-04-13,Malaysia,Budget,18-24,2026-07-17,6,658.41,109.74,3,12,107,0.0,1,3,3
CUST102569,Hui Ling Goh,2024-09-17,Malaysia,Mainstream,25-34,2026-06-03,6,575.21,95.87,5,56,680,0.0,3,3,3
CUST102570,Jia Xin Tan,2026-03-22,Indonesia,Mainstream,55+,2026-07-28,14,2017.5,144.11,6,1,129,0.0,1,1,1
CUST102571,Aina Chong,2024-10-01,Thailand,Budget,45-54,2026-04-07,2,258.27,129.14,2,113,666,1.0,4,4,4
CUST102572,Zhi Hao Chua,2025-11-17,Singapore,Mainstream,45-54,2026-07-20,10,1762.07,176.21,6,9,254,0.0,1,1,1
CUST102573,Mei Ling Osman,2024-12-24,Thailand,Mainstream,35-44,2026-04-20,2,54.95,27.48,2,100,582,1.0,4,4,4
CUST102574,Jia Xin Chong,2024-09-12,Indonesia,Mainstream,18-24,,0,0.0,0.0,0,9999,685,,4,4,4
CUST102575,Nur Aisyah Nair,2026-05-05,Singapore,Mainstream,45-54,2026-05-24,5,528.22,105.64,4,66,85,0.0,3,3,3
CUST102576,Kumar Yusof,2025-11-30,Singapore,Mainstream,35-44,2026-05-28,4,515.58,128.89,2,62,241,0.0,3,4,3
CUST102577,Haziq Osman,2025-06-05,Singapore,Budget,18-24,2026-04-18,5,1053.65,210.73,3,102,419,1.0,4,3,2
CUST102578,Chen Wei Lim,2024-11-05,Indonesia,Mainstream,25-34,2026-07-29,7,1353.33,193.33,5,0,631,0.0,1,2,2
CUST102579,Arif Muthu,2026-03-15,Malaysia,Budget,35-44,2026-06-07,4,474.89,118.72,3,52,136,0.0,3,4,3
CUST102580,Jia Xin Tan,2026-03-15,Malaysia,Budget,18-24,2026-07-19,3,225.65,75.22,3,10,136,0.0,1,4,4
CUST102581,Kumar Osman,2025-11-03,Indonesia,Premium,25-34,2026-07-25,10,1483.21,148.32,6,4,268,0.0,1,1,1
CUST102582,Jia Xin Lim,2026-03-02,Singapore,Budget,25-34,2026-05-14,3,132.11,44.04,3,76,149,0.0,3,4,4
CUST102583,Ravi Bin Abdullah,2026-01-16,Malaysia,Budget,25-34,2026-07-26,5,172.64,34.53,4,3,194,0.0,1,3,4
CUST102584,Jia Xin Tan,2026-04-26,Thailand,Budget,18-24,2026-05-01,3,317.02,105.67,2,89,94,0.0,4,4,4
CUST102585,Zhi Hao Lee,2024-12-01,Thailand,Premium,35-44,2026-07-23,14,2468.74,176.34,4,6,605,0.0,1,1,1
CUST102586,Suresh Wong,2024-12-25,Indonesia,Premium,25-34,2026-07-20,14,1280.1,91.44,6,9,581,0.0,1,1,2
CUST102587,Siti Bin Abdullah,2026-04-15,Singapore,Budget,35-44,2026-07-25,6,557.67,92.94,5,4,105,0.0,1,3,3
CUST102588,Siti Lee,2025-07-03,Singapore,Mainstream,25-34,2026-07-14,6,1386.32,231.05,6,15,391,0.0,1,3,2
CUST102589,Hui Ling Lee,2025-04-14,Singapore,Budget,25-34,2026-07-10,9,2287.96,254.22,6,19,471,0.0,2,2,1
CUST102590,Suresh Chua,2025-04-27,Malaysia,Mainstream,35-44,2026-07-15,3,323.25,107.75,2,14,458,0.0,1,4,4
CUST102591,Zhi Hao Muthu,2024-08-10,Singapore,Mainstream,35-44,2026-05-18,4,693.59,173.4,3,72,718,0.0,3,4,3
CUST102592,Xin Yi Nair,2025-04-17,Thailand,Budget,18-24,2026-02-28,4,828.55,207.14,4,151,468,1.0,4,4,3
CUST102593,Suresh Lim,2025-03-15,Indonesia,Mainstream,35-44,2026-07-10,11,1199.87,109.08,5,19,501,0.0,2,1,2
CUST102594,Haziq Rahman,2026-07-06,Malaysia,Premium,45-54,2026-07-13,11,1397.41,127.04,7,16,23,0.0,1,1,2
CUST102595,Ravi Muthu,2026-06-02,Singapore,Budget,25-34,2026-06-18,4,922.17,230.54,4,41,57,0.0,3,4,2
CUST102596,Mei Ling Lim,2025-05-04,Malaysia,Budget,35-44,2026-07-20,4,221.02,55.26,3,9,451,0.0,1,4,4
CUST102597,Jia Xin Lee,2024-10-05,Malaysia,Premium,25-34,2026-07-26,20,3129.9,156.5,7,3,662,0.0,1,1,1
CUST102598,Chen Wei Goh,2025-10-11,Indonesia,Budget,45-54,2026-07-01,7,833.53,119.08,3,28,291,0.0,2,2,3
CUST102599,Divya Goh,2025-04-16,Singapore,Mainstream,25-34,2026-07-08,9,1369.14,152.13,6,21,469,0.0,2,2,2
CUST102600,Farhan Lee,2026-02-26,Indonesia,Mainstream,55+,2026-06-10,10,939.81,93.98,5,49,153,0.0,3,1,2
CUST102601,Haziq Yusof,2025-08-30,Singapore,Budget,35-44,2026-03-28,3,638.21,212.74,3,123,333,1.0,4,4,3
CUST102602,Ahmad Lee,2025-01-27,Singapore,Budget,35-44,2026-05-11,3,229.26,76.42,2,79,548,0.0,3,4,4
CUST102603,Ravi Chua,2025-04-04,Thailand,Budget,25-34,2026-06-28,3,371.39,123.8,3,31,481,0.0,2,4,4
CUST102604,Mei Ling Tan,2026-05-07,Singapore,Budget,35-44,2026-04-28,5,903.36,180.67,4,92,83,1.0,4,3,2
CUST102605,Arif Bin Abdullah,2024-10-26,Singapore,Mainstream,18-24,2026-07-02,7,508.42,72.63,5,27,641,0.0,2,2,3
CUST102606,Mei Ling Nair,2024-09-21,Malaysia,Mainstream,25-34,2026-06-26,7,1196.03,170.86,5,33,676,0.0,2,2,2
CUST102607,Haziq Binte Ismail,2025-08-15,Malaysia,Budget,25-34,2026-05-16,4,891.24,222.81,4,74,348,0.0,3,4,2
CUST102608,Xin Yi Nair,2025-11-23,Singapore,Mainstream,35-44,2026-07-13,9,666.15,74.02,5,16,248,0.0,1,2,3
CUST102609,Hui Ling Wong,2025-07-07,Singapore,Budget,45-54,2026-04-15,4,364.45,91.11,3,105,387,1.0,4,4,4
CUST102610,Priya Muthu,2024-12-22,Singapore,Budget,55+,2026-07-23,2,127.44,63.72,2,6,584,0.0,1,4,4
CUST102611,Chen Wei Osman,2025-09-02,Malaysia,Mainstream,25-34,2026-07-27,6,1519.19,253.2,4,2,330,0.0,1,3,1
CUST102612,Ahmad Kaur,2026-07-08,Singapore,Budget,45-54,2026-07-22,5,507.03,101.41,3,7,21,0.0,1,3,3
CUST102613,Priya Chua,2026-06-07,Indonesia,Mainstream,45-54,2026-07-28,8,2401.36,300.17,5,1,52,0.0,1,2,1
CUST102614,Hui Ling Rahman,2024-12-14,Thailand,Budget,45-54,2026-01-05,3,956.7,318.9,3,205,592,1.0,4,4,2
CUST102615,Arif Kaur,2025-01-01,Singapore,Mainstream,35-44,2026-06-26,6,1518.68,253.11,4,33,574,0.0,2,3,1
CUST102616,Kumar Bin Abdullah,2025-01-12,Singapore,Premium,25-34,2026-06-04,6,1735.47,289.24,4,55,563,0.0,3,3,1
CUST102617,Jia Xin Osman,2026-04-28,Singapore,Budget,45-54,2026-03-15,4,171.98,43.0,4,136,92,1.0,4,4,4
CUST102618,Divya Osman,2026-03-27,Singapore,Premium,35-44,2026-04-22,9,2744.16,304.91,6,98,124,1.0,4,2,1
CUST102619,Chen Wei Muthu,2025-10-14,Singapore,Budget,35-44,2026-04-26,3,826.34,275.45,3,94,288,1.0,4,4,3
CUST102620,Jia Xin Muthu,2026-02-11,Indonesia,Budget,25-34,2026-06-15,4,288.28,72.07,3,44,168,0.0,3,4,4
CUST102621,Chen Wei Goh,2025-10-20,Singapore,Budget,25-34,2025-09-22,4,582.08,145.52,4,310,282,1.0,4,4,3
CUST102622,Jia Xin Binte Ismail,2025-06-17,Malaysia,Mainstream,25-34,2026-07-10,6,323.92,53.99,4,19,407,0.0,2,3,4
CUST102623,Divya Muthu,2026-01-06,Indonesia,Mainstream,35-44,2026-07-16,12,2328.31,194.03,6,13,204,0.0,1,1,1
CUST102624,Chen Wei Chong,2026-04-30,Indonesia,Premium,25-34,2026-06-29,13,1794.57,138.04,7,30,90,0.0,2,1,1
CUST102625,Arif Lee,2025-10-09,Singapore,Mainstream,45-54,2026-07-21,11,1863.33,169.39,5,8,293,0.0,1,1,1
CUST102626,Ravi Chong,2025-02-17,Singapore,Budget,18-24,2026-06-12,3,661.34,220.45,3,47,527,0.0,3,4,3
CUST102627,Priya Wong,2025-05-04,Thailand,Premium,18-24,2026-07-25,11,1514.15,137.65,6,4,451,0.0,1,1,1
CUST102628,Hui Ling Rahman,2025-12-07,Singapore,Premium,25-34,2026-06-16,15,1189.78,79.32,6,43,234,0.0,3,1,2
CUST102629,Aina Binte Ismail,2025-12-14,Indonesia,Mainstream,25-34,2026-07-09,9,989.48,109.94,5,20,227,0.0,2,2,2
CUST102630,Nabila Lim,2025-05-29,Indonesia,Mainstream,25-34,2026-07-26,15,2396.3,159.75,7,3,426,0.0,1,1,1
CUST102631,Divya Kaur,2026-03-26,Malaysia,Mainstream,35-44,2026-07-08,8,648.6,81.08,5,21,125,0.0,2,2,3
CUST102632,Haziq Muthu,2024-11-28,Singapore,Budget,55+,2026-03-25,4,821.72,205.43,4,126,608,1.0,4,4,3
CUST102633,Ahmad Nair,2024-11-02,Singapore,Premium,25-34,2026-05-23,13,955.0,73.46,7,67,634,0.0,3,1,2
CUST102634,Aina Kaur,2026-07-11,Malaysia,Premium,25-34,2026-06-16,15,2255.88,150.39,7,43,18,0.0,3,1,1
CUST102635,Nur Aisyah Lee,2024-08-20,Malaysia,Mainstream,45-54,2026-07-16,8,1471.57,183.95,5,13,708,0.0,1,2,1
CUST102636,Siti Lee,2026-07-12,Indonesia,Budget,25-34,2026-04-28,6,1223.46,203.91,5,92,17,1.0,4,3,2
CUST102637,Zhi Hao Binte Ismail,2025-08-29,Indonesia,Budget,35-44,2025-12-10,1,109.98,109.98,1,231,334,1.0,4,4,4
CUST102638,Siti Osman,2025-03-29,Thailand,Premium,35-44,2026-07-24,12,3442.23,286.85,6,5,487,0.0,1,1,1
CUST102639,Jia Xin Bin Abdullah,2025-12-03,Thailand,Premium,45-54,2026-07-13,19,2705.18,142.38,7,16,238,0.0,1,1,1
CUST102640,Ravi Yusof,2026-03-03,Indonesia,Mainstream,18-24,2026-06-21,7,433.2,61.89,4,38,148,0.0,2,2,4
CUST102641,Haziq Chua,2026-06-25,Singapore,Premium,55+,2026-07-21,14,1805.48,128.96,7,8,34,0.0,1,1,1
CUST102642,Nabila Chong,2025-02-14,Malaysia,Mainstream,55+,2026-06-26,9,1475.63,163.96,5,33,530,0.0,2,2,1
CUST102643,Kumar Osman,2026-07-03,Malaysia,Premium,18-24,2026-07-11,9,1983.68,220.41,5,18,26,0.0,2,2,1
CUST102644,Kumar Rahman,2025-08-10,Malaysia,Budget,35-44,2026-03-08,3,209.57,69.86,3,143,353,1.0,4,4,4
CUST102645,Haziq Muthu,2025-10-16,Singapore,Budget,25-34,2026-07-25,8,1256.73,157.09,5,4,286,0.0,1,2,2
CUST102646,Priya Yusof,2024-08-22,Malaysia,Mainstream,25-34,2026-06-22,4,399.73,99.93,3,37,706,0.0,2,4,4
CUST102647,Chen Wei Chua,2024-09-18,Singapore,Budget,55+,2026-07-04,5,1112.14,222.43,4,25,679,0.0,2,3,2
CUST102648,Wei Ming Nair,2024-12-10,Singapore,Budget,25-34,2026-01-03,2,72.15,36.08,2,207,596,1.0,4,4,4
CUST102649,Nur Aisyah Osman,2025-02-11,Indonesia,Mainstream,25-34,2026-06-29,8,861.75,107.72,6,30,533,0.0,2,2,2
CUST102650,Hui Ling Goh,2025-06-28,Malaysia,Budget,18-24,2026-07-15,3,348.02,116.01,3,14,396,0.0,1,4,4
CUST102651,Nur Aisyah Lee,2025-11-17,Malaysia,Mainstream,35-44,2026-07-09,8,747.38,93.42,6,20,254,0.0,2,2,3
CUST102652,Siti Osman,2026-03-30,Malaysia,Budget,45-54,2026-04-09,4,823.79,205.95,4,111,121,1.0,4,4,3
CUST102653,Jia Xin Chua,2024-08-22,Malaysia,Mainstream,35-44,2026-07-07,4,1214.46,303.62,3,22,706,0.0,2,4,2
CUST102654,Hui Ling Lee,2025-10-22,Singapore,Budget,35-44,2026-05-08,7,665.25,95.04,4,82,280,0.0,4,2,3
CUST102655,Chen Wei Muthu,2025-09-20,Malaysia,Mainstream,18-24,2026-05-06,12,1261.68,105.14,6,84,312,0.0,4,1,2
CUST102656,Siti Wong,2026-04-17,Singapore,Mainstream,35-44,2026-06-14,13,1690.15,130.01,7,45,103,0.0,3,1,1
CUST102657,Farhan Chong,2026-01-08,Indonesia,Budget,25-34,2026-06-13,4,236.16,59.04,4,46,202,0.0,3,4,4
CUST102658,Ahmad Lim,2025-04-22,Singapore,Budget,35-44,2026-07-27,8,1226.18,153.27,6,2,463,0.0,1,2,2
CUST102659,Xin Yi Binte Ismail,2025-09-21,Thailand,Budget,35-44,2026-07-01,1,190.09,190.09,1,28,311,0.0,2,4,4
CUST102660,Priya Osman,2025-05-28,Indonesia,Budget,55+,2026-06-11,2,126.0,63.0,2,48,427,0.0,3,4,4
CUST102661,Aina Wong,2026-02-25,Malaysia,Budget,35-44,2026-07-17,4,489.44,122.36,4,12,154,0.0,1,4,3
CUST102662,Chen Wei Wong,2026-05-31,Singapore,Budget,35-44,2026-01-21,2,132.18,66.09,2,189,59,1.0,4,4,4
CUST102663,Divya Binte Ismail,2024-10-21,Malaysia,Mainstream,25-34,2026-07-03,9,1229.84,136.65,5,26,646,0.0,2,2,2
CUST102664,Nur Aisyah Kaur,2025-09-17,Indonesia,Budget,18-24,2026-05-10,3,276.58,92.19,3,80,315,0.0,3,4,4
CUST102665,Divya Osman,2025-11-08,Indonesia,Budget,35-44,2026-07-15,4,912.31,228.08,4,14,263,0.0,1,4,2
CUST102666,Jia Xin Muthu,2026-01-02,Indonesia,Budget,35-44,2026-02-19,3,242.56,80.85,2,160,208,1.0,4,4,4
CUST102667,Zhi Hao Lim,2025-04-05,Thailand,Mainstream,35-44,2026-05-16,4,461.24,115.31,2,74,480,0.0,3,4,4
CUST102668,Ravi Chong,2025-06-13,Malaysia,Mainstream,35-44,2026-06-30,6,761.2,126.87,4,29,411,0.0,2,3,3
CUST102669,Jia Xin Kaur,2025-10-18,Indonesia,Mainstream,25-34,2026-06-17,5,1061.3,212.26,5,42,284,0.0,3,3,2
CUST102670,Priya Nair,2024-09-18,Malaysia,Mainstream,25-34,2026-07-05,16,2539.57,158.72,6,24,679,0.0,2,1,1
CUST102671,Divya Lee,2024-10-09,Malaysia,Mainstream,18-24,2026-05-15,8,1447.3,180.91,6,75,658,0.0,3,2,1
CUST102672,Kumar Wong,2026-03-07,Malaysia,Budget,35-44,2025-12-18,2,364.03,182.02,2,223,144,1.0,4,4,4
CUST102673,Mei Ling Kaur,2025-04-17,Indonesia,Budget,55+,2026-06-26,6,468.46,78.08,5,33,468,0.0,2,3,3
CUST102674,Priya Chong,2024-08-22,Singapore,Mainstream,35-44,2026-07-10,8,1100.72,137.59,4,19,706,0.0,2,2,2
CUST102675,Siti Kaur,2025-08-07,Singapore,Budget,35-44,2026-07-02,3,85.85,28.62,2,27,356,0.0,2,4,4
CUST102676,Arif Kaur,2026-07-07,Singapore,Mainstream,35-44,2026-06-10,9,1543.32,171.48,6,49,22,0.0,3,2,1
CUST102677,Xin Yi Osman,2026-04-24,Thailand,Mainstream,25-34,2026-07-19,4,987.95,246.99,3,10,96,0.0,1,4,2
CUST102678,Aina Chua,2025-03-29,Malaysia,Mainstream,25-34,2026-05-16,4,725.33,181.33,2,74,487,0.0,3,4,3
CUST102679,Hui Ling Wong,2024-10-09,Malaysia,Mainstream,25-34,2026-07-23,8,742.99,92.87,5,6,658,0.0,1,2,3
CUST102680,Aina Osman,2026-04-27,Malaysia,Premium,55+,2026-07-29,12,1936.39,161.37,7,0,93,0.0,1,1,1
CUST102681,Divya Osman,2025-06-25,Malaysia,Budget,18-24,2026-07-08,5,494.65,98.93,4,21,399,0.0,2,3,3
CUST102682,Kumar Bin Abdullah,2025-08-01,Thailand,Budget,35-44,2026-01-29,6,1679.25,279.88,4,181,362,1.0,4,3,1
CUST102683,Hui Ling Chong,2026-01-02,Thailand,Premium,25-34,2026-07-23,15,2302.34,153.49,7,6,208,0.0,1,1,1
CUST102684,Aina Rahman,2025-04-24,Indonesia,Mainstream,35-44,2026-07-24,8,586.0,73.25,6,5,461,0.0,1,2,3
CUST102685,Xin Yi Chua,2024-10-27,Indonesia,Budget,25-34,2025-11-30,1,856.91,856.91,1,241,640,1.0,4,4,3
CUST102686,Jia Xin Binte Ismail,2026-02-05,Singapore,Budget,55+,2026-04-16,2,306.65,153.32,2,104,174,1.0,4,4,4
CUST102687,Ravi Yusof,2026-06-20,Singapore,Budget,25-34,2026-05-25,4,532.31,133.08,2,65,39,0.0,3,4,3
CUST102688,Nur Aisyah Binte Ismail,2025-11-09,Malaysia,Mainstream,55+,2026-07-02,9,1793.57,199.29,5,27,262,0.0,2,2,1
CUST102689,Mei Ling Kaur,2025-12-12,Indonesia,Budget,35-44,2026-05-27,5,408.4,81.68,4,63,229,0.0,3,3,4
CUST102690,Nur Aisyah Goh,2025-02-14,Singapore,Budget,25-34,2025-12-01,2,203.75,101.88,2,240,530,1.0,4,4,4
CUST102691,Jia Xin Wong,2025-07-03,Indonesia,Budget,35-44,2026-05-21,9,1000.79,111.2,4,69,391,0.0,3,2,2
CUST102692,Hui Ling Muthu,2026-07-16,Singapore,Premium,35-44,2026-05-24,6,1301.79,216.97,5,66,13,0.0,3,3,2
CUST102693,Siti Goh,2025-11-23,Singapore,Mainstream,18-24,2026-04-24,9,1284.0,142.67,6,96,248,1.0,4,2,2
CUST102694,Mei Ling Muthu,2025-02-08,Singapore,Mainstream,35-44,2026-07-19,7,660.67,94.38,5,10,536,0.0,1,2,3
CUST102695,Nur Aisyah Bin Abdullah,2025-08-15,Indonesia,Premium,35-44,2026-06-12,10,2386.09,238.61,5,47,348,0.0,3,1,1
CUST102696,Haziq Osman,2025-06-14,Indonesia,Budget,35-44,2026-07-06,4,350.97,87.74,3,23,410,0.0,2,4,4
CUST102697,Ahmad Tan,2026-01-18,Malaysia,Mainstream,35-44,2026-06-06,7,1373.34,196.19,5,53,192,0.0,3,2,2
CUST102698,Chen Wei Wong,2025-12-08,Indonesia,Mainstream,35-44,2026-07-22,6,443.81,73.97,4,7,233,0.0,1,3,4
CUST102699,Chen Wei Muthu,2026-04-26,Indonesia,Mainstream,25-34,2026-05-10,8,600.1,75.01,5,80,94,0.0,3,2,3
CUST102700,Suresh Yusof,2026-05-31,Malaysia,Mainstream,25-34,2026-07-01,10,1159.77,115.98,4,28,59,0.0,2,1,2
CUST102701,Aina Kaur,2026-07-03,Indonesia,Premium,25-34,2026-07-20,13,2072.9,159.45,5,9,26,0.0,1,1,1
CUST102702,Wei Ming Wong,2025-04-30,Singapore,Budget,35-44,2026-06-15,4,941.29,235.32,2,44,455,0.0,3,4,2
CUST102703,Ravi Osman,2026-04-05,Malaysia,Budget,25-34,2026-05-05,4,934.31,233.58,4,85,115,0.0,4,4,2
CUST102704,Divya Yusof,2025-06-06,Singapore,Mainstream,18-24,2026-05-28,6,431.64,71.94,5,62,418,0.0,3,3,4
CUST102705,Wei Ming Kaur,2024-09-02,Malaysia,Budget,45-54,2026-04-02,4,304.39,76.1,3,118,695,1.0,4,4,4
CUST102706,Ahmad Muthu,2025-03-08,Malaysia,Mainstream,25-34,2026-05-03,12,1471.76,122.65,6,87,508,0.0,4,1,1
CUST102707,Priya Binte Ismail,2025-06-04,Singapore,Budget,25-34,2026-06-24,2,395.42,197.71,2,35,420,0.0,2,4,4
CUST102708,Jia Xin Bin Abdullah,2026-05-05,Malaysia,Mainstream,45-54,2026-04-03,9,1031.3,114.59,6,117,85,1.0,4,2,2
CUST102709,Divya Nair,2025-08-07,Indonesia,Mainstream,35-44,2026-05-22,7,422.13,60.3,4,68,356,0.0,3,2,4
CUST102710,Haziq Goh,2024-10-17,Malaysia,Premium,45-54,2026-07-29,16,2866.63,179.16,6,0,650,0.0,1,1,1
CUST102711,Hui Ling Binte Ismail,2025-10-22,Singapore,Mainstream,25-34,2026-04-26,4,680.02,170.0,3,94,280,1.0,4,4,3
CUST102712,Priya Binte Ismail,2024-12-03,Singapore,Premium,35-44,2026-06-28,15,2676.66,178.44,5,31,603,0.0,2,1,1
CUST102713,Haziq Bin Abdullah,2025-02-27,Malaysia,Mainstream,55+,2026-06-16,8,1486.65,185.83,4,43,517,0.0,3,2,1
CUST102714,Wei Ming Osman,2026-01-16,Indonesia,Mainstream,25-34,2026-07-24,9,925.0,102.78,5,5,194,0.0,1,2,2
CUST102715,Nabila Binte Ismail,2026-04-17,Thailand,Mainstream,18-24,2026-07-03,11,1697.95,154.36,6,26,103,0.0,2,1,1
CUST102716,Priya Kaur,2026-07-17,Singapore,Mainstream,25-34,2026-07-11,9,1513.42,168.16,6,18,12,0.0,2,2,1
CUST102717,Ahmad Goh,2026-01-09,Indonesia,Mainstream,45-54,2026-05-29,6,1345.27,224.21,3,61,201,0.0,3,3,2
CUST102718,Farhan Tan,2025-11-28,Malaysia,Budget,25-34,2026-03-14,7,420.11,60.02,4,137,243,1.0,4,2,4
CUST102719,Farhan Chong,2025-04-07,Thailand,Budget,35-44,2026-03-08,6,720.25,120.04,3,143,478,1.0,4,3,3
CUST102720,Ahmad Kaur,2025-06-07,Singapore,Mainstream,35-44,2026-07-21,8,1453.65,181.71,4,8,417,0.0,1,2,1
CUST102721,Chen Wei Osman,2025-08-14,Malaysia,Budget,55+,2025-10-22,3,285.81,95.27,3,280,349,1.0,4,4,4
CUST102722,Kumar Wong,2025-02-17,Malaysia,Mainstream,25-34,2026-04-11,2,399.46,199.73,2,109,527,1.0,4,4,4
CUST102723,Aina Lee,2025-01-13,Singapore,Budget,35-44,2026-04-04,6,1101.94,183.66,5,116,562,1.0,4,3,2
CUST102724,Farhan Bin Abdullah,2025-02-24,Singapore,Budget,55+,2026-07-18,9,1880.55,208.95,6,11,520,0.0,1,2,1
CUST102725,Kumar Chua,2024-10-13,Singapore,Mainstream,25-34,2026-01-29,6,445.14,74.19,4,181,654,1.0,4,3,4
CUST102726,Haziq Chua,2025-11-09,Malaysia,Budget,35-44,2026-04-11,3,110.41,36.8,2,109,262,1.0,4,4,4
CUST102727,Priya Bin Abdullah,2024-12-05,Indonesia,Premium,18-24,2026-07-19,18,2546.77,141.49,6,10,601,0.0,1,1,1
CUST102728,Nur Aisyah Wong,2025-09-25,Indonesia,Premium,25-34,2026-05-20,10,2376.66,237.67,6,70,307,0.0,3,1,1
CUST102729,Ahmad Muthu,2026-03-17,Singapore,Mainstream,18-24,2026-06-30,6,802.37,133.73,4,29,134,0.0,2,3,3
CUST102730,Suresh Tan,2026-04-14,Thailand,Budget,25-34,2026-05-16,6,1132.29,188.72,5,74,106,0.0,3,3,2
CUST102731,Ravi Rahman,2026-05-24,Malaysia,Budget,25-34,2026-07-04,5,356.12,71.22,4,25,66,0.0,2,3,4
CUST102732,Nur Aisyah Chong,2024-08-31,Thailand,Mainstream,45-54,2026-07-04,10,946.44,94.64,5,25,697,0.0,2,1,2
CUST102733,Wei Ming Wong,2026-03-28,Singapore,Budget,25-34,2026-07-02,5,314.88,62.98,3,27,123,0.0,2,3,4
CUST102734,Divya Rahman,2024-11-27,Indonesia,Premium,25-34,2026-07-28,10,2443.26,244.33,4,1,609,0.0,1,1,1
CUST102735,Divya Lee,2025-01-04,Thailand,Premium,35-44,2026-03-13,9,1079.46,119.94,6,138,571,1.0,4,2,2
CUST102736,Xin Yi Bin Abdullah,2025-09-12,Indonesia,Budget,55+,2026-05-20,3,708.2,236.07,3,70,320,0.0,3,4,3
CUST102737,Hui Ling Kaur,2024-09-30,Indonesia,Mainstream,25-34,2026-07-15,5,1046.19,209.24,4,14,667,0.0,1,3,2
CUST102738,Kumar Yusof,2024-10-04,Malaysia,Mainstream,18-24,2026-07-13,9,891.85,99.09,5,16,663,0.0,1,2,2
CUST102739,Hui Ling Chong,2024-09-22,Indonesia,Mainstream,18-24,2026-06-16,5,201.05,40.21,5,43,675,0.0,3,3,4
CUST102740,Nabila Lim,2025-08-01,Malaysia,Budget,45-54,2026-06-01,5,1414.66,282.93,3,58,362,0.0,3,3,1
CUST102741,Priya Osman,2025-12-24,Malaysia,Mainstream,45-54,2026-06-11,10,2365.42,236.54,4,48,217,0.0,3,1,1
CUST102742,Ahmad Bin Abdullah,2026-06-28,Thailand,Budget,35-44,2026-07-23,11,1818.68,165.33,4,6,31,0.0,1,1,1
CUST102743,Siti Chua,2024-11-23,Singapore,Premium,18-24,2026-07-16,17,3654.66,214.98,6,13,613,0.0,1,1,1
CUST102744,Suresh Wong,2024-10-30,Malaysia,Mainstream,35-44,2026-02-21,5,305.37,61.07,3,158,637,1.0,4,3,4
CUST102745,Mei Ling Chua,2025-07-03,Thailand,Mainstream,35-44,2026-06-28,8,1571.59,196.45,7,31,391,0.0,2,2,1
CUST102746,Nur Aisyah Binte Ismail,2026-06-08,Singapore,Premium,25-34,2026-04-23,10,2695.95,269.59,7,97,51,1.0,4,1,1
CUST102747,Xin Yi Bin Abdullah,2024-12-06,Singapore,Mainstream,18-24,2026-02-11,3,233.12,77.71,2,168,600,1.0,4,4,4
CUST102748,Xin Yi Kaur,2025-12-24,Singapore,Mainstream,25-34,2026-06-24,5,875.64,175.13,4,35,217,0.0,2,3,2
CUST102749,Nabila Tan,2025-06-24,Indonesia,Budget,35-44,2026-06-20,6,772.29,128.72,5,39,400,0.0,3,3,3
CUST102750,Chen Wei Binte Ismail,2025-04-04,Thailand,Mainstream,55+,2026-06-27,10,917.44,91.74,6,32,481,0.0,2,1,2
CUST102751,Wei Ming Yusof,2026-04-14,Singapore,Budget,25-34,2026-05-25,4,210.72,52.68,3,65,106,0.0,3,4,4
CUST102752,Ahmad Osman,2026-06-14,Malaysia,Premium,55+,2026-07-06,6,328.82,54.8,4,23,45,0.0,2,3,4
CUST102753,Arif Lim,2026-06-02,Malaysia,Budget,25-34,2026-07-14,6,950.18,158.36,4,15,57,0.0,1,3,2
CUST102754,Divya Muthu,2024-08-28,Indonesia,Budget,35-44,2026-07-10,4,845.47,211.37,3,19,700,0.0,2,4,3
CUST102755,Farhan Chua,2024-08-30,Indonesia,Mainstream,45-54,2026-07-02,5,801.45,160.29,4,27,698,0.0,2,3,3
CUST102756,Chen Wei Muthu,2025-09-21,Thailand,Budget,35-44,2026-06-25,5,1213.26,242.65,5,34,311,0.0,2,3,2
CUST102757,Ahmad Yusof,2025-09-22,Singapore,Premium,18-24,2026-07-16,10,892.15,89.22,5,13,310,0.0,1,1,2
CUST102758,Ahmad Yusof,2025-10-06,Singapore,Budget,25-34,2026-07-27,3,609.64,203.21,2,2,296,0.0,1,4,3
CUST102759,Divya Kaur,2025-11-16,Malaysia,Budget,45-54,2026-03-19,2,214.91,107.46,2,132,255,1.0,4,4,4
CUST102760,Farhan Nair,2025-06-28,Malaysia,Mainstream,35-44,2026-07-12,9,1451.63,161.29,6,17,396,0.0,2,2,1
CUST102761,Xin Yi Muthu,2025-11-11,Malaysia,Mainstream,25-34,2026-06-20,8,846.58,105.82,4,39,260,0.0,3,2,3
CUST102762,Zhi Hao Lim,2025-05-06,Singapore,Premium,35-44,2026-07-20,11,1448.27,131.66,6,9,449,0.0,1,1,1
CUST102763,Divya Rahman,2025-10-26,Singapore,Budget,25-34,2026-06-27,5,350.06,70.01,4,32,276,0.0,2,3,4
CUST102764,Wei Ming Lim,2025-04-26,Thailand,Budget,25-34,2026-07-03,6,559.01,93.17,4,26,459,0.0,2,3,3
CUST102765,Divya Goh,2024-09-08,Singapore,Budget,45-54,2026-05-08,4,308.61,77.15,4,82,689,0.0,4,4,4
CUST102766,Ahmad Lee,2026-03-01,Malaysia,Budget,25-34,2026-07-16,6,884.76,147.46,6,13,150,0.0,1,3,2
CUST102767,Hui Ling Yusof,2026-06-14,Indonesia,Mainstream,25-34,2026-07-26,11,1023.46,93.04,6,3,45,0.0,1,1,2
CUST102768,Hui Ling Osman,2025-07-10,Singapore,Budget,25-34,2026-07-12,2,114.9,57.45,2,17,384,0.0,2,4,4
CUST102769,Haziq Goh,2026-05-04,Singapore,Mainstream,55+,2026-06-25,6,674.21,112.37,5,34,86,0.0,2,3,3
CUST102770,Kumar Bin Abdullah,2026-02-11,Malaysia,Premium,25-34,2026-07-09,7,1478.75,211.25,5,20,168,0.0,2,2,1
CUST102771,Kumar Chua,2024-12-30,Malaysia,Budget,25-34,2026-03-17,5,240.38,48.08,4,134,576,1.0,4,3,4
CUST102772,Siti Muthu,2025-09-27,Singapore,Mainstream,25-34,2026-07-22,14,1269.37,90.67,6,7,305,0.0,1,1,2
CUST102773,Nur Aisyah Tan,2025-06-23,Malaysia,Budget,18-24,2026-04-05,3,93.0,31.0,2,115,401,1.0,4,4,4
CUST102774,Siti Chua,2025-01-09,Singapore,Mainstream,18-24,2026-05-16,7,1078.41,154.06,3,74,566,0.0,3,2,2
CUST102775,Zhi Hao Wong,2026-04-27,Singapore,Budget,18-24,2026-07-07,6,1073.33,178.89,5,22,93,0.0,2,3,2
CUST102776,Aina Nair,2025-08-14,Singapore,Mainstream,18-24,2026-07-29,10,1174.54,117.45,5,0,349,0.0,1,1,2
CUST102777,Divya Kaur,2026-07-04,Singapore,Budget,35-44,2026-06-19,5,686.37,137.27,4,40,25,0.0,3,3,3
CUST102778,Arif Binte Ismail,2025-07-30,Malaysia,Budget,25-34,2026-07-25,4,459.45,114.86,4,4,364,0.0,1,4,4
CUST102779,Ahmad Bin Abdullah,2026-02-16,Thailand,Budget,25-34,2026-07-18,8,1233.46,154.18,5,11,163,0.0,1,2,2
CUST102780,Mei Ling Lim,2024-10-02,Singapore,Budget,35-44,2026-04-08,2,237.02,118.51,2,112,665,1.0,4,4,4
CUST102781,Xin Yi Lim,2026-01-20,Malaysia,Premium,18-24,2026-07-05,18,2914.4,161.91,7,24,190,0.0,2,1,1
CUST102782,Hui Ling Nair,2026-03-05,Malaysia,Budget,25-34,2026-06-26,8,1340.88,167.61,6,33,146,0.0,2,2,2
CUST102783,Siti Wong,2026-07-19,Indonesia,Premium,55+,2026-07-17,16,1873.23,117.08,6,12,10,0.0,1,1,1
CUST102784,Priya Binte Ismail,2026-04-23,Malaysia,Mainstream,35-44,2026-07-01,11,2368.92,215.36,7,28,97,0.0,2,1,1
CUST102785,Xin Yi Yusof,2026-02-22,Singapore,Budget,35-44,2026-06-12,4,776.1,194.02,3,47,157,0.0,3,4,3
CUST102786,Siti Yusof,2026-02-13,Malaysia,Budget,35-44,2025-08-08,1,239.27,239.27,1,355,166,1.0,4,4,4
CUST102787,Ravi Chong,2025-02-06,Singapore,Budget,55+,2026-01-22,5,470.46,94.09,3,188,538,1.0,4,3,3
CUST102788,Divya Goh,2024-10-20,Indonesia,Mainstream,18-24,2026-04-19,5,631.77,126.35,4,101,647,1.0,4,3,3
CUST102789,Mei Ling Wong,2024-11-12,Singapore,Budget,18-24,2026-05-20,5,477.99,95.6,5,70,624,0.0,3,3,3
CUST102790,Ahmad Osman,2024-08-30,Indonesia,Premium,45-54,2026-06-22,3,368.77,122.92,3,37,698,0.0,2,4,4
CUST102791,Ravi Lim,2024-10-12,Malaysia,Budget,18-24,2026-05-26,4,300.85,75.21,3,64,655,0.0,3,4,4
CUST102792,Mei Ling Chua,2025-08-31,Indonesia,Budget,35-44,2026-07-26,8,1961.71,245.21,4,3,332,0.0,1,2,1
CUST102793,Siti Goh,2025-10-18,Singapore,Budget,18-24,2026-05-18,2,264.79,132.4,2,72,284,0.0,3,4,4
CUST102794,Haziq Osman,2025-04-12,Indonesia,Mainstream,25-34,2026-05-05,4,400.42,100.1,2,85,473,0.0,4,4,4
CUST102795,Hui Ling Chong,2025-12-08,Indonesia,Mainstream,35-44,2026-05-14,5,573.74,114.75,5,76,233,0.0,3,3,3
CUST102796,Ahmad Nair,2025-05-15,Malaysia,Premium,35-44,2026-07-05,9,1947.05,216.34,5,24,440,0.0,2,2,1
CUST102797,Suresh Wong,2024-07-30,Singapore,Budget,35-44,2026-06-28,5,1029.02,205.8,5,31,729,0.0,2,3,2
CUST102798,Ahmad Yusof,2026-03-07,Singapore,Budget,25-34,2026-04-30,4,527.03,131.76,3,90,144,0.0,4,4,3
CUST102799,Xin Yi Chua,2025-01-14,Singapore,Mainstream,25-34,2026-06-06,7,1259.74,179.96,6,53,561,0.0,3,2,2
CUST102800,Priya Goh,2024-09-15,Indonesia,Mainstream,35-44,2026-07-01,9,669.49,74.39,3,28,682,0.0,2,2,3
CUST102801,Wei Ming Kaur,2025-07-02,Malaysia,Mainstream,18-24,2026-06-15,5,1267.6,253.52,4,44,392,0.0,3,3,2
CUST102802,Zhi Hao Tan,2025-11-12,Indonesia,Budget,35-44,2026-01-27,4,446.95,111.74,3,183,259,1.0,4,4,4
CUST102803,Mei Ling Chong,2026-01-25,Indonesia,Mainstream,35-44,2026-05-09,6,549.76,91.63,4,81,185,0.0,3,3,3
CUST102804,Zhi Hao Lim,2026-03-29,Indonesia,Budget,25-34,2026-04-25,8,808.15,101.02,5,95,122,1.0,4,2,3
CUST102805,Kumar Binte Ismail,2025-12-07,Indonesia,Premium,25-34,2026-07-04,13,1366.71,105.13,6,25,234,0.0,2,1,2
CUST102806,Zhi Hao Rahman,2025-01-31,Malaysia,Budget,45-54,2026-02-20,5,243.84,48.77,5,159,544,1.0,4,3,4
CUST102807,Divya Yusof,2025-07-18,Malaysia,Mainstream,25-34,2026-05-29,9,597.84,66.43,4,61,376,0.0,3,2,3
CUST102808,Xin Yi Bin Abdullah,2026-02-18,Singapore,Budget,18-24,2026-07-28,7,659.6,94.23,4,1,161,0.0,1,2,3
CUST102809,Chen Wei Bin Abdullah,2025-06-29,Indonesia,Mainstream,55+,2026-06-17,6,629.28,104.88,4,42,395,0.0,3,3,3
CUST102810,Wei Ming Tan,2024-12-16,Thailand,Premium,18-24,2026-07-17,18,2218.83,123.27,6,12,590,0.0,1,1,1
CUST102811,Siti Muthu,2026-07-20,Malaysia,Premium,45-54,2026-07-12,9,1465.27,162.81,6,17,9,0.0,2,2,1
CUST102812,Siti Yusof,2026-07-14,Thailand,Mainstream,18-24,2026-07-02,9,2104.94,233.88,4,27,15,0.0,2,2,1
CUST102813,Farhan Tan,2024-08-28,Thailand,Budget,25-34,2026-07-09,7,340.05,48.58,5,20,700,0.0,2,2,4
CUST102814,Farhan Tan,2025-01-29,Malaysia,Mainstream,35-44,2026-04-21,11,1612.21,146.56,6,99,546,1.0,4,1,1
CUST102815,Mei Ling Chong,2025-06-04,Indonesia,Mainstream,18-24,2026-06-07,8,2434.4,304.3,4,52,420,0.0,3,2,1
CUST102816,Ahmad Rahman,2024-10-06,Malaysia,Mainstream,35-44,2026-05-06,3,197.78,65.93,3,84,661,0.0,4,4,4
CUST102817,Xin Yi Chong,2025-05-25,Singapore,Budget,25-34,2026-05-03,7,743.74,106.25,6,87,430,0.0,4,2,3
CUST102818,Kumar Lee,2025-07-14,Singapore,Budget,35-44,2026-07-19,4,253.81,63.45,4,10,380,0.0,1,4,4
CUST102819,Arif Muthu,2026-02-25,Malaysia,Budget,45-54,2026-03-06,2,789.29,394.64,2,145,154,1.0,4,4,3
CUST102820,Xin Yi Rahman,2024-12-15,Indonesia,Mainstream,35-44,2026-06-19,5,373.3,74.66,3,40,591,0.0,3,3,4
CUST102821,Aina Yusof,2025-01-17,Singapore,Budget,25-34,2026-01-05,4,1084.82,271.2,3,205,558,1.0,4,4,2
CUST102822,Zhi Hao Tan,2025-12-26,Indonesia,Budget,25-34,2026-07-11,7,1357.78,193.97,4,18,215,0.0,2,2,2
CUST102823,Suresh Goh,2025-02-06,Indonesia,Mainstream,18-24,2026-05-31,6,1081.46,180.24,4,59,538,0.0,3,3,2
CUST102824,Nabila Goh,2025-02-14,Indonesia,Mainstream,55+,2026-07-26,12,1773.19,147.77,7,3,530,0.0,1,1,1
CUST102825,Chen Wei Chua,2026-05-21,Singapore,Premium,35-44,2026-07-26,13,2567.37,197.49,6,3,69,0.0,1,1,1
CUST102826,Hui Ling Lee,2026-04-03,Malaysia,Budget,35-44,2026-04-04,4,540.11,135.03,3,116,117,1.0,4,4,3
CUST102827,Siti Binte Ismail,2025-05-21,Singapore,Budget,25-34,2026-02-16,8,1191.42,148.93,5,163,434,1.0,4,2,2
CUST102828,Haziq Osman,2025-04-30,Singapore,Mainstream,25-34,2026-06-17,11,2063.29,187.57,5,42,455,0.0,3,1,1
CUST102829,Ahmad Chua,2025-04-05,Singapore,Budget,18-24,2026-06-09,10,1042.23,104.22,6,50,480,0.0,3,1,2
CUST102830,Arif Binte Ismail,2025-10-30,Singapore,Mainstream,25-34,2026-06-16,6,447.45,74.58,5,43,272,0.0,3,3,4
CUST102831,Suresh Lee,2024-11-27,Singapore,Budget,25-34,2026-01-09,3,673.76,224.59,3,201,609,1.0,4,4,3
CUST102832,Ahmad Lee,2025-09-07,Malaysia,Mainstream,25-34,2026-07-06,8,942.76,117.84,4,23,325,0.0,2,2,2
CUST102833,Siti Osman,2026-03-01,Malaysia,Budget,18-24,2026-07-21,4,695.45,173.86,3,8,150,0.0,1,4,3
CUST102834,Xin Yi Yusof,2026-05-06,Singapore,Mainstream,35-44,2026-07-10,7,696.27,99.47,4,19,84,0.0,2,2,3
CUST102835,Jia Xin Nair,2024-10-27,Thailand,Mainstream,25-34,2026-07-21,10,2091.33,209.13,5,8,640,0.0,1,1,1
CUST102836,Nabila Nair,2025-02-28,Malaysia,Budget,25-34,2026-01-31,3,105.12,35.04,2,179,516,1.0,4,4,4
CUST102837,Mei Ling Rahman,2025-08-27,Thailand,Mainstream,45-54,2026-04-30,3,156.55,52.18,2,90,336,0.0,4,4,4
CUST102838,Ahmad Wong,2026-02-27,Malaysia,Mainstream,35-44,2026-06-20,6,1012.15,168.69,3,39,152,0.0,3,3,2
CUST102839,Zhi Hao Tan,2026-05-20,Singapore,Mainstream,18-24,2026-07-06,6,1107.48,184.58,4,23,70,0.0,2,3,2
CUST102840,Nur Aisyah Chua,2026-04-09,Thailand,Budget,45-54,2026-07-12,5,1075.96,215.19,4,17,111,0.0,2,3,2
CUST102841,Jia Xin Lee,2026-05-13,Thailand,Budget,35-44,2026-02-19,3,296.24,98.75,2,160,77,1.0,4,4,4
CUST102842,Ahmad Lee,2025-07-08,Malaysia,Mainstream,35-44,2026-07-23,10,1716.26,171.63,6,6,386,0.0,1,1,1
CUST102843,Xin Yi Binte Ismail,2026-03-07,Malaysia,Mainstream,45-54,2026-07-17,10,1420.44,142.04,6,12,144,0.0,1,1,1
CUST102844,Xin Yi Binte Ismail,2026-04-27,Malaysia,Mainstream,18-24,2026-05-25,6,655.08,109.18,4,65,93,0.0,3,3,3
CUST102845,Jia Xin Chong,2026-01-04,Malaysia,Budget,35-44,2026-07-09,8,1327.13,165.89,6,20,206,0.0,2,2,2
CUST102846,Suresh Binte Ismail,2025-03-06,Indonesia,Premium,25-34,2026-06-30,9,1564.54,173.84,6,29,510,0.0,2,2,1
CUST102847,Divya Tan,2025-08-01,Malaysia,Budget,18-24,2026-05-29,2,222.61,111.3,2,61,362,0.0,3,4,4
CUST102848,Hui Ling Chua,2026-04-08,Singapore,Budget,25-34,2026-07-29,6,1231.42,205.24,3,0,112,0.0,1,3,2
CUST102849,Ravi Wong,2025-01-29,Singapore,Mainstream,25-34,2026-03-30,4,458.76,114.69,2,121,546,1.0,4,4,4
CUST102850,Zhi Hao Wong,2025-08-06,Singapore,Mainstream,18-24,2026-07-02,9,2234.05,248.23,6,27,357,0.0,2,2,1
CUST102851,Kumar Lee,2026-03-15,Singapore,Mainstream,35-44,2026-07-05,9,711.37,79.04,4,24,136,0.0,2,2,3
CUST102852,Priya Osman,2025-03-12,Malaysia,Budget,25-34,2025-10-07,2,172.91,86.46,2,295,504,1.0,4,4,4
CUST102853,Farhan Rahman,2024-08-04,Thailand,Budget,25-34,2026-05-26,4,835.27,208.82,3,64,724,0.0,3,4,3
CUST102854,Ahmad Chua,2025-06-30,Singapore,Mainstream,18-24,2026-04-12,4,505.69,126.42,4,108,394,1.0,4,4,3
CUST102855,Kumar Goh,2026-04-03,Singapore,Budget,25-34,2026-07-07,3,577.1,192.37,2,22,117,0.0,2,4,3
CUST102856,Mei Ling Nair,2025-12-16,Singapore,Mainstream,35-44,2026-07-01,7,531.58,75.94,5,28,225,0.0,2,2,3
CUST102857,Nabila Lee,2025-05-18,Malaysia,Mainstream,25-34,2026-06-02,4,347.53,86.88,3,57,437,0.0,3,4,4
CUST102858,Nur Aisyah Chua,2024-07-30,Malaysia,Budget,35-44,2026-05-07,9,848.55,94.28,6,83,729,0.0,4,2,3
CUST102859,Wei Ming Lee,2024-09-19,Malaysia,Mainstream,55+,2026-06-15,8,957.5,119.69,7,44,678,0.0,3,2,2
CUST102860,Nabila Lee,2024-09-16,Thailand,Premium,18-24,2026-07-29,9,1625.4,180.6,6,0,681,0.0,1,2,1
CUST102861,Aina Kaur,2024-11-29,Thailand,Mainstream,25-34,2026-07-13,10,670.11,67.01,4,16,607,0.0,1,1,3
CUST102862,Siti Rahman,2025-06-05,Indonesia,Budget,45-54,2026-07-26,4,515.42,128.86,3,3,419,0.0,1,4,3
CUST102863,Ahmad Lim,2025-04-13,Indonesia,Mainstream,35-44,2026-06-13,3,290.55,96.85,3,46,472,0.0,3,4,4
CUST102864,Farhan Lee,2025-02-09,Malaysia,Premium,55+,2026-07-09,9,643.21,71.47,4,20,535,0.0,2,2,3
CUST102865,Haziq Lim,2025-02-22,Malaysia,Mainstream,35-44,2026-03-10,5,241.64,48.33,4,141,522,1.0,4,3,4
CUST102866,Haziq Lee,2025-04-19,Malaysia,Budget,35-44,2026-01-05,1,63.26,63.26,1,205,466,1.0,4,4,4
CUST102867,Aina Chong,2026-04-23,Indonesia,Budget,18-24,2026-05-25,6,632.32,105.39,3,65,97,0.0,3,3,3
CUST102868,Kumar Muthu,2024-10-25,Singapore,Mainstream,25-34,2026-07-03,5,250.12,50.02,3,26,642,0.0,2,3,4
CUST102869,Siti Tan,2026-07-22,Singapore,Mainstream,35-44,2026-02-22,4,247.06,61.76,3,157,7,1.0,4,4,4
CUST102870,Xin Yi Nair,2025-09-22,Singapore,Premium,35-44,2026-07-12,12,1816.17,151.35,6,17,310,0.0,2,1,1
CUST102871,Suresh Lee,2025-09-16,Malaysia,Premium,45-54,2026-07-21,10,662.41,66.24,5,8,316,0.0,1,1,3
CUST102872,Wei Ming Tan,2024-08-01,Indonesia,Budget,55+,2026-06-16,5,231.91,46.38,3,43,727,0.0,3,3,4
CUST102873,Farhan Binte Ismail,2026-05-25,Singapore,Mainstream,25-34,2026-07-28,12,2934.71,244.56,6,1,65,0.0,1,1,1
CUST102874,Chen Wei Lim,2025-08-16,Malaysia,Budget,25-34,2026-01-23,4,463.05,115.76,4,187,347,1.0,4,4,3
CUST102875,Suresh Binte Ismail,2025-11-10,Malaysia,Budget,45-54,2026-07-08,6,750.65,125.11,5,21,261,0.0,2,3,3
CUST102876,Arif Rahman,2026-05-19,Indonesia,Budget,45-54,2026-05-09,5,769.26,153.85,4,81,71,0.0,3,3,3
CUST102877,Arif Lee,2026-02-16,Singapore,Premium,45-54,2026-07-21,16,1790.85,111.93,7,8,163,0.0,1,1,1
CUST102878,Priya Kaur,2025-09-24,Singapore,Budget,35-44,2026-02-15,2,460.12,230.06,2,164,308,1.0,4,4,4
CUST102879,Ahmad Tan,2024-09-29,Malaysia,Mainstream,55+,2026-05-08,12,2456.01,204.67,7,82,668,0.0,4,1,1
CUST102880,Arif Bin Abdullah,2025-10-19,Malaysia,Budget,25-34,2026-07-09,3,253.5,84.5,2,20,283,0.0,2,4,4
CUST102881,Nur Aisyah Lim,2024-10-25,Indonesia,Budget,18-24,2026-05-16,3,918.69,306.23,3,74,642,0.0,3,4,2
CUST102882,Priya Chong,2025-02-09,Malaysia,Mainstream,18-24,2026-01-19,5,415.59,83.12,4,191,535,1.0,4,3,4
CUST102883,Priya Rahman,2024-12-09,Thailand,Budget,25-34,2026-07-16,2,195.5,97.75,2,13,597,0.0,1,4,4
CUST102884,Mei Ling Chong,2024-11-13,Singapore,Budget,45-54,2026-07-11,6,1355.92,225.99,4,18,623,0.0,2,3,2
CUST102885,Priya Binte Ismail,2025-02-23,Malaysia,Mainstream,25-34,2026-07-12,10,1642.1,164.21,7,17,521,0.0,2,1,1
CUST102886,Farhan Tan,2025-02-09,Thailand,Mainstream,35-44,2026-06-20,6,613.17,102.2,5,39,535,0.0,3,3,3
CUST102887,Mei Ling Goh,2026-04-08,Singapore,Mainstream,25-34,2026-07-18,5,384.93,76.99,4,11,112,0.0,1,3,4
CUST102888,Jia Xin Lim,2025-02-21,Indonesia,Mainstream,35-44,2026-07-28,7,503.64,71.95,5,1,523,0.0,1,2,3
CUST102889,Ravi Lim,2026-06-24,Singapore,Budget,25-34,2026-01-17,4,252.99,63.25,4,193,35,1.0,4,4,4
CUST102890,Nur Aisyah Bin Abdullah,2025-02-06,Malaysia,Budget,35-44,2026-06-29,8,629.1,78.64,5,30,538,0.0,2,2,3
CUST102891,Suresh Goh,2025-04-08,Singapore,Budget,25-34,2026-04-13,5,654.3,130.86,4,107,477,1.0,4,3,3
CUST102892,Divya Nair,2025-01-23,Malaysia,Premium,25-34,2026-07-24,13,2361.9,181.68,6,5,552,0.0,1,1,1
CUST102893,Zhi Hao Nair,2025-04-17,Indonesia,Budget,25-34,2026-05-28,7,743.39,106.2,4,62,468,0.0,3,2,3
CUST102894,Ahmad Goh,2025-11-02,Singapore,Budget,35-44,2026-05-11,6,1088.36,181.39,5,79,269,0.0,3,3,2
CUST102895,Ravi Lim,2025-11-02,Singapore,Premium,35-44,2026-07-18,14,1617.47,115.53,7,11,269,0.0,1,1,1
CUST102896,Jia Xin Goh,2025-05-20,Singapore,Premium,55+,2026-05-21,10,799.99,80.0,6,69,435,0.0,3,1,3
CUST102897,Farhan Binte Ismail,2025-08-18,Singapore,Budget,45-54,2025-12-10,2,507.06,253.53,2,231,345,1.0,4,4,3
CUST102898,Suresh Nair,2025-11-23,Malaysia,Mainstream,25-34,2026-07-17,13,3727.73,286.75,7,12,248,0.0,1,1,1
CUST102899,Divya Lee,2025-08-06,Thailand,Budget,18-24,2026-07-09,7,1098.71,156.96,5,20,357,0.0,2,2,2
CUST102900,Arif Wong,2025-07-03,Singapore,Mainstream,18-24,2026-07-11,8,1701.06,212.63,5,18,391,0.0,2,2,1
CUST102901,Farhan Muthu,2026-02-04,Malaysia,Mainstream,25-34,2026-06-11,8,1096.96,137.12,5,48,175,0.0,3,2,2
CUST102902,Priya Bin Abdullah,2025-04-20,Malaysia,Premium,25-34,2026-07-03,19,1981.16,104.27,7,26,465,0.0,2,1,1
CUST102903,Farhan Goh,2025-12-12,Singapore,Budget,45-54,2026-06-21,5,266.22,53.24,2,38,229,0.0,2,3,4
CUST102904,Mei Ling Wong,2026-01-15,Singapore,Mainstream,55+,2026-07-09,5,1607.17,321.43,4,20,195,0.0,2,3,1
CUST102905,Aina Nair,2025-09-27,Indonesia,Budget,25-34,2026-05-13,5,440.23,88.05,3,77,305,0.0,3,3,4
CUST102906,Kumar Goh,2026-05-15,Malaysia,Mainstream,45-54,,0,0.0,0.0,0,9999,75,,4,4,4
CUST102907,Divya Tan,2025-05-15,Indonesia,Mainstream,45-54,2026-05-27,2,100.23,50.12,2,63,440,0.0,3,4,4
CUST102908,Farhan Muthu,2025-02-09,Malaysia,Mainstream,25-34,2026-06-27,8,475.19,59.4,4,32,535,0.0,2,2,3
CUST102909,Jia Xin Chong,2024-08-31,Malaysia,Premium,45-54,2026-07-29,11,1634.74,148.61,6,0,697,0.0,1,1,1
CUST102910,Zhi Hao Yusof,2026-01-03,Thailand,Mainstream,55+,2026-01-14,7,1401.95,200.28,5,196,207,1.0,4,2,2
CUST102911,Suresh Bin Abdullah,2025-07-01,Thailand,Mainstream,55+,2026-06-11,12,1457.13,121.43,5,48,393,0.0,3,1,1
CUST102912,Ahmad Chong,2025-07-27,Thailand,Budget,35-44,2026-03-02,3,1124.35,374.78,3,149,367,1.0,4,4,2
CUST102913,Nur Aisyah Yusof,2025-02-11,Singapore,Premium,25-34,2026-07-16,13,797.28,61.33,4,13,533,0.0,1,1,3
CUST102914,Arif Lee,2025-04-29,Thailand,Mainstream,25-34,2026-05-09,5,1054.6,210.92,4,81,456,0.0,3,3,2
CUST102915,Priya Bin Abdullah,2024-12-17,Indonesia,Budget,55+,2026-06-04,4,339.97,84.99,4,55,589,0.0,3,4,4
CUST102916,Haziq Binte Ismail,2024-11-16,Indonesia,Mainstream,25-34,2026-07-16,4,237.91,59.48,2,13,620,0.0,1,4,4
CUST102917,Kumar Osman,2026-05-08,Indonesia,Budget,25-34,2026-06-28,4,301.25,75.31,4,31,82,0.0,2,4,4
CUST102918,Suresh Tan,2025-11-12,Thailand,Mainstream,25-34,2026-05-01,7,702.81,100.4,6,89,259,0.0,4,2,3
CUST102919,Kumar Yusof,2025-04-09,Malaysia,Budget,35-44,2026-07-03,6,249.68,41.61,5,26,476,0.0,2,3,4
CUST102920,Xin Yi Goh,2025-06-28,Indonesia,Budget,18-24,2026-06-18,6,1264.69,210.78,5,41,396,0.0,3,3,2
CUST102921,Divya Tan,2025-08-12,Indonesia,Premium,45-54,2026-07-16,9,1942.0,215.78,4,13,351,0.0,1,2,1
CUST102922,Suresh Bin Abdullah,2026-03-25,Indonesia,Premium,35-44,2026-07-15,12,1730.65,144.22,7,14,126,0.0,1,1,1
CUST102923,Arif Yusof,2025-06-07,Indonesia,Mainstream,25-34,2026-07-29,9,626.25,69.58,4,0,417,0.0,1,2,3
CUST102924,Zhi Hao Tan,2025-02-04,Singapore,Premium,25-34,2026-07-29,15,1625.51,108.37,7,0,540,0.0,1,1,1
CUST102925,Nur Aisyah Chong,2026-07-01,Singapore,Budget,35-44,2026-06-10,8,2481.38,310.17,4,49,28,0.0,3,2,1
CUST102926,Kumar Yusof,2025-05-24,Malaysia,Budget,45-54,2026-05-03,3,905.99,302.0,3,87,431,0.0,4,4,2
CUST102927,Farhan Chong,2024-10-06,Indonesia,Premium,45-54,2026-07-20,11,1507.63,137.06,6,9,661,0.0,1,1,1
CUST102928,Mei Ling Wong,2025-06-06,Indonesia,Mainstream,45-54,2026-02-12,8,475.99,59.5,4,167,418,1.0,4,2,3
CUST102929,Priya Yusof,2024-09-02,Indonesia,Mainstream,25-34,2026-07-05,11,1158.3,105.3,6,24,695,0.0,2,1,2
CUST102930,Ahmad Chong,2025-11-14,Indonesia,Budget,45-54,2026-07-13,6,735.78,122.63,4,16,257,0.0,1,3,3
CUST102931,Divya Binte Ismail,2026-07-27,Malaysia,Budget,35-44,2026-04-15,7,737.69,105.38,3,105,2,1.0,4,2,3
CUST102932,Chen Wei Chong,2025-03-19,Singapore,Budget,35-44,2026-04-03,6,1137.34,189.56,5,117,497,1.0,4,3,2
CUST102933,Ravi Muthu,2026-02-24,Malaysia,Premium,35-44,2026-06-24,8,814.62,101.83,5,35,155,0.0,2,2,3
CUST102934,Chen Wei Yusof,2026-07-22,Thailand,Budget,25-34,2026-07-21,3,575.63,191.88,2,8,7,0.0,1,4,3
CUST102935,Xin Yi Kaur,2026-03-20,Malaysia,Mainstream,35-44,2026-07-27,11,2312.52,210.23,6,2,131,0.0,1,1,1
CUST102936,Ravi Rahman,2024-09-16,Thailand,Budget,35-44,2026-06-16,3,192.33,64.11,2,43,681,0.0,3,4,4
CUST102937,Ravi Lim,2025-01-05,Thailand,Mainstream,25-34,2026-07-05,7,355.23,50.75,4,24,570,0.0,2,2,4
CUST102938,Chen Wei Binte Ismail,2026-01-10,Malaysia,Budget,35-44,2026-06-22,2,646.98,323.49,2,37,200,0.0,2,4,3
CUST102939,Aina Tan,2025-05-19,Indonesia,Mainstream,25-34,2026-07-21,7,341.09,48.73,2,8,436,0.0,1,2,4
CUST102940,Nur Aisyah Goh,2025-11-24,Malaysia,Mainstream,35-44,2026-07-08,7,508.34,72.62,4,21,247,0.0,2,2,3
CUST102941,Haziq Binte Ismail,2026-03-22,Malaysia,Budget,45-54,2026-04-23,5,284.03,56.81,4,97,129,1.0,4,3,4
CUST102942,Arif Osman,2024-08-07,Singapore,Budget,18-24,2026-06-24,7,911.25,130.18,6,35,721,0.0,2,2,2
CUST102943,Nabila Bin Abdullah,2024-12-12,Singapore,Budget,25-34,2026-06-04,5,972.11,194.42,4,55,594,0.0,3,3,2
CUST102944,Aina Rahman,2025-11-06,Singapore,Mainstream,35-44,2026-06-06,11,1216.24,110.57,5,53,265,0.0,3,1,2
CUST102945,Ravi Lee,2025-11-13,Malaysia,Mainstream,18-24,2026-07-05,8,1088.39,136.05,4,24,258,0.0,2,2,2
CUST102946,Arif Rahman,2024-12-11,Singapore,Budget,25-34,2026-01-01,1,35.02,35.02,1,209,595,1.0,4,4,4
CUST102947,Ahmad Chua,2025-08-27,Malaysia,Mainstream,35-44,2026-07-26,4,551.45,137.86,4,3,336,0.0,1,4,3
CUST102948,Wei Ming Goh,2025-10-27,Malaysia,Budget,18-24,2026-06-27,5,459.42,91.88,4,32,275,0.0,2,3,4
CUST102949,Zhi Hao Muthu,2025-10-20,Malaysia,Premium,35-44,2026-07-21,18,2896.1,160.89,7,8,282,0.0,1,1,1
CUST102950,Chen Wei Bin Abdullah,2025-09-06,Thailand,Premium,18-24,2026-07-09,11,1818.72,165.34,7,20,326,0.0,2,1,1
CUST102951,Hui Ling Chua,2025-07-14,Malaysia,Mainstream,18-24,2026-03-15,5,419.31,83.86,4,136,380,1.0,4,3,4
CUST102952,Nur Aisyah Bin Abdullah,2026-06-30,Singapore,Budget,25-34,2026-06-27,7,617.35,88.19,5,32,29,0.0,2,2,3
CUST102953,Mei Ling Muthu,2025-08-13,Thailand,Budget,55+,2026-07-05,4,298.06,74.52,4,24,350,0.0,2,4,4
CUST102954,Xin Yi Kaur,2025-09-11,Indonesia,Premium,35-44,2026-07-05,16,2515.73,157.23,6,24,321,0.0,2,1,1
CUST102955,Nur Aisyah Wong,2026-01-10,Indonesia,Budget,25-34,2026-05-08,5,1191.92,238.38,3,82,200,0.0,4,3,2
CUST102956,Aina Bin Abdullah,2025-11-12,Indonesia,Mainstream,25-34,2026-06-16,8,1032.58,129.07,5,43,259,0.0,3,2,2
CUST102957,Ahmad Tan,2025-09-23,Singapore,Premium,35-44,2026-05-19,9,1271.54,141.28,6,71,309,0.0,3,2,2
CUST102958,Priya Binte Ismail,2025-11-04,Indonesia,Mainstream,35-44,2026-04-29,6,1179.53,196.59,4,91,267,1.0,4,3,2
CUST102959,Aina Muthu,2024-10-04,Singapore,Mainstream,25-34,2026-07-13,8,1376.38,172.05,6,16,663,0.0,1,2,2
CUST102960,Arif Chua,2025-07-09,Malaysia,Mainstream,25-34,2026-07-27,14,1492.76,106.63,6,2,385,0.0,1,1,1
CUST102961,Aina Goh,2025-07-27,Singapore,Premium,35-44,2026-05-15,9,708.82,78.76,4,75,367,0.0,3,2,3
CUST102962,Chen Wei Lim,2026-01-19,Indonesia,Budget,35-44,2026-02-02,3,389.3,129.77,3,177,191,1.0,4,4,4
CUST102963,Ravi Chong,2024-09-29,Singapore,Premium,45-54,2026-07-27,13,1825.37,140.41,7,2,668,0.0,1,1,1
CUST102964,Arif Binte Ismail,2026-07-13,Singapore,Budget,35-44,2026-05-19,3,868.5,289.5,3,71,16,0.0,3,4,2
CUST102965,Chen Wei Chong,2025-06-23,Singapore,Mainstream,35-44,2026-06-02,8,542.03,67.75,5,57,401,0.0,3,2,3
CUST102966,Priya Rahman,2026-03-28,Indonesia,Premium,35-44,2026-07-11,14,4230.04,302.15,5,18,123,0.0,2,1,1
CUST102967,Haziq Rahman,2025-01-14,Singapore,Mainstream,35-44,2026-06-24,11,1923.88,174.9,7,35,561,0.0,2,1,1
CUST102968,Nur Aisyah Chong,2025-10-26,Malaysia,Budget,35-44,2026-07-18,5,978.99,195.8,4,11,276,0.0,1,3,2
CUST102969,Nabila Bin Abdullah,2025-12-27,Singapore,Budget,25-34,2026-04-20,1,867.05,867.05,1,100,214,1.0,4,4,2
CUST102970,Kumar Kaur,2026-06-17,Indonesia,Mainstream,55+,2026-02-07,9,534.42,59.38,4,172,42,1.0,4,2,3
CUST102971,Nur Aisyah Nair,2024-12-29,Singapore,Mainstream,25-34,2026-07-09,7,1552.25,221.75,5,20,577,0.0,2,2,1
CUST102972,Kumar Lim,2025-10-13,Thailand,Budget,35-44,2025-12-03,4,255.45,63.86,4,238,289,1.0,4,4,4
CUST102973,Kumar Muthu,2026-01-18,Singapore,Premium,35-44,2026-06-15,14,1218.09,87.01,6,44,192,0.0,3,1,2
CUST102974,Chen Wei Kaur,2024-11-20,Singapore,Premium,45-54,2026-07-27,16,1879.63,117.48,7,2,616,0.0,1,1,1
CUST102975,Farhan Osman,2026-07-15,Singapore,Premium,18-24,2026-06-26,10,867.53,86.75,5,33,14,0.0,2,1,2
CUST102976,Nur Aisyah Nair,2025-08-21,Singapore,Mainstream,45-54,2026-07-29,6,733.21,122.2,4,0,342,0.0,1,3,3
CUST102977,Aina Yusof,2026-04-03,Malaysia,Premium,18-24,2026-05-19,14,1298.82,92.77,7,71,117,0.0,3,1,2
CUST102978,Siti Yusof,2026-04-28,Singapore,Premium,18-24,2026-07-05,11,1494.25,135.84,6,24,92,0.0,2,1,1
CUST102979,Zhi Hao Muthu,2026-07-14,Thailand,Budget,45-54,2026-02-18,4,720.5,180.12,4,161,15,1.0,4,4,3
CUST102980,Nur Aisyah Nair,2026-03-15,Malaysia,Premium,25-34,2026-06-28,16,2395.43,149.71,6,31,136,0.0,2,1,1
CUST102981,Haziq Rahman,2024-09-06,Singapore,Mainstream,35-44,2026-06-10,8,1689.59,211.2,4,49,691,0.0,3,2,1
CUST102982,Ravi Lim,2025-09-07,Malaysia,Premium,25-34,2026-07-24,10,2497.05,249.7,6,5,325,0.0,1,1,1
CUST102983,Ravi Nair,2024-07-30,Singapore,Mainstream,55+,2026-06-14,10,1252.05,125.2,5,45,729,0.0,3,1,2
CUST102984,Nur Aisyah Tan,2026-01-15,Singapore,Mainstream,45-54,2026-07-24,13,1737.65,133.67,5,5,195,0.0,1,1,1
CUST102985,Ravi Binte Ismail,2025-01-19,Singapore,Budget,25-34,2026-07-22,5,1115.81,223.16,4,7,556,0.0,1,3,2
CUST102986,Mei Ling Tan,2026-05-25,Singapore,Budget,45-54,2026-02-01,1,88.16,88.16,1,178,65,1.0,4,4,4
CUST102987,Nabila Chong,2026-05-12,Singapore,Budget,25-34,2026-07-16,8,712.59,89.07,6,13,78,0.0,1,2,3
CUST102988,Chen Wei Bin Abdullah,2026-07-18,Thailand,Mainstream,35-44,2026-06-04,6,1356.03,226.01,4,55,11,0.0,3,3,2
CUST102989,Siti Nair,2024-10-11,Indonesia,Premium,45-54,2026-07-18,9,807.48,89.72,5,11,656,0.0,1,2,3
CUST102990,Zhi Hao Chua,2025-03-26,Thailand,Budget,35-44,2026-05-14,4,1430.33,357.58,2,76,490,0.0,3,4,1
CUST102991,Chen Wei Osman,2025-02-02,Singapore,Budget,35-44,2026-05-20,4,460.24,115.06,3,70,542,0.0,3,4,4
CUST102992,Arif Rahman,2024-09-21,Thailand,Mainstream,45-54,2026-07-03,4,415.04,103.76,3,26,676,0.0,2,4,4
CUST102993,Chen Wei Chong,2025-11-29,Malaysia,Budget,35-44,2026-07-18,6,321.17,53.53,5,11,242,0.0,1,3,4
CUST102994,Suresh Chong,2025-02-17,Singapore,Budget,55+,2025-10-04,2,345.33,172.66,2,298,527,1.0,4,4,4
CUST102995,Wei Ming Kaur,2025-07-28,Indonesia,Budget,18-24,2026-05-21,5,1096.44,219.29,5,69,366,0.0,3,3,2
CUST102996,Haziq Nair,2025-06-28,Singapore,Mainstream,25-34,2026-04-26,8,1137.97,142.25,5,94,396,1.0,4,2,2
CUST102997,Arif Binte Ismail,2025-04-02,Malaysia,Mainstream,45-54,2026-07-17,4,544.55,136.14,4,12,483,0.0,1,4,3
CUST102998,Suresh Goh,2025-08-20,Indonesia,Premium,25-34,2026-07-24,12,1725.13,143.76,7,5,343,0.0,1,1,1
CUST102999,Xin Yi Lim,2026-07-12,Malaysia,Budget,25-34,2026-07-22,8,2536.87,317.11,4,7,17,0.0,1,2,1
CUST103000,Zhi Hao Osman,2026-06-05,Malaysia,Budget,45-54,2026-06-26,5,463.58,92.72,4,33,54,0.0,2,3,3
CUST103001,Zhi Hao Chong,2025-07-28,Malaysia,Mainstream,35-44,2026-06-25,9,2570.29,285.59,4,34,366,0.0,2,2,1
CUST103002,Mei Ling Binte Ismail,2025-06-08,Singapore,Premium,25-34,2026-07-13,13,1813.43,139.49,5,16,416,0.0,1,1,1
CUST103003,Kumar Chua,2025-02-10,Thailand,Budget,25-34,2026-06-02,3,734.37,244.79,3,57,534,0.0,3,4,3
CUST103004,Hui Ling Lim,2025-06-07,Singapore,Premium,25-34,2026-06-22,8,1960.98,245.12,3,37,417,0.0,2,2,1
CUST103005,Jia Xin Chua,2026-03-14,Singapore,Mainstream,25-34,2026-07-16,8,1360.47,170.06,3,13,137,0.0,1,2,2
CUST103006,Aina Chong,2025-11-04,Singapore,Premium,18-24,2026-07-26,12,2255.39,187.95,6,3,267,0.0,1,1,1
CUST103007,Ahmad Lim,2025-09-09,Thailand,Budget,45-54,2025-08-14,1,38.03,38.03,1,349,323,1.0,4,4,4
CUST103008,Priya Lim,2024-08-10,Indonesia,Budget,25-34,2026-07-20,11,1494.53,135.87,6,9,718,0.0,1,1,1
CUST103009,Xin Yi Chua,2025-07-06,Malaysia,Budget,45-54,2026-04-23,4,517.08,129.27,2,97,388,1.0,4,4,3
CUST103010,Kumar Rahman,2025-04-22,Thailand,Mainstream,55+,2026-06-13,7,1008.22,144.03,5,46,463,0.0,3,2,2
CUST103011,Priya Muthu,2025-02-08,Singapore,Premium,25-34,2026-06-29,17,4188.54,246.38,5,30,536,0.0,2,1,1
CUST103012,Mei Ling Chua,2025-11-07,Thailand,Mainstream,55+,2026-04-24,7,1024.08,146.3,5,96,264,1.0,4,2,2
CUST103013,Farhan Yusof,2024-08-24,Singapore,Budget,25-34,2026-01-31,4,232.53,58.13,4,179,704,1.0,4,4,4
CUST103014,Ahmad Rahman,2025-03-24,Malaysia,Budget,35-44,2026-02-07,3,706.59,235.53,3,172,492,1.0,4,4,3
CUST103015,Suresh Yusof,2024-11-17,Singapore,Mainstream,55+,2026-07-27,11,1229.6,111.78,6,2,619,0.0,1,1,2
CUST103016,Xin Yi Goh,2025-01-29,Thailand,Premium,45-54,2026-06-30,12,2769.59,230.8,6,29,546,0.0,2,1,1
CUST103017,Siti Lim,2025-05-02,Thailand,Budget,25-34,2026-06-30,4,622.39,155.6,2,29,453,0.0,2,4,3
CUST103018,Divya Rahman,2026-07-07,Malaysia,Mainstream,25-34,2026-06-14,6,1297.98,216.33,5,45,22,0.0,3,3,2
CUST103019,Farhan Binte Ismail,2025-05-29,Singapore,Mainstream,25-34,2026-07-24,6,294.25,49.04,3,5,426,0.0,1,3,4
CUST103020,Jia Xin Wong,2026-04-26,Singapore,Premium,55+,2026-05-14,11,1606.02,146.0,6,76,94,0.0,3,1,1
CUST103021,Jia Xin Chua,2025-05-15,Malaysia,Mainstream,25-34,2026-07-02,13,886.05,68.16,5,27,440,0.0,2,1,2
CUST103022,Divya Kaur,2025-03-04,Singapore,Budget,35-44,2026-07-07,6,1419.81,236.64,4,22,512,0.0,2,3,1
CUST103023,Arif Chong,2025-06-27,Singapore,Mainstream,25-34,2026-04-09,10,1947.99,194.8,6,111,397,1.0,4,1,1
CUST103024,Nur Aisyah Rahman,2025-12-16,Indonesia,Mainstream,25-34,2026-06-13,6,515.61,85.94,4,46,225,0.0,3,3,3
CUST103025,Farhan Bin Abdullah,2026-06-16,Malaysia,Premium,25-34,2026-07-06,10,1657.43,165.74,6,23,43,0.0,2,1,1
CUST103026,Jia Xin Rahman,2025-03-27,Thailand,Mainstream,25-34,2026-05-02,5,543.26,108.65,4,88,489,0.0,4,3,3
CUST103027,Haziq Osman,2025-03-07,Malaysia,Budget,35-44,2026-03-29,2,79.17,39.58,2,122,509,1.0,4,4,4
CUST103028,Wei Ming Nair,2025-08-15,Singapore,Mainstream,25-34,2026-06-12,5,420.37,84.07,3,47,348,0.0,3,3,4
CUST103029,Zhi Hao Wong,2025-02-22,Malaysia,Mainstream,25-34,2026-04-30,8,908.16,113.52,6,90,522,0.0,4,2,2
CUST103030,Mei Ling Chua,2025-01-07,Singapore,Budget,35-44,2026-06-21,5,584.25,116.85,5,38,568,0.0,2,3,3
CUST103031,Jia Xin Tan,2025-07-20,Malaysia,Premium,25-34,2026-07-02,11,1363.89,123.99,7,27,374,0.0,2,1,2
CUST103032,Jia Xin Binte Ismail,2026-06-25,Indonesia,Budget,45-54,2026-04-24,5,356.7,71.34,3,96,34,1.0,4,3,4
CUST103033,Jia Xin Binte Ismail,2024-11-01,Singapore,Premium,35-44,2026-07-22,12,1086.37,90.53,7,7,635,0.0,1,1,2
CUST103034,Arif Goh,2025-08-23,Singapore,Budget,35-44,2026-07-21,4,166.13,41.53,2,8,340,0.0,1,4,4
CUST103035,Arif Yusof,2025-03-26,Thailand,Budget,25-34,2026-07-25,6,393.85,65.64,4,4,490,0.0,1,3,4
CUST103036,Ravi Nair,2024-10-03,Malaysia,Mainstream,18-24,2026-07-07,5,464.14,92.83,4,22,664,0.0,2,3,3
CUST103037,Chen Wei Tan,2025-11-07,Malaysia,Mainstream,45-54,2026-06-30,5,265.68,53.14,4,29,264,0.0,2,3,4
CUST103038,Priya Bin Abdullah,2025-05-01,Indonesia,Premium,45-54,2026-07-16,8,811.4,101.43,4,13,454,0.0,1,2,3
CUST103039,Divya Nair,2026-07-15,Malaysia,Mainstream,25-34,2026-05-16,5,572.79,114.56,4,74,14,0.0,3,3,3
CUST103040,Suresh Wong,2024-10-21,Singapore,Budget,25-34,2026-04-16,4,458.66,114.66,3,104,646,1.0,4,4,4
CUST103041,Siti Muthu,2026-06-16,Indonesia,Premium,25-34,2026-07-22,20,2573.1,128.66,7,7,43,0.0,1,1,1
CUST103042,Aina Chua,2025-06-29,Thailand,Mainstream,35-44,2026-05-30,4,418.58,104.64,3,60,395,0.0,3,4,4
CUST103043,Farhan Lee,2025-11-15,Singapore,Budget,25-34,2026-07-13,5,2445.21,489.04,2,16,256,0.0,1,3,1
CUST103044,Jia Xin Chua,2026-07-03,Singapore,Premium,55+,2026-07-14,10,1539.91,153.99,6,15,26,0.0,1,1,1
CUST103045,Siti Goh,2025-08-26,Indonesia,Budget,18-24,2026-05-03,4,1581.2,395.3,3,87,337,0.0,4,4,1
CUST103046,Nur Aisyah Lee,2024-09-15,Malaysia,Budget,55+,2025-10-31,3,193.78,64.59,2,271,682,1.0,4,4,4
CUST103047,Priya Nair,2026-03-30,Malaysia,Mainstream,18-24,2026-07-15,7,821.43,117.35,5,14,121,0.0,1,2,3
CUST103048,Aina Muthu,2025-12-28,Malaysia,Mainstream,25-34,2026-06-02,11,1325.26,120.48,6,57,213,0.0,3,1,2
CUST103049,Xin Yi Binte Ismail,2026-03-13,Indonesia,Mainstream,25-34,2026-07-03,9,939.86,104.43,5,26,138,0.0,2,2,2
CUST103050,Siti Muthu,2026-04-29,Malaysia,Premium,25-34,2026-07-16,16,3713.21,232.08,6,13,91,0.0,1,1,1
CUST103051,Mei Ling Lim,2026-02-11,Singapore,Budget,55+,2026-01-26,4,1769.21,442.3,2,184,168,1.0,4,4,1
CUST103052,Haziq Nair,2025-06-07,Singapore,Premium,25-34,2026-07-29,13,1967.77,151.37,6,0,417,0.0,1,1,1
CUST103053,Wei Ming Chua,2025-01-06,Malaysia,Budget,18-24,2026-07-15,4,1027.53,256.88,4,14,569,0.0,1,4,2
CUST103054,Zhi Hao Nair,2025-03-13,Thailand,Budget,55+,2026-06-20,9,1338.3,148.7,6,39,503,0.0,3,2,2
CUST103055,Suresh Kaur,2025-01-12,Malaysia,Budget,25-34,2026-07-11,7,1407.56,201.08,5,18,563,0.0,2,2,2
CUST103056,Mei Ling Nair,2025-02-22,Malaysia,Budget,18-24,2026-03-13,3,412.58,137.53,3,138,522,1.0,4,4,4
CUST103057,Nur Aisyah Bin Abdullah,2025-10-23,Thailand,Budget,18-24,2026-03-11,5,853.89,170.78,4,140,279,1.0,4,3,3
CUST103058,Haziq Binte Ismail,2024-10-10,Malaysia,Premium,25-34,2026-05-31,20,2519.43,125.97,6,59,657,0.0,3,1,1
CUST103059,Ahmad Rahman,2026-03-26,Malaysia,Mainstream,55+,2026-06-15,5,416.29,83.26,4,44,125,0.0,3,3,4
CUST103060,Siti Chong,2025-03-06,Singapore,Mainstream,18-24,2026-06-12,10,1117.05,111.71,6,47,510,0.0,3,1,2
CUST103061,Haziq Lee,2026-05-10,Indonesia,Budget,35-44,2026-07-28,4,518.77,129.69,3,1,80,0.0,1,4,3
CUST103062,Arif Binte Ismail,2025-01-17,Indonesia,Premium,25-34,2026-07-01,11,1289.7,117.25,5,28,558,0.0,2,1,2
CUST103063,Nur Aisyah Muthu,2026-05-27,Indonesia,Budget,25-34,2026-06-22,2,81.89,40.94,2,37,63,0.0,2,4,4
CUST103064,Priya Wong,2026-02-22,Singapore,Mainstream,35-44,2026-07-03,10,1691.39,169.14,7,26,157,0.0,2,1,1
CUST103065,Hui Ling Lee,2025-10-17,Malaysia,Mainstream,35-44,2026-05-29,7,1159.11,165.59,5,61,285,0.0,3,2,2
CUST103066,Chen Wei Lee,2025-03-10,Singapore,Budget,35-44,2026-04-05,2,298.89,149.44,2,115,506,1.0,4,4,4
CUST103067,Aina Bin Abdullah,2026-06-26,Thailand,Mainstream,25-34,2026-07-15,11,1594.12,144.92,6,14,33,0.0,1,1,1
CUST103068,Arif Yusof,2026-01-23,Singapore,Premium,18-24,2026-07-29,9,1915.54,212.84,7,0,187,0.0,1,2,1
CUST103069,Hui Ling Lee,2025-11-28,Malaysia,Budget,35-44,2026-04-02,4,973.16,243.29,4,118,243,1.0,4,4,2
CUST103070,Priya Tan,2025-02-11,Indonesia,Mainstream,35-44,2026-05-18,6,473.68,78.95,4,72,533,0.0,3,3,3
CUST103071,Ahmad Goh,2024-08-27,Singapore,Premium,25-34,2026-04-19,18,2266.66,125.93,7,101,701,1.0,4,1,1
CUST103072,Hui Ling Osman,2025-05-07,Malaysia,Budget,25-34,2026-06-05,5,911.6,182.32,5,54,448,0.0,3,3,2
CUST103073,Ahmad Yusof,2025-07-24,Singapore,Budget,45-54,2026-03-23,5,373.36,74.67,3,128,370,1.0,4,3,4
CUST103074,Hui Ling Muthu,2025-11-26,Malaysia,Mainstream,18-24,2026-07-23,7,617.43,88.2,4,6,245,0.0,1,2,3
CUST103075,Wei Ming Muthu,2024-12-06,Thailand,Mainstream,35-44,2026-07-14,8,1582.95,197.87,5,15,600,0.0,1,2,1
CUST103076,Aina Wong,2026-05-12,Malaysia,Budget,35-44,2026-06-15,3,176.83,58.94,2,44,78,0.0,3,4,4
CUST103077,Wei Ming Nair,2026-04-26,Thailand,Mainstream,25-34,2026-06-09,4,383.27,95.82,2,50,94,0.0,3,4,4
CUST103078,Hui Ling Nair,2026-03-05,Singapore,Budget,35-44,2026-06-28,3,308.22,102.74,3,31,146,0.0,2,4,4
CUST103079,Xin Yi Rahman,2026-01-15,Malaysia,Premium,35-44,2026-06-15,13,1751.58,134.74,6,44,195,0.0,3,1,1
CUST103080,Siti Binte Ismail,2025-08-27,Thailand,Premium,35-44,2026-06-24,14,2616.39,186.88,7,35,336,0.0,2,1,1
CUST103081,Siti Lim,2024-09-07,Thailand,Mainstream,45-54,2026-07-22,7,1026.84,146.69,5,7,690,0.0,1,2,2
CUST103082,Siti Nair,2025-04-11,Singapore,Premium,35-44,2026-07-08,16,1949.45,121.84,6,21,474,0.0,2,1,1
CUST103083,Priya Chua,2025-10-23,Indonesia,Mainstream,18-24,2026-07-23,5,841.1,168.22,4,6,279,0.0,1,3,3
CUST103084,Haziq Chua,2026-02-25,Thailand,Premium,25-34,2026-07-25,16,1906.25,119.14,6,4,154,0.0,1,1,1
CUST103085,Ahmad Rahman,2025-04-12,Indonesia,Budget,35-44,2026-05-01,6,638.52,106.42,4,89,473,0.0,4,3,3
CUST103086,Chen Wei Binte Ismail,2026-01-26,Malaysia,Budget,25-34,2026-02-17,3,703.56,234.52,3,162,184,1.0,4,4,3
CUST103087,Mei Ling Lee,2024-08-16,Singapore,Premium,45-54,2026-06-17,10,2445.0,244.5,5,42,712,0.0,3,1,1
CUST103088,Ravi Chong,2025-08-15,Singapore,Budget,25-34,2026-07-26,5,1510.8,302.16,2,3,348,0.0,1,3,1
CUST103089,Xin Yi Muthu,2025-06-22,Malaysia,Budget,18-24,2026-06-15,4,647.33,161.83,4,44,402,0.0,3,4,3
CUST103090,Jia Xin Muthu,2024-10-08,Malaysia,Mainstream,25-34,2026-05-28,9,1134.16,126.02,6,62,659,0.0,3,2,2
CUST103091,Nur Aisyah Muthu,2025-12-19,Singapore,Mainstream,45-54,2026-03-24,7,1309.89,187.13,6,127,222,1.0,4,2,2
CUST103092,Nur Aisyah Osman,2025-08-19,Singapore,Budget,35-44,2026-06-19,9,1294.65,143.85,5,40,344,0.0,3,2,2
CUST103093,Jia Xin Goh,2025-07-06,Malaysia,Budget,35-44,2026-06-20,3,266.85,88.95,3,39,388,0.0,3,4,4
CUST103094,Arif Lee,2026-01-13,Malaysia,Budget,25-34,2026-04-21,5,1524.45,304.89,4,99,197,1.0,4,3,1
CUST103095,Chen Wei Tan,2026-06-20,Malaysia,Budget,55+,2026-05-01,2,253.48,126.74,2,89,39,0.0,4,4,4
CUST103096,Kumar Lim,2026-01-03,Malaysia,Budget,45-54,,0,0.0,0.0,0,9999,207,,4,4,4
CUST103097,Priya Wong,2026-05-08,Singapore,Mainstream,25-34,2026-04-22,1,98.39,98.39,1,98,82,1.0,4,4,4
CUST103098,Zhi Hao Binte Ismail,2025-03-23,Thailand,Mainstream,45-54,2026-07-17,8,1332.04,166.5,5,12,493,0.0,1,2,2
CUST103099,Nur Aisyah Bin Abdullah,2026-07-24,Malaysia,Budget,55+,2026-04-18,3,182.31,60.77,2,102,5,1.0,4,4,4
CUST103100,Chen Wei Goh,2025-12-10,Singapore,Budget,25-34,2026-04-30,3,251.33,83.78,3,90,231,0.0,4,4,4
CUST103101,Siti Bin Abdullah,2024-10-22,Malaysia,Mainstream,25-34,2026-07-11,12,1636.65,136.39,6,18,645,0.0,2,1,1
CUST103102,Hui Ling Goh,2025-06-09,Malaysia,Budget,35-44,2026-07-21,7,386.79,55.26,4,8,415,0.0,1,2,4
CUST103103,Ravi Chua,2025-03-26,Malaysia,Budget,25-34,2026-06-14,2,157.59,78.8,2,45,490,0.0,3,4,4
CUST103104,Kumar Nair,2025-03-28,Malaysia,Budget,45-54,2025-09-27,2,199.56,99.78,1,305,488,1.0,4,4,4
CUST103105,Hui Ling Yusof,2025-12-24,Malaysia,Mainstream,35-44,2026-07-11,11,2075.54,188.69,6,18,217,0.0,2,1,1
CUST103106,Divya Rahman,2025-04-24,Indonesia,Budget,25-34,2026-07-11,6,698.65,116.44,3,18,461,0.0,2,3,3
CUST103107,Ravi Nair,2026-02-18,Singapore,Budget,25-34,2026-05-07,3,265.92,88.64,3,83,161,0.0,4,4,4
CUST103108,Farhan Bin Abdullah,2025-04-22,Singapore,Mainstream,35-44,2026-07-20,8,676.74,84.59,6,9,463,0.0,1,2,3
CUST103109,Wei Ming Goh,2025-03-18,Singapore,Mainstream,18-24,2026-06-15,7,612.93,87.56,4,44,498,0.0,3,2,3
CUST103110,Kumar Rahman,2024-10-28,Malaysia,Mainstream,25-34,2026-07-18,7,1072.82,153.26,6,11,639,0.0,1,2,2
CUST103111,Aina Binte Ismail,2024-09-26,Malaysia,Premium,18-24,2026-07-06,12,774.09,64.51,6,23,671,0.0,2,1,3
CUST103112,Jia Xin Yusof,2026-07-12,Indonesia,Mainstream,45-54,2026-05-09,8,598.78,74.85,5,81,17,0.0,3,2,3
CUST103113,Divya Nair,2025-12-23,Singapore,Budget,18-24,2026-01-16,3,295.86,98.62,2,194,218,1.0,4,4,4
CUST103114,Wei Ming Lee,2025-06-25,Malaysia,Budget,18-24,2026-06-06,8,514.26,64.28,4,53,399,0.0,3,2,3
CUST103115,Mei Ling Nair,2025-12-07,Singapore,Budget,45-54,2026-07-28,4,636.55,159.14,3,1,234,0.0,1,4,3
CUST103116,Nur Aisyah Bin Abdullah,2025-05-04,Malaysia,Budget,18-24,2026-06-13,3,243.57,81.19,2,46,451,0.0,3,4,4
CUST103117,Xin Yi Yusof,2024-11-13,Indonesia,Budget,35-44,2026-06-17,5,648.39,129.68,5,42,623,0.0,3,3,3
CUST103118,Haziq Rahman,2026-01-22,Singapore,Budget,25-34,2026-06-30,3,710.43,236.81,3,29,188,0.0,2,4,3
CUST103119,Nabila Rahman,2024-10-15,Singapore,Mainstream,45-54,2026-07-10,6,465.32,77.55,4,19,652,0.0,2,3,3
CUST103120,Aina Bin Abdullah,2024-10-24,Malaysia,Mainstream,25-34,2026-05-18,9,773.32,85.92,5,72,643,0.0,3,2,3
CUST103121,Chen Wei Rahman,2024-09-30,Indonesia,Budget,18-24,2026-07-22,6,560.74,93.46,5,7,667,0.0,1,3,3
CUST103122,Haziq Rahman,2026-06-06,Singapore,Mainstream,25-34,2026-06-11,8,1430.47,178.81,5,48,53,0.0,3,2,1
CUST103123,Xin Yi Lee,2025-12-27,Thailand,Budget,55+,2026-06-17,5,1122.25,224.45,4,42,214,0.0,3,3,2
CUST103124,Hui Ling Bin Abdullah,2026-04-30,Thailand,Mainstream,45-54,2026-07-16,9,1004.22,111.58,6,13,90,0.0,1,2,2
CUST103125,Aina Bin Abdullah,2026-05-03,Indonesia,Mainstream,25-34,2026-05-20,6,549.85,91.64,4,70,87,0.0,3,3,3
CUST103126,Kumar Chong,2026-06-21,Singapore,Budget,25-34,2026-07-23,9,2507.39,278.6,5,6,38,0.0,1,2,1
CUST103127,Kumar Lim,2025-09-11,Indonesia,Budget,25-34,2026-03-08,5,1388.17,277.63,3,143,321,1.0,4,3,2
CUST103128,Zhi Hao Yusof,2026-05-27,Singapore,Premium,25-34,2026-07-16,10,1580.99,158.1,6,13,63,0.0,1,1,1
CUST103129,Ravi Goh,2025-12-26,Thailand,Mainstream,25-34,2026-05-09,9,844.42,93.82,5,81,215,0.0,3,2,3
CUST103130,Arif Lee,2024-08-12,Malaysia,Mainstream,45-54,2026-04-14,6,1409.3,234.88,4,106,716,1.0,4,3,2
CUST103131,Siti Muthu,2024-10-22,Singapore,Budget,18-24,2026-03-30,1,756.62,756.62,1,121,645,1.0,4,4,3
CUST103132,Ahmad Lim,2024-09-13,Singapore,Budget,45-54,2026-06-10,8,1655.23,206.9,6,49,684,0.0,3,2,1
CUST103133,Aina Tan,2026-07-03,Indonesia,Budget,18-24,2026-07-28,8,1395.35,174.42,5,1,26,0.0,1,2,2
CUST103134,Kumar Yusof,2025-04-03,Thailand,Premium,45-54,2026-06-21,15,1638.3,109.22,6,38,482,0.0,2,1,1
CUST103135,Ahmad Chua,2025-04-23,Malaysia,Budget,25-34,2026-07-17,6,499.96,83.33,4,12,462,0.0,1,3,3
CUST103136,Divya Osman,2026-04-24,Malaysia,Budget,18-24,2026-07-05,6,455.29,75.88,6,24,96,0.0,2,3,4
CUST103137,Divya Tan,2024-10-06,Indonesia,Premium,45-54,2026-07-09,16,2714.13,169.63,7,20,661,0.0,2,1,1
CUST103138,Hui Ling Chua,2025-10-07,Indonesia,Mainstream,25-34,2026-07-23,9,1190.33,132.26,4,6,295,0.0,1,2,2
CUST103139,Wei Ming Wong,2024-08-16,Indonesia,Budget,45-54,2026-06-09,7,648.08,92.58,5,50,712,0.0,3,2,3
CUST103140,Wei Ming Rahman,2026-05-07,Malaysia,Mainstream,45-54,2026-05-28,7,870.56,124.37,5,62,83,0.0,3,2,2
CUST103141,Divya Bin Abdullah,2025-04-11,Malaysia,Mainstream,55+,2026-07-09,9,1457.95,161.99,4,20,474,0.0,2,2,1
CUST103142,Mei Ling Goh,2026-04-25,Thailand,Premium,45-54,2026-07-27,19,3233.56,170.19,7,2,95,0.0,1,1,1
CUST103143,Hui Ling Tan,2024-09-04,Singapore,Budget,25-34,2026-05-03,5,444.38,88.88,3,87,693,0.0,4,3,4
CUST103144,Kumar Osman,2025-05-12,Malaysia,Mainstream,25-34,2026-07-17,10,697.37,69.74,6,12,443,0.0,1,1,3
CUST103145,Farhan Nair,2026-06-04,Singapore,Budget,35-44,2026-07-22,3,168.23,56.08,3,7,55,0.0,1,4,4
CUST103146,Wei Ming Chua,2026-02-23,Malaysia,Mainstream,25-34,2026-06-28,4,564.19,141.05,3,31,156,0.0,2,4,3
CUST103147,Hui Ling Yusof,2025-11-09,Indonesia,Mainstream,35-44,2026-06-11,8,1805.21,225.65,5,48,262,0.0,3,2,1
CUST103148,Arif Osman,2026-07-20,Singapore,Mainstream,25-34,2026-07-22,11,1075.5,97.77,5,7,9,0.0,1,1,2
CUST103149,Kumar Bin Abdullah,2026-07-23,Malaysia,Premium,35-44,2026-07-29,15,2471.44,164.76,7,0,6,0.0,1,1,1
CUST103150,Priya Tan,2024-09-22,Singapore,Mainstream,25-34,2026-04-24,9,1240.95,137.88,5,96,675,1.0,4,2,2
CUST103151,Nur Aisyah Chong,2024-08-12,Thailand,Budget,18-24,2026-01-05,4,301.9,75.47,3,205,716,1.0,4,4,4
CUST103152,Priya Wong,2025-07-03,Indonesia,Budget,55+,2026-06-29,5,829.41,165.88,3,30,391,0.0,2,3,3
CUST103153,Haziq Lim,2024-10-09,Malaysia,Budget,45-54,2026-07-02,5,483.02,96.6,4,27,658,0.0,2,3,3
CUST103154,Jia Xin Bin Abdullah,2025-04-07,Indonesia,Mainstream,25-34,2026-07-11,6,315.75,52.62,4,18,478,0.0,2,3,4
CUST103155,Mei Ling Rahman,2026-07-09,Singapore,Budget,18-24,2026-02-19,1,12.12,12.12,1,160,20,1.0,4,4,4
CUST103156,Wei Ming Lim,2025-02-23,Indonesia,Mainstream,35-44,2026-06-06,10,1345.42,134.54,5,53,521,0.0,3,1,2
CUST103157,Suresh Tan,2026-07-16,Indonesia,Mainstream,25-34,2026-06-28,8,2233.39,279.17,6,31,13,0.0,2,2,1
CUST103158,Xin Yi Muthu,2024-12-10,Singapore,Premium,35-44,2026-06-26,13,1982.05,152.47,5,33,596,0.0,2,1,1
CUST103159,Mei Ling Rahman,2025-11-04,Thailand,Budget,45-54,2026-05-25,4,367.63,91.91,3,65,267,0.0,3,4,4
CUST103160,Xin Yi Goh,2026-04-17,Singapore,Mainstream,25-34,2026-07-26,11,1680.01,152.73,7,3,103,0.0,1,1,1
CUST103161,Arif Goh,2026-01-22,Malaysia,Mainstream,25-34,2026-07-12,5,920.58,184.12,4,17,188,0.0,2,3,2
CUST103162,Chen Wei Bin Abdullah,2025-03-18,Singapore,Premium,18-24,2026-07-06,15,2223.23,148.22,7,23,498,0.0,2,1,1
CUST103163,Hui Ling Yusof,2024-11-18,Indonesia,Mainstream,25-34,2026-03-22,4,630.22,157.56,4,129,618,1.0,4,4,3
CUST103164,Hui Ling Nair,2025-06-08,Singapore,Budget,35-44,2026-06-18,3,747.36,249.12,2,41,416,0.0,3,4,3
CUST103165,Hui Ling Yusof,2026-04-03,Singapore,Budget,25-34,2026-06-06,3,480.58,160.19,3,53,117,0.0,3,4,3
CUST103166,Siti Lim,2024-10-10,Malaysia,Premium,55+,2026-07-11,11,743.62,67.6,6,18,657,0.0,2,1,3
CUST103167,Hui Ling Bin Abdullah,2024-12-29,Thailand,Mainstream,35-44,2026-06-24,7,1209.31,172.76,4,35,577,0.0,2,2,2
CUST103168,Ahmad Lim,2025-10-03,Singapore,Mainstream,25-34,2026-05-17,7,1072.76,153.25,5,73,299,0.0,3,2,2
CUST103169,Haziq Nair,2025-06-20,Malaysia,Mainstream,35-44,2026-05-14,5,568.67,113.73,3,76,404,0.0,3,3,3
CUST103170,Kumar Goh,2024-08-25,Malaysia,Mainstream,25-34,2026-07-15,11,1531.52,139.23,5,14,703,0.0,1,1,1
CUST103171,Aina Yusof,2025-10-27,Indonesia,Mainstream,25-34,2026-07-25,11,2231.27,202.84,6,4,275,0.0,1,1,1
CUST103172,Nur Aisyah Yusof,2026-07-11,Singapore,Premium,35-44,2026-07-24,20,3269.95,163.5,7,5,18,0.0,1,1,1
CUST103173,Divya Goh,2026-04-14,Malaysia,Premium,18-24,2026-03-27,4,915.99,229.0,3,124,106,1.0,4,4,2
CUST103174,Mei Ling Yusof,2025-05-17,Thailand,Budget,25-34,2026-06-15,4,1223.13,305.78,3,44,438,0.0,3,4,2
CUST103175,Priya Tan,2024-07-31,Singapore,Budget,18-24,2026-03-19,2,152.16,76.08,2,132,728,1.0,4,4,4
CUST103176,Arif Muthu,2025-02-04,Malaysia,Budget,25-34,2026-06-21,6,684.6,114.1,5,38,540,0.0,2,3,3
CUST103177,Ravi Wong,2025-05-04,Thailand,Budget,35-44,2026-07-02,4,528.09,132.02,4,27,451,0.0,2,4,3
CUST103178,Aina Tan,2025-12-06,Singapore,Mainstream,55+,2026-06-26,6,504.37,84.06,4,33,235,0.0,2,3,3
CUST103179,Wei Ming Kaur,2025-09-12,Malaysia,Mainstream,35-44,2026-03-24,8,1239.84,154.98,4,127,320,1.0,4,2,2
CUST103180,Zhi Hao Goh,2026-07-01,Singapore,Budget,55+,2026-06-05,3,740.51,246.84,3,54,28,0.0,3,4,3
CUST103181,Xin Yi Binte Ismail,2025-11-01,Indonesia,Budget,35-44,2026-02-13,3,568.67,189.56,2,166,270,1.0,4,4,3
CUST103182,Haziq Kaur,2025-04-30,Thailand,Mainstream,25-34,2026-07-16,8,1726.81,215.85,5,13,455,0.0,1,2,1
CUST103183,Haziq Bin Abdullah,2024-10-06,Malaysia,Mainstream,45-54,2026-07-08,9,858.15,95.35,6,21,661,0.0,2,2,3
CUST103184,Wei Ming Tan,2024-09-24,Malaysia,Mainstream,18-24,2026-03-19,3,290.04,96.68,3,132,673,1.0,4,4,4
CUST103185,Nabila Lim,2024-12-07,Malaysia,Budget,18-24,2026-01-21,3,193.86,64.62,2,189,599,1.0,4,4,4
CUST103186,Chen Wei Yusof,2026-07-14,Singapore,Budget,55+,2026-07-16,8,760.45,95.06,5,13,15,0.0,1,2,3
CUST103187,Arif Osman,2024-12-14,Singapore,Mainstream,35-44,2026-05-13,2,220.7,110.35,2,77,592,0.0,3,4,4
CUST103188,Arif Bin Abdullah,2026-02-20,Singapore,Mainstream,55+,2026-07-13,4,853.42,213.36,3,16,159,0.0,1,4,3
CUST103189,Divya Rahman,2025-05-06,Singapore,Mainstream,18-24,2026-07-23,12,1961.68,163.47,7,6,449,0.0,1,1,1
CUST103190,Kumar Bin Abdullah,2024-09-07,Indonesia,Premium,45-54,2026-07-11,17,1521.9,89.52,7,18,690,0.0,2,1,1
CUST103191,Zhi Hao Tan,2024-10-19,Singapore,Budget,25-34,2026-07-28,7,939.26,134.18,5,1,648,0.0,1,2,2
CUST103192,Siti Chong,2025-03-31,Singapore,Budget,25-34,2026-06-25,1,76.39,76.39,1,34,485,0.0,2,4,4
CUST103193,Mei Ling Yusof,2025-12-23,Malaysia,Budget,45-54,2026-04-12,6,1147.69,191.28,5,108,218,1.0,4,3,2
CUST103194,Siti Nair,2025-07-14,Singapore,Budget,25-34,2026-06-28,3,244.33,81.44,1,31,380,0.0,2,4,4
CUST103195,Xin Yi Wong,2025-03-03,Singapore,Budget,35-44,2026-04-10,5,747.4,149.48,3,110,513,1.0,4,3,3
CUST103196,Kumar Chong,2025-07-19,Singapore,Budget,45-54,2026-04-23,6,694.45,115.74,4,97,375,1.0,4,3,3
CUST103197,Divya Lim,2025-10-07,Singapore,Budget,45-54,2026-05-08,2,922.65,461.32,2,82,295,0.0,4,4,2
CUST103198,Divya Bin Abdullah,2025-10-08,Malaysia,Mainstream,18-24,2026-07-12,9,1428.85,158.76,6,17,294,0.0,2,2,1
CUST103199,Divya Muthu,2025-05-18,Indonesia,Budget,25-34,2026-07-19,7,846.78,120.97,5,10,437,0.0,1,2,3
CUST103200,Ahmad Chua,2026-07-03,Thailand,Mainstream,55+,2026-07-01,5,794.2,158.84,3,28,26,0.0,2,3,3
CUST103201,Priya Muthu,2024-07-31,Indonesia,Budget,35-44,2026-07-14,7,547.84,78.26,5,15,728,0.0,1,2,3
CUST103202,Haziq Muthu,2026-05-16,Malaysia,Budget,35-44,2026-05-25,4,380.39,95.1,3,65,74,0.0,3,4,4
CUST103203,Ravi Nair,2024-08-10,Thailand,Budget,18-24,2026-06-18,2,77.11,38.56,1,41,718,0.0,3,4,4
CUST103204,Ahmad Muthu,2026-07-04,Malaysia,Budget,18-24,2026-01-18,1,40.2,40.2,1,192,25,1.0,4,4,4
CUST103205,Haziq Lee,2025-07-20,Malaysia,Budget,55+,2026-06-22,3,627.87,209.29,2,37,374,0.0,2,4,3
CUST103206,Hui Ling Tan,2025-09-28,Malaysia,Mainstream,35-44,2026-07-23,13,2173.51,167.19,6,6,304,0.0,1,1,1
CUST103207,Siti Tan,2025-06-06,Singapore,Premium,45-54,2026-06-11,15,1593.76,106.25,6,48,418,0.0,3,1,1
CUST103208,Siti Lim,2025-09-16,Singapore,Budget,25-34,2026-04-06,8,3084.94,385.62,4,114,316,1.0,4,2,1
CUST103209,Nabila Lim,2024-10-12,Singapore,Budget,25-34,2026-05-13,5,347.09,69.42,3,77,655,0.0,3,3,4
CUST103210,Zhi Hao Wong,2026-07-17,Indonesia,Budget,35-44,2026-07-22,6,1115.99,186.0,4,7,12,0.0,1,3,2
CUST103211,Nur Aisyah Yusof,2024-08-09,Singapore,Mainstream,45-54,2026-03-30,3,703.71,234.57,3,121,719,1.0,4,4,3
CUST103212,Nabila Chua,2025-03-13,Indonesia,Budget,25-34,2026-07-09,2,402.83,201.42,2,20,503,0.0,2,4,4
CUST103213,Nabila Chong,2025-01-07,Thailand,Budget,25-34,2026-07-15,7,1775.02,253.57,4,14,568,0.0,1,2,1
CUST103214,Aina Bin Abdullah,2026-04-18,Malaysia,Premium,35-44,2026-07-10,19,2712.0,142.74,7,19,102,0.0,2,1,1
CUST103215,Suresh Chua,2026-06-12,Singapore,Premium,18-24,2026-05-27,5,930.79,186.16,4,63,47,0.0,3,3,2
CUST103216,Kumar Wong,2025-10-13,Malaysia,Mainstream,25-34,2026-05-27,11,1730.1,157.28,5,63,289,0.0,3,1,1
CUST103217,Zhi Hao Tan,2025-12-06,Singapore,Budget,35-44,2026-06-07,6,895.47,149.24,5,52,235,0.0,3,3,2
CUST103218,Haziq Rahman,2025-01-04,Thailand,Budget,18-24,2026-03-26,4,190.54,47.64,4,125,571,1.0,4,4,4
CUST103219,Hui Ling Rahman,2024-10-13,Indonesia,Budget,35-44,2026-02-08,2,299.51,149.76,2,171,654,1.0,4,4,4
CUST103220,Haziq Rahman,2025-09-20,Indonesia,Mainstream,18-24,2026-07-07,10,2112.09,211.21,4,22,312,0.0,2,1,1
CUST103221,Ahmad Osman,2025-01-15,Malaysia,Mainstream,35-44,2026-05-20,10,2053.21,205.32,6,70,560,0.0,3,1,1
CUST103222,Wei Ming Chua,2026-06-16,Indonesia,Budget,45-54,2026-02-08,4,296.04,74.01,3,171,43,1.0,4,4,4
CUST103223,Kumar Yusof,2025-02-03,Indonesia,Premium,45-54,2026-04-24,7,1262.21,180.32,5,96,541,1.0,4,2,2
CUST103224,Nur Aisyah Bin Abdullah,2026-05-18,Singapore,Mainstream,35-44,2026-05-29,8,1018.38,127.3,5,61,72,0.0,3,2,2
CUST103225,Xin Yi Osman,2025-03-29,Singapore,Mainstream,35-44,2026-07-10,10,2084.56,208.46,6,19,487,0.0,2,1,1
CUST103226,Nabila Yusof,2025-10-24,Singapore,Budget,25-34,2026-06-15,4,314.63,78.66,3,44,278,0.0,3,4,4
CUST103227,Mei Ling Bin Abdullah,2025-09-29,Malaysia,Budget,25-34,2026-07-08,6,1370.36,228.39,5,21,303,0.0,2,3,2
CUST103228,Kumar Nair,2026-01-09,Thailand,Budget,18-24,2026-07-08,4,451.09,112.77,3,21,201,0.0,2,4,4
CUST103229,Priya Kaur,2025-10-08,Malaysia,Mainstream,35-44,2026-07-10,5,938.54,187.71,4,19,294,0.0,2,3,2
CUST103230,Nur Aisyah Lee,2024-10-29,Malaysia,Budget,18-24,2026-07-03,7,726.56,103.79,4,26,638,0.0,2,2,3
CUST103231,Siti Lim,2024-12-16,Thailand,Budget,25-34,2026-04-16,2,211.64,105.82,2,104,590,1.0,4,4,4
CUST103232,Arif Kaur,2025-11-23,Singapore,Mainstream,35-44,2026-07-02,7,861.92,123.13,6,27,248,0.0,2,2,2
CUST103233,Jia Xin Lim,2025-12-27,Singapore,Mainstream,35-44,2026-07-26,11,1409.69,128.15,6,3,214,0.0,1,1,2
CUST103234,Ahmad Bin Abdullah,2025-07-23,Thailand,Mainstream,25-34,2025-09-26,1,33.7,33.7,1,306,371,1.0,4,4,4
CUST103235,Wei Ming Lim,2025-03-17,Thailand,Mainstream,25-34,2026-06-13,4,282.81,70.7,3,46,499,0.0,3,4,4
CUST103236,Farhan Goh,2026-03-18,Indonesia,Mainstream,35-44,2026-05-15,3,421.41,140.47,3,75,133,0.0,3,4,4
CUST103237,Siti Rahman,2025-02-14,Singapore,Mainstream,55+,2026-07-03,11,1319.32,119.94,6,26,530,0.0,2,1,2
CUST103238,Siti Wong,2024-09-05,Thailand,Budget,35-44,2026-07-01,3,189.57,63.19,3,28,692,0.0,2,4,4
CUST103239,Ravi Rahman,2024-11-20,Indonesia,Budget,25-34,2026-06-17,8,731.01,91.38,6,42,616,0.0,3,2,3
CUST103240,Aina Muthu,2025-06-24,Indonesia,Budget,45-54,2026-02-24,5,702.7,140.54,4,155,400,1.0,4,3,3
CUST103241,Chen Wei Chong,2025-12-08,Singapore,Budget,18-24,2026-07-09,7,1360.93,194.42,5,20,233,0.0,2,2,2
CUST103242,Ravi Muthu,2025-12-05,Malaysia,Mainstream,25-34,2026-07-18,6,1189.94,198.32,2,11,236,0.0,1,3,2
CUST103243,Xin Yi Rahman,2025-02-03,Indonesia,Mainstream,18-24,2026-07-21,6,1174.28,195.71,4,8,541,0.0,1,3,2
CUST103244,Arif Lim,2025-08-31,Thailand,Budget,25-34,2026-07-08,4,516.27,129.07,4,21,332,0.0,2,4,3
CUST103245,Suresh Chong,2026-05-13,Malaysia,Mainstream,35-44,2026-07-12,4,239.66,59.92,4,17,77,0.0,2,4,4
CUST103246,Kumar Wong,2025-03-22,Malaysia,Mainstream,35-44,2026-07-16,9,1352.41,150.27,6,13,494,0.0,1,2,2
CUST103247,Kumar Osman,2026-04-20,Indonesia,Mainstream,45-54,2026-04-22,8,552.79,69.1,4,98,100,1.0,4,2,3
CUST103248,Zhi Hao Muthu,2024-08-08,Malaysia,Premium,35-44,2026-07-21,11,1519.26,138.11,5,8,720,0.0,1,1,1
CUST103249,Priya Kaur,2025-09-28,Malaysia,Budget,25-34,2026-06-21,5,411.81,82.36,5,38,304,0.0,2,3,4
CUST103250,Arif Goh,2025-11-22,Singapore,Budget,35-44,2026-03-16,4,281.69,70.42,3,135,249,1.0,4,4,4
CUST103251,Ahmad Chong,2026-06-19,Singapore,Budget,35-44,2026-07-23,3,183.86,61.29,3,6,40,0.0,1,4,4
CUST103252,Farhan Rahman,2026-03-29,Indonesia,Mainstream,35-44,2026-07-20,8,710.26,88.78,4,9,122,0.0,1,2,3
CUST103253,Chen Wei Kaur,2024-09-06,Singapore,Budget,25-34,2026-04-11,4,421.79,105.45,3,109,691,1.0,4,4,4
CUST103254,Aina Tan,2025-07-02,Singapore,Premium,35-44,2026-06-07,10,1263.71,126.37,6,52,392,0.0,3,1,2
CUST103255,Kumar Osman,2024-10-09,Thailand,Budget,35-44,2026-05-09,3,451.02,150.34,2,81,658,0.0,3,4,4
CUST103256,Hui Ling Lim,2024-08-31,Indonesia,Mainstream,25-34,2026-07-26,6,628.55,104.76,3,3,697,0.0,1,3,3
CUST103257,Haziq Rahman,2026-06-24,Singapore,Mainstream,45-54,2026-07-11,4,161.34,40.34,4,18,35,0.0,2,4,4
CUST103258,Kumar Chong,2025-10-25,Singapore,Budget,25-34,2025-12-04,4,1016.03,254.01,3,237,277,1.0,4,4,2
CUST103259,Nur Aisyah Tan,2024-11-25,Indonesia,Mainstream,18-24,2026-06-30,6,310.89,51.82,4,29,611,0.0,2,3,4
CUST103260,Wei Ming Lim,2025-08-02,Malaysia,Mainstream,35-44,2026-07-13,11,2847.88,258.9,7,16,361,0.0,1,1,1
CUST103261,Nur Aisyah Yusof,2025-07-23,Malaysia,Mainstream,45-54,2026-07-16,9,844.58,93.84,5,13,371,0.0,1,2,3
CUST103262,Kumar Lim,2025-06-08,Malaysia,Mainstream,35-44,2026-06-16,7,829.4,118.49,5,43,416,0.0,3,2,3
CUST103263,Wei Ming Kaur,2025-03-04,Singapore,Mainstream,25-34,2026-06-10,8,594.34,74.29,6,49,512,0.0,3,2,3
CUST103264,Haziq Wong,2024-09-12,Indonesia,Budget,55+,2026-07-21,5,523.14,104.63,5,8,685,0.0,1,3,3
CUST103265,Hui Ling Binte Ismail,2024-10-20,Singapore,Mainstream,25-34,2026-07-28,3,351.42,117.14,2,1,647,0.0,1,4,4
CUST103266,Mei Ling Bin Abdullah,2025-04-29,Malaysia,Budget,25-34,2026-07-29,6,519.68,86.61,3,0,456,0.0,1,3,3
CUST103267,Nabila Chua,2025-06-03,Singapore,Budget,35-44,2026-04-29,3,614.94,204.98,3,91,421,1.0,4,4,3
CUST103268,Priya Goh,2025-11-08,Singapore,Budget,25-34,2026-06-02,8,453.53,56.69,4,57,263,0.0,3,2,4
CUST103269,Priya Bin Abdullah,2026-05-06,Singapore,Mainstream,35-44,2026-06-25,9,1416.95,157.44,5,34,84,0.0,2,2,1
CUST103270,Chen Wei Goh,2025-02-27,Thailand,Budget,55+,2026-06-01,5,1141.45,228.29,4,58,517,0.0,3,3,2
CUST103271,Priya Chong,2026-07-28,Singapore,Premium,25-34,2026-07-19,18,3321.42,184.52,5,10,1,0.0,1,1,1
CUST103272,Nur Aisyah Nair,2025-03-07,Singapore,Budget,18-24,2026-07-06,5,1577.47,315.49,4,23,509,0.0,2,3,1
CUST103273,Aina Yusof,2025-08-01,Singapore,Budget,25-34,2026-04-25,1,37.63,37.63,1,95,362,1.0,4,4,4
CUST103274,Divya Yusof,2025-01-01,Indonesia,Budget,35-44,2026-06-30,7,1291.11,184.44,4,29,574,0.0,2,2,2
CUST103275,Divya Osman,2024-09-05,Malaysia,Budget,35-44,2026-03-24,4,170.17,42.54,4,127,692,1.0,4,4,4
CUST103276,Nur Aisyah Kaur,2025-06-21,Thailand,Budget,55+,2026-03-26,3,258.52,86.17,2,125,403,1.0,4,4,4
CUST103277,Farhan Chong,2025-06-06,Indonesia,Mainstream,35-44,2026-05-25,6,885.38,147.56,4,65,418,0.0,3,3,2
CUST103278,Arif Rahman,2025-08-08,Malaysia,Budget,55+,2025-12-03,3,162.42,54.14,2,238,355,1.0,4,4,4
CUST103279,Nabila Lim,2025-10-30,Indonesia,Budget,25-34,2026-07-12,7,902.02,128.86,5,17,272,0.0,2,2,2
CUST103280,Zhi Hao Nair,2026-05-26,Singapore,Budget,25-34,2026-07-24,6,1163.85,193.98,4,5,64,0.0,1,3,2
CUST103281,Mei Ling Tan,2026-07-07,Thailand,Budget,25-34,2026-05-08,7,1227.17,175.31,5,82,22,0.0,4,2,2
CUST103282,Wei Ming Rahman,2025-02-17,Thailand,Premium,45-54,2026-06-30,15,1677.01,111.8,7,29,527,0.0,2,1,1
CUST103283,Arif Lim,2024-09-30,Singapore,Budget,25-34,2026-06-20,3,1131.13,377.04,3,39,667,0.0,3,4,2
CUST103284,Nur Aisyah Bin Abdullah,2026-06-20,Malaysia,Mainstream,25-34,2026-05-08,8,1190.42,148.8,5,82,39,0.0,4,2,2
CUST103285,Haziq Nair,2025-12-03,Singapore,Mainstream,25-34,2026-04-26,10,1625.06,162.51,5,94,238,1.0,4,1,1
CUST103286,Wei Ming Nair,2025-05-12,Malaysia,Budget,25-34,2026-06-26,6,1241.35,206.89,5,33,443,0.0,2,3,2
CUST103287,Arif Lee,2025-03-02,Indonesia,Mainstream,35-44,2026-06-27,9,707.13,78.57,4,32,514,0.0,2,2,3
CUST103288,Wei Ming Lim,2025-02-08,Thailand,Budget,45-54,2026-07-03,7,383.43,54.78,4,26,536,0.0,2,2,4
CUST103289,Arif Lee,2025-03-10,Singapore,Premium,18-24,2026-07-13,14,2867.29,204.81,7,16,506,0.0,1,1,1
CUST103290,Mei Ling Wong,2026-05-29,Indonesia,Mainstream,35-44,2026-07-16,8,777.67,97.21,6,13,61,0.0,1,2,3
CUST103291,Zhi Hao Yusof,2026-01-25,Indonesia,Budget,18-24,2026-07-29,8,444.97,55.62,4,0,185,0.0,1,2,4
CUST103292,Ravi Chong,2025-08-21,Singapore,Premium,25-34,2026-05-20,8,1184.24,148.03,5,70,342,0.0,3,2,2
CUST103293,Ahmad Kaur,2026-06-13,Malaysia,Budget,25-34,2026-07-16,6,606.1,101.02,4,13,46,0.0,1,3,3
CUST103294,Siti Kaur,2025-11-21,Indonesia,Premium,35-44,2026-06-25,23,4174.13,181.48,5,34,250,0.0,2,1,1
CUST103295,Wei Ming Goh,2025-10-21,Indonesia,Premium,35-44,2026-07-08,14,2003.32,143.09,7,21,281,0.0,2,1,1
CUST103296,Jia Xin Chua,2024-08-14,Thailand,Budget,35-44,2025-10-31,1,299.34,299.34,1,271,714,1.0,4,4,4
CUST103297,Nabila Kaur,2025-12-10,Singapore,Budget,45-54,2026-06-25,5,564.23,112.85,4,34,231,0.0,2,3,3
CUST103298,Suresh Kaur,2024-08-19,Singapore,Mainstream,25-34,2026-07-28,6,671.84,111.97,4,1,709,0.0,1,3,3
CUST103299,Arif Tan,2025-03-05,Singapore,Budget,35-44,2026-05-23,9,767.33,85.26,4,67,511,0.0,3,2,3
CUST103300,Arif Goh,2025-03-11,Singapore,Mainstream,35-44,2026-07-25,7,507.13,72.45,6,4,505,0.0,1,2,3
CUST103301,Mei Ling Rahman,2024-12-08,Malaysia,Budget,18-24,2026-01-31,3,298.27,99.42,2,179,598,1.0,4,4,4
CUST103302,Farhan Binte Ismail,2024-11-22,Thailand,Budget,25-34,2026-06-27,3,217.87,72.62,3,32,614,0.0,2,4,4
CUST103303,Suresh Goh,2026-02-17,Malaysia,Mainstream,18-24,2025-11-29,4,581.4,145.35,3,242,162,1.0,4,4,3
CUST103304,Hui Ling Yusof,2025-09-25,Indonesia,Mainstream,18-24,2026-07-25,7,1224.58,174.94,5,4,307,0.0,1,2,2
CUST103305,Priya Tan,2025-07-09,Malaysia,Mainstream,25-34,2026-05-18,9,1398.55,155.39,5,72,385,0.0,3,2,2
CUST103306,Chen Wei Tan,2024-08-15,Singapore,Mainstream,25-34,2026-06-28,7,1141.0,163.0,5,31,713,0.0,2,2,2
CUST103307,Siti Tan,2026-06-30,Indonesia,Budget,45-54,2026-06-02,6,480.84,80.14,4,57,29,0.0,3,3,3
CUST103308,Mei Ling Chong,2025-08-15,Indonesia,Budget,45-54,2026-05-26,4,592.71,148.18,4,64,348,0.0,3,4,3
CUST103309,Priya Lim,2026-02-23,Malaysia,Budget,35-44,2026-06-08,2,59.78,29.89,1,51,156,0.0,3,4,4
CUST103310,Arif Goh,2026-03-01,Thailand,Budget,35-44,2026-07-12,4,458.63,114.66,4,17,150,0.0,2,4,4
CUST103311,Haziq Goh,2025-01-19,Malaysia,Budget,55+,2026-07-11,3,189.74,63.25,2,18,556,0.0,2,4,4
CUST103312,Ahmad Chong,2026-03-04,Singapore,Mainstream,25-34,2026-07-27,12,782.8,65.23,5,2,147,0.0,1,1,3
CUST103313,Xin Yi Nair,2024-12-27,Malaysia,Budget,35-44,2026-02-07,4,392.63,98.16,3,172,579,1.0,4,4,4
CUST103314,Farhan Rahman,2024-08-03,Indonesia,Budget,35-44,2026-05-20,6,649.35,108.22,5,70,725,0.0,3,3,3
CUST103315,Mei Ling Tan,2025-01-09,Malaysia,Mainstream,55+,2026-07-14,11,1443.6,131.24,5,15,566,0.0,1,1,1
CUST103316,Nur Aisyah Chua,2026-03-27,Indonesia,Budget,45-54,2026-03-06,2,160.75,80.38,2,145,124,1.0,4,4,4
CUST103317,Suresh Lim,2026-04-17,Malaysia,Premium,18-24,2026-07-13,10,1766.77,176.68,5,16,103,0.0,1,1,1
CUST103318,Hui Ling Lim,2025-09-13,Malaysia,Budget,35-44,2026-07-07,8,648.58,81.07,5,22,319,0.0,2,2,3
CUST103319,Xin Yi Rahman,2025-06-22,Thailand,Budget,25-34,2026-07-29,4,795.25,198.81,4,0,402,0.0,1,4,3
CUST103320,Priya Tan,2025-01-07,Malaysia,Premium,25-34,2026-07-24,16,2245.52,140.34,7,5,568,0.0,1,1,1
CUST103321,Nabila Lee,2025-09-24,Malaysia,Mainstream,35-44,2026-07-10,5,672.58,134.52,3,19,308,0.0,2,3,3
CUST103322,Xin Yi Yusof,2026-03-30,Singapore,Mainstream,35-44,2026-07-26,3,478.45,159.48,3,3,121,0.0,1,4,3
CUST103323,Arif Osman,2024-08-05,Malaysia,Budget,25-34,2026-01-30,1,112.48,112.48,1,180,723,1.0,4,4,4
CUST103324,Divya Nair,2024-10-07,Malaysia,Budget,25-34,2026-05-07,3,807.52,269.17,3,83,660,0.0,4,4,3
CUST103325,Siti Osman,2025-04-08,Singapore,Mainstream,35-44,2026-04-27,3,869.89,289.96,3,93,477,1.0,4,4,2
CUST103326,Chen Wei Lee,2025-03-09,Malaysia,Budget,25-34,2026-05-30,6,1195.48,199.25,5,60,507,0.0,3,3,2
CUST103327,Hui Ling Osman,2024-09-15,Singapore,Mainstream,45-54,2026-07-08,6,483.65,80.61,3,21,682,0.0,2,3,3
CUST103328,Suresh Kaur,2025-08-17,Singapore,Budget,25-34,2026-05-10,5,570.89,114.18,4,80,346,0.0,3,3,3
CUST103329,Divya Binte Ismail,2026-04-14,Malaysia,Budget,35-44,2026-02-22,6,1188.49,198.08,5,157,106,1.0,4,3,2
CUST103330,Hui Ling Goh,2025-05-13,Singapore,Budget,18-24,2026-05-30,4,833.12,208.28,3,60,442,0.0,3,4,3
CUST103331,Mei Ling Rahman,2025-09-03,Malaysia,Mainstream,55+,2026-06-24,7,497.69,71.1,4,35,329,0.0,2,2,3
CUST103332,Aina Tan,2024-12-23,Indonesia,Budget,45-54,2026-03-18,2,420.45,210.22,2,133,583,1.0,4,4,4
CUST103333,Hui Ling Binte Ismail,2025-01-12,Singapore,Premium,25-34,2026-04-16,13,1744.64,134.2,7,104,563,1.0,4,1,1
CUST103334,Mei Ling Wong,2025-08-19,Singapore,Budget,35-44,2026-07-27,2,69.27,34.64,2,2,344,0.0,1,4,4
CUST103335,Nur Aisyah Wong,2025-11-03,Malaysia,Mainstream,45-54,2026-07-22,6,308.29,51.38,4,7,268,0.0,1,3,4
CUST103336,Priya Kaur,2025-09-24,Singapore,Budget,18-24,2026-05-05,5,428.61,85.72,5,85,308,0.0,4,3,4
CUST103337,Divya Muthu,2025-04-24,Malaysia,Mainstream,35-44,2026-05-04,7,1476.74,210.96,5,86,461,0.0,4,2,1
CUST103338,Haziq Rahman,2025-04-20,Indonesia,Mainstream,45-54,2026-07-25,8,1014.07,126.76,6,4,465,0.0,1,2,2
CUST103339,Chen Wei Kaur,2025-07-21,Malaysia,Mainstream,35-44,2026-07-17,7,1359.02,194.15,5,12,373,0.0,1,2,2
CUST103340,Nur Aisyah Wong,2025-07-06,Malaysia,Budget,55+,2026-05-28,4,492.94,123.24,4,62,388,0.0,3,4,3
CUST103341,Ravi Osman,2024-08-04,Thailand,Mainstream,18-24,2026-05-24,8,785.58,98.2,6,66,724,0.0,3,2,3
CUST103342,Jia Xin Bin Abdullah,2026-01-25,Singapore,Budget,55+,2026-07-26,7,1724.91,246.42,4,3,185,0.0,1,2,1
CUST103343,Nur Aisyah Lim,2026-03-25,Thailand,Mainstream,55+,2026-06-13,8,1257.08,157.14,5,46,126,0.0,3,2,2
CUST103344,Aina Kaur,2024-12-23,Indonesia,Mainstream,25-34,2026-07-22,9,1179.37,131.04,5,7,583,0.0,1,2,2
CUST103345,Mei Ling Yusof,2024-09-15,Malaysia,Budget,25-34,2026-07-17,5,738.34,147.67,5,12,682,0.0,1,3,3
CUST103346,Haziq Chua,2025-05-11,Singapore,Mainstream,35-44,2026-05-18,3,490.59,163.53,3,72,444,0.0,3,4,3
CUST103347,Arif Chong,2025-10-09,Singapore,Mainstream,45-54,2026-01-28,5,1234.0,246.8,5,182,293,1.0,4,3,2
CUST103348,Suresh Chua,2025-11-17,Thailand,Budget,25-34,2026-04-20,3,137.54,45.85,2,100,254,1.0,4,4,4
CUST103349,Priya Wong,2025-08-22,Singapore,Budget,25-34,2026-03-05,3,170.66,56.89,2,146,341,1.0,4,4,4
CUST103350,Suresh Tan,2026-06-21,Thailand,Budget,45-54,2026-07-24,6,671.92,111.99,5,5,38,0.0,1,3,3
CUST103351,Ahmad Lim,2025-07-09,Malaysia,Mainstream,25-34,2026-06-12,8,1575.13,196.89,6,47,385,0.0,3,2,1
CUST103352,Suresh Tan,2026-01-14,Malaysia,Mainstream,35-44,2026-06-05,5,645.74,129.15,4,54,196,0.0,3,3,3
CUST103353,Wei Ming Rahman,2026-01-17,Malaysia,Budget,35-44,2026-07-16,7,827.37,118.2,4,13,193,0.0,1,2,3
CUST103354,Siti Kaur,2025-06-15,Singapore,Budget,55+,2026-07-06,7,1449.3,207.04,5,23,409,0.0,2,2,1
CUST103355,Kumar Wong,2024-08-25,Malaysia,Budget,18-24,2026-06-27,8,980.77,122.6,5,32,703,0.0,2,2,2
CUST103356,Divya Chong,2026-03-01,Thailand,Budget,55+,2026-06-19,5,380.65,76.13,3,40,150,0.0,3,3,4
CUST103357,Chen Wei Kaur,2024-10-02,Singapore,Budget,35-44,2026-01-24,2,35.88,17.94,1,186,665,1.0,4,4,4
CUST103358,Divya Yusof,2025-07-15,Thailand,Budget,45-54,2026-02-06,3,936.22,312.07,3,173,379,1.0,4,4,2
CUST103359,Nur Aisyah Yusof,2024-08-18,Thailand,Budget,18-24,2026-04-11,4,772.99,193.25,4,109,710,1.0,4,4,3
CUST103360,Suresh Rahman,2025-10-23,Singapore,Mainstream,35-44,2026-05-31,9,1535.93,170.66,5,59,279,0.0,3,1,1
CUST103361,Nur Aisyah Wong,2024-08-01,Malaysia,Mainstream,45-54,2026-07-02,14,1302.91,93.07,5,27,727,0.0,2,1,2
CUST103362,Kumar Chong,2025-04-04,Singapore,Budget,45-54,2026-03-30,5,245.5,49.1,3,121,481,1.0,4,3,4
CUST103363,Suresh Chong,2025-03-28,Malaysia,Mainstream,18-24,2026-05-31,11,1367.3,124.3,7,59,488,0.0,3,1,2
CUST103364,Arif Rahman,2025-06-13,Thailand,Budget,25-34,2026-02-06,4,924.49,231.12,4,173,411,1.0,4,4,2
CUST103365,Aina Rahman,2025-09-03,Thailand,Budget,18-24,2026-05-03,4,325.5,81.38,3,87,329,0.0,4,4,4
CUST103366,Divya Yusof,2025-07-11,Thailand,Premium,25-34,2026-07-21,14,2688.15,192.01,7,8,383,0.0,1,1,1
CUST103367,Priya Nair,2024-11-15,Singapore,Mainstream,35-44,2026-07-08,8,2190.73,273.84,5,21,621,0.0,2,2,1
CUST103368,Jia Xin Bin Abdullah,2024-12-28,Malaysia,Budget,55+,2026-05-10,4,537.11,134.28,4,80,578,0.0,3,4,3
CUST103369,Jia Xin Lee,2026-07-12,Singapore,Budget,35-44,2026-04-16,5,312.54,62.51,4,104,17,1.0,4,3,4
CUST103370,Wei Ming Muthu,2025-03-09,Thailand,Mainstream,18-24,2026-06-23,7,2304.97,329.28,5,36,507,0.0,2,2,1
CUST103371,Ahmad Tan,2024-11-27,Singapore,Budget,25-34,2025-08-07,1,155.09,155.09,1,356,609,1.0,4,4,4
CUST103372,Suresh Osman,2025-02-01,Singapore,Premium,25-34,2026-06-17,10,2151.41,215.14,5,42,543,0.0,3,1,1
CUST103373,Wei Ming Bin Abdullah,2025-07-31,Singapore,Budget,18-24,2026-06-16,5,1094.41,218.88,4,43,363,0.0,3,3,2
CUST103374,Jia Xin Kaur,2025-11-27,Singapore,Budget,45-54,2026-05-20,2,156.11,78.06,2,70,244,0.0,3,4,4
CUST103375,Ravi Lee,2025-03-25,Singapore,Mainstream,25-34,2026-07-17,7,876.2,125.17,5,12,491,0.0,1,2,2
CUST103376,Zhi Hao Tan,2025-04-01,Singapore,Mainstream,18-24,2026-06-22,10,1871.04,187.1,5,37,484,0.0,2,1,1
CUST103377,Aina Muthu,2025-10-29,Thailand,Mainstream,35-44,2026-06-19,8,961.82,120.23,5,40,273,0.0,3,2,2
CUST103378,Ahmad Lee,2025-10-06,Indonesia,Premium,18-24,2026-07-18,9,1454.49,161.61,6,11,296,0.0,1,1,1
CUST103379,Kumar Goh,2025-11-02,Singapore,Premium,25-34,2026-07-17,7,485.16,69.31,3,12,269,0.0,1,2,3
CUST103380,Wei Ming Rahman,2026-06-27,Indonesia,Budget,35-44,2026-05-25,8,2100.59,262.57,6,65,32,0.0,3,2,1
CUST103381,Arif Osman,2026-07-06,Malaysia,Budget,18-24,2026-04-08,2,883.92,441.96,2,112,23,1.0,4,4,2
CUST103382,Mei Ling Muthu,2026-05-30,Indonesia,Budget,35-44,2026-03-24,6,1472.34,245.39,4,127,60,1.0,4,3,1
CUST103383,Aina Chong,2025-09-23,Singapore,Mainstream,35-44,2026-07-24,9,991.23,110.14,5,5,309,0.0,1,1,2
CUST103384,Ahmad Binte Ismail,2025-07-22,Malaysia,Mainstream,35-44,2026-03-11,6,1887.43,314.57,5,140,372,1.0,4,3,1
CUST103385,Divya Yusof,2025-10-04,Malaysia,Budget,25-34,2026-05-25,5,236.72,47.34,4,65,298,0.0,3,3,4
CUST103386,Nabila Chong,2024-08-31,Singapore,Premium,25-34,2026-07-11,13,3211.56,247.04,7,18,697,0.0,2,1,1
CUST103387,Chen Wei Goh,2026-02-15,Malaysia,Budget,35-44,2026-06-24,7,632.47,90.35,5,35,164,0.0,2,2,3
CUST103388,Ahmad Lee,2025-10-16,Indonesia,Mainstream,18-24,2026-07-17,9,826.23,91.8,5,12,286,0.0,1,1,3
CUST103389,Arif Rahman,2026-01-30,Indonesia,Mainstream,18-24,2026-03-20,6,892.14,148.69,5,131,180,1.0,4,3,2
CUST103390,Suresh Bin Abdullah,2025-12-23,Malaysia,Budget,25-34,2026-05-09,7,1265.21,180.74,4,81,218,0.0,3,2,2
CUST103391,Jia Xin Yusof,2025-05-29,Malaysia,Budget,18-24,2025-11-07,2,71.77,35.89,2,264,426,1.0,4,4,4
CUST103392,Siti Goh,2025-12-15,Indonesia,Budget,18-24,2026-07-28,4,275.21,68.8,2,1,226,0.0,1,4,4
CUST103393,Zhi Hao Tan,2025-12-10,Singapore,Premium,55+,2026-07-15,10,2464.28,246.43,5,14,231,0.0,1,1,1
CUST103394,Siti Chua,2025-03-27,Singapore,Budget,25-34,2026-06-17,9,1537.74,170.86,7,42,489,0.0,3,1,1
CUST103395,Suresh Muthu,2024-11-30,Malaysia,Mainstream,35-44,2026-06-29,9,1593.72,177.08,5,30,606,0.0,2,1,1
CUST103396,Suresh Lim,2026-02-24,Singapore,Mainstream,25-34,2026-05-02,7,577.92,82.56,5,88,155,0.0,4,2,3
CUST103397,Ravi Lim,2026-05-09,Malaysia,Mainstream,18-24,2026-07-04,6,1094.31,182.38,5,25,81,0.0,2,3,2
CUST103398,Hui Ling Yusof,2026-02-05,Singapore,Premium,45-54,2026-07-01,9,1168.38,129.82,5,28,174,0.0,2,1,2
CUST103399,Mei Ling Nair,2025-06-03,Malaysia,Budget,35-44,2026-06-30,7,559.33,79.9,4,29,421,0.0,2,2,3
CUST103400,Suresh Lim,2024-08-28,Indonesia,Mainstream,55+,2026-06-30,5,508.64,101.73,4,29,700,0.0,2,3,3
CUST103401,Ahmad Osman,2026-04-04,Indonesia,Budget,18-24,2026-07-29,4,801.19,200.3,4,0,116,0.0,1,4,3
CUST103402,Farhan Kaur,2026-06-28,Indonesia,Budget,18-24,2026-07-22,6,411.41,68.57,4,7,31,0.0,1,3,4
CUST103403,Mei Ling Muthu,2025-07-09,Malaysia,Budget,35-44,2026-01-10,2,459.69,229.85,2,200,385,1.0,4,4,4
CUST103404,Wei Ming Muthu,2024-08-05,Thailand,Budget,25-34,2026-03-28,4,304.84,76.21,4,123,723,1.0,4,4,4
CUST103405,Haziq Osman,2025-06-21,Indonesia,Mainstream,18-24,2026-07-28,10,818.52,81.85,6,1,403,0.0,1,1,3
CUST103406,Farhan Kaur,2024-09-23,Malaysia,Budget,25-34,2026-07-13,9,2251.71,250.19,6,16,674,0.0,1,1,1
CUST103407,Jia Xin Binte Ismail,2025-04-17,Singapore,Mainstream,18-24,2026-07-15,7,834.81,119.26,5,14,468,0.0,1,2,3
CUST103408,Suresh Kaur,2026-07-06,Malaysia,Budget,45-54,2026-05-03,3,184.59,61.53,2,87,23,0.0,4,4,4
CUST103409,Ravi Lim,2025-09-20,Malaysia,Mainstream,45-54,2026-06-07,10,718.39,71.84,5,52,312,0.0,3,1,3
CUST103410,Xin Yi Nair,2025-01-13,Indonesia,Mainstream,35-44,2026-07-03,12,1902.2,158.52,6,26,562,0.0,2,1,1
CUST103411,Nabila Bin Abdullah,2025-07-23,Indonesia,Mainstream,25-34,2026-07-13,6,619.23,103.2,5,16,371,0.0,1,3,3
CUST103412,Ahmad Kaur,2026-03-09,Thailand,Premium,45-54,2026-06-25,13,680.67,52.36,6,34,142,0.0,2,1,3
CUST103413,Ahmad Tan,2026-03-19,Thailand,Budget,35-44,2026-05-27,4,814.73,203.68,3,63,132,0.0,3,4,3
CUST103414,Mei Ling Rahman,2025-04-01,Malaysia,Budget,45-54,2026-01-03,3,119.26,39.75,3,207,484,1.0,4,4,4
CUST103415,Zhi Hao Binte Ismail,2025-08-25,Thailand,Mainstream,35-44,2026-07-25,7,927.54,132.51,5,4,338,0.0,1,2,2
CUST103416,Farhan Nair,2025-06-05,Thailand,Budget,55+,2026-07-28,6,617.8,102.97,4,1,419,0.0,1,3,3
CUST103417,Hui Ling Chua,2025-10-30,Singapore,Mainstream,25-34,2026-06-03,4,425.1,106.28,3,56,272,0.0,3,4,4
CUST103418,Ravi Tan,2025-11-24,Malaysia,Mainstream,35-44,2026-06-30,7,321.94,45.99,4,29,247,0.0,2,2,4
CUST103419,Hui Ling Osman,2025-03-30,Singapore,Budget,45-54,2026-07-17,5,391.67,78.33,3,12,486,0.0,1,3,4
CUST103420,Kumar Osman,2026-07-24,Singapore,Premium,45-54,2026-06-29,14,2285.83,163.27,6,30,5,0.0,2,1,1
CUST103421,Mei Ling Wong,2025-09-15,Singapore,Budget,55+,2026-05-12,2,760.78,380.39,2,78,317,0.0,3,4,3
CUST103422,Kumar Nair,2025-11-01,Malaysia,Mainstream,25-34,2026-07-27,9,520.28,57.81,5,2,270,0.0,1,1,3
CUST103423,Arif Lee,2025-01-07,Singapore,Budget,35-44,2026-03-17,3,345.26,115.09,3,134,568,1.0,4,4,4
CUST103424,Priya Bin Abdullah,2025-02-13,Singapore,Mainstream,25-34,2026-07-18,6,551.53,91.92,4,11,531,0.0,1,3,3
CUST103425,Jia Xin Kaur,2025-09-22,Singapore,Budget,35-44,2026-06-28,7,1551.66,221.67,5,31,310,0.0,2,2,1
CUST103426,Aina Lim,2026-01-19,Indonesia,Premium,25-34,2026-07-23,14,1578.08,112.72,6,6,191,0.0,1,1,1
CUST103427,Suresh Muthu,2026-02-07,Thailand,Premium,25-34,2026-07-22,16,1891.73,118.23,7,7,172,0.0,1,1,1
CUST103428,Aina Muthu,2026-02-25,Thailand,Mainstream,55+,2026-07-09,7,703.99,100.57,5,20,154,0.0,2,2,3
CUST103429,Farhan Osman,2026-01-11,Malaysia,Mainstream,45-54,2026-07-15,10,1364.81,136.48,6,14,199,0.0,1,1,2
CUST103430,Ravi Chong,2025-01-20,Singapore,Mainstream,35-44,2026-07-21,4,364.07,91.02,3,8,555,0.0,1,4,4
CUST103431,Nur Aisyah Chong,2026-06-26,Thailand,Mainstream,18-24,2026-03-14,3,237.58,79.19,3,137,33,1.0,4,4,4
CUST103432,Chen Wei Goh,2026-07-10,Singapore,Mainstream,25-34,2026-06-21,8,961.36,120.17,4,38,19,0.0,2,2,2
CUST103433,Farhan Binte Ismail,2025-06-30,Thailand,Mainstream,18-24,2026-06-30,10,1496.92,149.69,5,29,394,0.0,2,1,1
CUST103434,Ravi Lim,2026-02-16,Indonesia,Premium,18-24,2026-07-03,9,891.39,99.04,7,26,163,0.0,2,1,2
CUST103435,Nur Aisyah Chong,2024-11-30,Malaysia,Mainstream,45-54,2026-07-16,5,421.49,84.3,3,13,606,0.0,1,3,4
CUST103436,Nabila Rahman,2025-01-26,Singapore,Budget,35-44,2026-05-30,3,385.52,128.51,3,60,549,0.0,3,4,4
CUST103437,Farhan Rahman,2025-01-14,Singapore,Premium,18-24,2026-07-11,15,1550.12,103.34,6,18,561,0.0,2,1,1
CUST103438,Farhan Tan,2025-08-30,Malaysia,Budget,35-44,2026-07-10,3,412.65,137.55,3,19,333,0.0,2,4,4
CUST103439,Divya Chong,2025-09-13,Malaysia,Budget,18-24,2026-06-27,3,122.88,40.96,2,32,319,0.0,2,4,4
CUST103440,Priya Binte Ismail,2025-09-22,Indonesia,Premium,25-34,2026-07-02,13,3533.41,271.8,5,27,310,0.0,2,1,1
CUST103441,Xin Yi Bin Abdullah,2026-03-08,Malaysia,Budget,25-34,2026-05-08,1,58.3,58.3,1,82,143,0.0,4,4,4
CUST103442,Wei Ming Tan,2025-06-10,Malaysia,Budget,25-34,2026-07-06,4,487.2,121.8,4,23,414,0.0,2,4,3
CUST103443,Suresh Wong,2024-11-06,Singapore,Mainstream,35-44,2026-04-25,4,452.92,113.23,2,95,630,1.0,4,4,4
CUST103444,Arif Muthu,2026-01-23,Malaysia,Mainstream,35-44,2026-07-18,11,1885.81,171.44,5,11,187,0.0,1,1,1
CUST103445,Arif Wong,2026-06-18,Singapore,Budget,35-44,2026-07-27,5,870.74,174.15,4,2,41,0.0,1,3,2
CUST103446,Wei Ming Yusof,2025-06-12,Indonesia,Mainstream,45-54,2026-06-27,7,1397.62,199.66,6,32,412,0.0,2,2,2
CUST103447,Aina Chua,2025-10-11,Malaysia,Budget,55+,2026-07-08,5,431.15,86.23,3,21,291,0.0,2,3,4
CUST103448,Kumar Rahman,2024-12-24,Indonesia,Budget,45-54,2026-06-23,3,288.35,96.12,2,36,582,0.0,2,4,4
CUST103449,Chen Wei Osman,2024-11-11,Malaysia,Budget,55+,2025-09-04,1,19.13,19.13,1,328,625,1.0,4,4,4
CUST103450,Wei Ming Yusof,2024-09-04,Singapore,Budget,55+,2026-02-26,4,256.21,64.05,3,153,693,1.0,4,4,4
CUST103451,Haziq Chong,2025-10-15,Indonesia,Premium,45-54,2026-05-10,10,2050.69,205.07,6,80,287,0.0,3,1,1
CUST103452,Zhi Hao Tan,2024-10-09,Indonesia,Mainstream,25-34,2026-07-13,4,1008.66,252.16,3,16,658,0.0,1,4,2
CUST103453,Wei Ming Tan,2026-05-04,Indonesia,Mainstream,25-34,2026-04-26,3,968.94,322.98,3,94,86,1.0,4,4,2
CUST103454,Nur Aisyah Goh,2025-10-30,Malaysia,Premium,35-44,2026-07-25,10,1410.52,141.05,7,4,272,0.0,1,1,2
CUST103455,Zhi Hao Chua,2026-01-16,Thailand,Premium,45-54,2026-07-08,15,2251.61,150.11,7,21,194,0.0,2,1,1
CUST103456,Kumar Goh,2024-09-24,Singapore,Mainstream,45-54,2026-07-07,10,1211.88,121.19,6,22,673,0.0,2,1,2
CUST103457,Nur Aisyah Muthu,2025-05-17,Malaysia,Budget,35-44,2026-05-22,3,219.45,73.15,3,68,438,0.0,3,4,4
CUST103458,Wei Ming Tan,2025-11-04,Indonesia,Mainstream,45-54,2026-06-22,6,681.3,113.55,6,37,267,0.0,2,3,3
CUST103459,Hui Ling Chua,2026-04-10,Singapore,Mainstream,35-44,2026-06-12,4,1063.69,265.92,2,47,110,0.0,3,4,2
CUST103460,Kumar Lee,2025-01-04,Indonesia,Budget,35-44,2026-01-13,5,611.76,122.35,5,197,571,1.0,4,3,3
CUST103461,Mei Ling Chua,2025-04-07,Malaysia,Budget,18-24,2026-06-08,3,1139.1,379.7,2,51,478,0.0,3,4,2
CUST103462,Priya Tan,2024-11-14,Singapore,Budget,25-34,2026-07-06,8,881.09,110.14,5,23,622,0.0,2,2,2
CUST103463,Jia Xin Rahman,2025-09-13,Singapore,Mainstream,18-24,2026-06-28,5,461.43,92.29,4,31,319,0.0,2,3,4
CUST103464,Ravi Chua,2026-04-11,Indonesia,Mainstream,18-24,2026-07-10,7,1134.52,162.07,4,19,109,0.0,2,2,2
CUST103465,Hui Ling Chua,2025-11-27,Indonesia,Mainstream,35-44,2026-03-03,5,945.0,189.0,4,148,244,1.0,4,3,2
CUST103466,Hui Ling Nair,2025-05-03,Singapore,Budget,18-24,2026-07-03,5,1408.64,281.73,5,26,452,0.0,2,3,2
CUST103467,Jia Xin Rahman,2026-02-04,Singapore,Budget,55+,2026-07-05,6,967.81,161.3,4,24,175,0.0,2,3,2
CUST103468,Mei Ling Rahman,2026-06-08,Singapore,Premium,25-34,2026-07-07,16,2611.74,163.23,6,22,51,0.0,2,1,1
CUST103469,Xin Yi Goh,2024-12-05,Singapore,Budget,35-44,2026-06-10,6,1572.43,262.07,4,49,601,0.0,3,3,1
CUST103470,Haziq Lee,2025-07-07,Indonesia,Budget,18-24,2026-07-08,7,534.43,76.35,4,21,387,0.0,2,2,3
CUST103471,Ahmad Lee,2025-10-13,Singapore,Mainstream,45-54,2026-07-11,8,1517.84,189.73,6,18,289,0.0,2,2,1
CUST103472,Xin Yi Chong,2025-06-21,Singapore,Mainstream,35-44,2026-07-06,6,1270.96,211.83,6,23,403,0.0,2,3,2
CUST103473,Mei Ling Lee,2025-02-05,Singapore,Mainstream,35-44,2026-07-22,7,734.7,104.96,4,7,539,0.0,1,2,3
CUST103474,Jia Xin Chong,2026-07-29,Malaysia,Mainstream,35-44,2026-07-09,11,2467.71,224.34,6,20,0,0.0,2,1,1
CUST103475,Aina Lee,2025-09-11,Indonesia,Budget,35-44,2026-07-16,6,1859.68,309.95,5,13,321,0.0,1,3,1
CUST103476,Haziq Osman,2026-01-25,Indonesia,Premium,35-44,2026-07-19,8,515.22,64.4,5,10,185,0.0,1,2,3
CUST103477,Farhan Muthu,2026-05-23,Malaysia,Mainstream,35-44,2026-07-09,8,488.63,61.08,5,20,67,0.0,2,2,3
CUST103478,Nur Aisyah Muthu,2026-07-03,Thailand,Mainstream,45-54,2026-07-18,13,1137.65,87.51,5,11,26,0.0,1,1,2
CUST103479,Kumar Chong,2025-09-11,Malaysia,Budget,25-34,2026-07-10,4,1083.66,270.92,3,19,321,0.0,2,4,2
CUST103480,Kumar Lee,2025-06-27,Thailand,Mainstream,55+,2026-05-12,7,641.06,91.58,5,78,397,0.0,3,2,3
CUST103481,Priya Yusof,2025-07-24,Malaysia,Budget,25-34,2026-06-18,3,345.51,115.17,3,41,370,0.0,3,4,4
CUST103482,Hui Ling Osman,2025-01-04,Singapore,Mainstream,25-34,2026-07-13,8,848.32,106.04,6,16,571,0.0,1,2,3
CUST103483,Chen Wei Chong,2025-08-29,Indonesia,Mainstream,25-34,2026-03-04,5,574.99,115.0,3,147,334,1.0,4,3,3
CUST103484,Ahmad Yusof,2025-05-25,Malaysia,Mainstream,25-34,2026-07-15,3,274.02,91.34,2,14,430,0.0,1,4,4
CUST103485,Nur Aisyah Chua,2024-12-11,Indonesia,Budget,25-34,2026-01-13,2,153.66,76.83,2,197,595,1.0,4,4,4
CUST103486,Siti Yusof,2025-04-06,Singapore,Premium,45-54,2026-07-28,15,3461.82,230.79,7,1,479,0.0,1,1,1
CUST103487,Priya Chua,2024-10-03,Malaysia,Budget,35-44,2026-07-10,9,1532.17,170.24,6,19,664,0.0,2,1,1
CUST103488,Xin Yi Binte Ismail,2026-02-18,Thailand,Mainstream,55+,2026-07-28,10,1807.23,180.72,4,1,161,0.0,1,1,1
CUST103489,Zhi Hao Kaur,2025-01-01,Singapore,Budget,18-24,2026-05-14,4,761.81,190.45,4,76,574,0.0,3,4,3
CUST103490,Kumar Chong,2025-03-08,Singapore,Budget,35-44,2026-04-24,5,1907.42,381.48,4,96,508,1.0,4,3,1
CUST103491,Nabila Tan,2025-05-30,Singapore,Premium,18-24,2026-07-13,15,2892.65,192.84,5,16,425,0.0,1,1,1
CUST103492,Nabila Osman,2026-07-27,Malaysia,Budget,25-34,2026-02-27,3,475.06,158.35,2,152,2,1.0,4,4,3
CUST103493,Ahmad Nair,2025-06-29,Indonesia,Premium,25-34,2026-07-10,8,1258.32,157.29,6,19,395,0.0,2,2,2
CUST103494,Jia Xin Lim,2024-11-10,Malaysia,Budget,35-44,2026-07-26,6,915.44,152.57,5,3,626,0.0,1,3,2
CUST103495,Divya Osman,2025-04-15,Thailand,Mainstream,35-44,2026-02-02,4,680.56,170.14,4,177,470,1.0,4,4,3
CUST103496,Siti Yusof,2026-07-26,Malaysia,Budget,25-34,2026-05-18,7,1159.42,165.63,5,72,3,0.0,3,2,2
CUST103497,Ravi Chua,2025-12-31,Malaysia,Mainstream,25-34,2026-07-14,12,1858.49,154.87,7,15,210,0.0,1,1,1
CUST103498,Priya Wong,2025-06-09,Singapore,Premium,25-34,2026-06-06,10,759.04,75.9,6,53,415,0.0,3,1,3
CUST103499,Farhan Osman,2024-12-14,Singapore,Mainstream,25-34,2026-06-04,8,897.6,112.2,4,55,592,0.0,3,2,2
CUST103500,Chen Wei Lee,2025-09-08,Indonesia,Budget,35-44,2026-06-11,5,449.16,89.83,4,48,324,0.0,3,3,4
CUST103501,Nabila Chong,2024-11-11,Singapore,Mainstream,35-44,2026-03-29,7,815.03,116.43,3,122,625,1.0,4,2,3
CUST103502,Jia Xin Tan,2024-12-26,Singapore,Mainstream,45-54,2026-07-21,8,552.0,69.0,6,8,580,0.0,1,2,3
CUST103503,Zhi Hao Nair,2026-01-15,Thailand,Budget,55+,2026-07-23,5,348.98,69.8,4,6,195,0.0,1,3,4
CUST103504,Nabila Yusof,2026-03-09,Malaysia,Mainstream,25-34,2026-04-10,8,750.12,93.76,6,110,142,1.0,4,2,3
CUST103505,Wei Ming Chong,2024-10-08,Singapore,Mainstream,55+,2026-07-12,5,2114.43,422.89,3,17,659,0.0,2,3,1
CUST103506,Ravi Kaur,2025-05-25,Indonesia,Mainstream,45-54,2026-07-22,9,1199.39,133.27,6,7,430,0.0,1,1,2
CUST103507,Farhan Osman,2024-11-17,Malaysia,Budget,18-24,2026-04-28,6,755.97,126.0,4,92,619,1.0,4,3,3
CUST103508,Zhi Hao Yusof,2024-09-24,Thailand,Budget,45-54,2026-07-27,5,371.07,74.21,3,2,673,0.0,1,3,4
CUST103509,Mei Ling Rahman,2025-09-23,Indonesia,Premium,35-44,2026-06-02,10,1313.44,131.34,4,57,309,0.0,3,1,2
CUST103510,Ahmad Goh,2026-06-26,Singapore,Mainstream,35-44,2026-07-16,7,518.56,74.08,4,13,33,0.0,1,2,3
CUST103511,Zhi Hao Yusof,2024-10-04,Singapore,Mainstream,35-44,2026-07-22,8,782.23,97.78,6,7,663,0.0,1,2,3
CUST103512,Arif Goh,2025-05-29,Singapore,Premium,45-54,2026-07-17,13,1779.23,136.86,6,12,426,0.0,1,1,1
CUST103513,Siti Goh,2026-05-03,Indonesia,Budget,45-54,2026-06-30,3,329.85,109.95,3,29,87,0.0,2,4,4
CUST103514,Farhan Muthu,2025-07-08,Malaysia,Budget,45-54,2026-03-04,3,250.07,83.36,2,147,386,1.0,4,4,4
CUST103515,Suresh Chua,2026-07-09,Indonesia,Mainstream,25-34,2026-03-25,7,1404.02,200.57,5,126,20,1.0,4,2,2
CUST103516,Chen Wei Nair,2025-12-30,Malaysia,Mainstream,55+,2026-06-25,4,359.02,89.76,3,34,211,0.0,2,4,4
CUST103517,Haziq Bin Abdullah,2025-11-18,Singapore,Premium,35-44,2026-07-19,16,3105.6,194.1,7,10,253,0.0,1,1,1
CUST103518,Hui Ling Chong,2025-09-01,Singapore,Mainstream,45-54,2026-07-28,13,1776.15,136.63,6,1,331,0.0,1,1,1
CUST103519,Haziq Chua,2025-06-12,Singapore,Budget,45-54,2026-06-01,5,784.36,156.87,3,58,412,0.0,3,3,3
CUST103520,Ahmad Kaur,2024-11-24,Malaysia,Budget,18-24,2026-06-29,6,928.96,154.83,5,30,612,0.0,2,3,2
CUST103521,Zhi Hao Muthu,2025-11-15,Malaysia,Budget,25-34,2026-07-14,6,566.29,94.38,6,15,256,0.0,1,3,3
CUST103522,Haziq Lim,2025-02-08,Thailand,Premium,45-54,2026-06-22,11,1525.02,138.64,5,37,536,0.0,2,1,1
CUST103523,Divya Wong,2024-09-10,Singapore,Budget,55+,2026-07-21,9,1151.41,127.93,6,8,687,0.0,1,1,2
CUST103524,Xin Yi Kaur,2025-01-29,Indonesia,Mainstream,45-54,2026-07-10,9,645.31,71.7,5,19,546,0.0,2,1,3
CUST103525,Nabila Lee,2026-01-25,Singapore,Budget,35-44,2026-03-17,7,585.36,83.62,4,134,185,1.0,4,2,3
CUST103526,Aina Lim,2025-03-22,Indonesia,Budget,25-34,2026-05-12,6,566.87,94.48,4,78,494,0.0,3,3,3
CUST103527,Chen Wei Bin Abdullah,2026-01-05,Singapore,Budget,35-44,2026-04-07,2,394.64,197.32,2,113,205,1.0,4,4,4
CUST103528,Jia Xin Osman,2025-08-15,Indonesia,Mainstream,25-34,2026-04-27,5,536.14,107.23,4,93,348,1.0,4,3,3
CUST103529,Nabila Kaur,2025-04-22,Singapore,Budget,45-54,2026-06-22,8,1487.41,185.93,4,37,463,0.0,2,2,1
CUST103530,Mei Ling Tan,2025-12-27,Singapore,Premium,35-44,2026-07-06,6,747.42,124.57,4,23,214,0.0,2,3,3
CUST103531,Nabila Tan,2026-07-27,Malaysia,Premium,25-34,2026-07-24,18,1839.35,102.19,6,5,2,0.0,1,1,1
CUST103532,Wei Ming Kaur,2024-11-25,Malaysia,Budget,35-44,2026-06-11,9,1962.12,218.01,5,48,611,0.0,3,1,1
CUST103533,Wei Ming Bin Abdullah,2025-02-13,Malaysia,Premium,55+,2026-06-28,13,1194.36,91.87,6,31,531,0.0,2,1,2
CUST103534,Zhi Hao Yusof,2026-05-01,Singapore,Budget,35-44,2026-05-02,2,543.0,271.5,2,88,89,0.0,4,4,3
CUST103535,Kumar Chua,2025-10-27,Thailand,Budget,25-34,2026-07-23,7,700.2,100.03,4,6,275,0.0,1,2,3
CUST103536,Zhi Hao Binte Ismail,2026-01-19,Singapore,Budget,35-44,2026-05-01,6,379.95,63.32,5,89,191,0.0,4,3,4
CUST103537,Ravi Chong,2024-08-15,Malaysia,Mainstream,25-34,2026-04-05,7,1193.55,170.51,5,115,713,1.0,4,2,2
CUST103538,Haziq Bin Abdullah,2024-09-10,Thailand,Mainstream,25-34,2026-06-18,7,710.24,101.46,5,41,687,0.0,3,2,3
CUST103539,Siti Rahman,2025-03-12,Indonesia,Budget,35-44,2026-03-02,3,163.08,54.36,3,149,504,1.0,4,4,4
CUST103540,Priya Muthu,2025-09-11,Singapore,Mainstream,25-34,2026-04-01,3,322.98,107.66,2,119,321,1.0,4,4,4
CUST103541,Ravi Chong,2026-06-21,Malaysia,Mainstream,35-44,2026-05-08,9,666.22,74.02,5,82,38,0.0,4,1,3
CUST103542,Ahmad Muthu,2026-01-30,Singapore,Mainstream,25-34,2026-06-04,8,1652.93,206.62,5,55,180,0.0,3,2,1
CUST103543,Farhan Binte Ismail,2026-05-23,Malaysia,Mainstream,25-34,2026-07-21,5,356.99,71.4,4,8,67,0.0,1,3,4
CUST103544,Arif Rahman,2024-12-30,Malaysia,Mainstream,35-44,2026-06-14,8,1295.91,161.99,4,45,576,0.0,3,2,2
CUST103545,Aina Kaur,2026-05-26,Indonesia,Mainstream,35-44,2026-05-29,10,2213.59,221.36,7,61,64,0.0,3,1,1
CUST103546,Farhan Kaur,2025-03-22,Indonesia,Budget,18-24,2026-07-18,7,549.99,78.57,5,11,494,0.0,1,2,3
CUST103547,Nabila Goh,2024-09-02,Singapore,Mainstream,25-34,2026-06-20,8,453.85,56.73,6,39,695,0.0,3,2,4
CUST103548,Nur Aisyah Lim,2025-12-17,Singapore,Budget,45-54,2026-01-02,9,2580.57,286.73,5,208,224,1.0,4,1,1
CUST103549,Siti Osman,2025-03-17,Malaysia,Mainstream,45-54,2026-02-26,5,1459.67,291.93,3,153,499,1.0,4,3,1
CUST103550,Mei Ling Osman,2024-10-26,Malaysia,Mainstream,18-24,2026-07-02,5,622.69,124.54,4,27,641,0.0,2,3,3
CUST103551,Zhi Hao Chong,2025-09-20,Malaysia,Budget,18-24,2025-08-20,1,43.51,43.51,1,343,312,1.0,4,4,4
CUST103552,Kumar Wong,2025-09-05,Malaysia,Budget,55+,2026-07-10,8,1653.15,206.64,4,19,327,0.0,2,2,1
CUST103553,Arif Kaur,2026-03-05,Malaysia,Mainstream,18-24,2026-07-29,10,1700.65,170.06,6,0,146,0.0,1,1,1
CUST103554,Kumar Rahman,2025-09-20,Thailand,Mainstream,55+,2026-04-04,7,1561.28,223.04,4,116,312,1.0,4,2,1
CUST103555,Wei Ming Chua,2024-10-30,Malaysia,Mainstream,45-54,2026-03-02,5,522.25,104.45,5,149,637,1.0,4,3,3
CUST103556,Chen Wei Kaur,2025-04-01,Singapore,Mainstream,18-24,2026-07-27,8,987.56,123.44,6,2,484,0.0,1,2,2
CUST103557,Ahmad Muthu,2026-03-04,Singapore,Budget,18-24,2026-01-26,3,128.62,42.87,2,184,147,1.0,4,4,4
CUST103558,Ahmad Nair,2025-07-10,Malaysia,Budget,55+,2026-05-09,3,1092.87,364.29,2,81,384,0.0,3,4,2
CUST103559,Farhan Kaur,2025-03-01,Singapore,Mainstream,25-34,2026-07-25,5,448.4,89.68,5,4,515,0.0,1,3,4
CUST103560,Ahmad Yusof,2026-06-03,Singapore,Budget,35-44,2026-05-16,6,626.43,104.41,6,74,56,0.0,3,3,3
CUST103561,Zhi Hao Kaur,2025-01-18,Singapore,Mainstream,25-34,2026-07-12,16,1221.67,76.35,5,17,557,0.0,2,1,2
CUST103562,Hui Ling Muthu,2026-03-05,Indonesia,Budget,35-44,2026-05-07,3,243.29,81.1,2,83,146,0.0,4,4,4
CUST103563,Suresh Bin Abdullah,2025-12-26,Thailand,Budget,45-54,2026-04-15,7,427.68,61.1,4,105,215,1.0,4,2,4
CUST103564,Kumar Goh,2025-09-29,Malaysia,Mainstream,35-44,2026-07-20,7,470.75,67.25,4,9,303,0.0,1,2,3
CUST103565,Priya Osman,2025-07-26,Singapore,Mainstream,18-24,2026-07-28,11,3264.59,296.78,4,1,368,0.0,1,1,1
CUST103566,Xin Yi Osman,2024-09-29,Malaysia,Mainstream,35-44,2026-07-10,10,1891.09,189.11,6,19,668,0.0,2,1,1
CUST103567,Wei Ming Kaur,2026-02-17,Malaysia,Budget,35-44,2026-05-10,5,1945.58,389.12,3,80,162,0.0,3,3,1
CUST103568,Divya Osman,2026-01-24,Thailand,Mainstream,25-34,2026-07-22,6,760.97,126.83,4,7,186,0.0,1,3,3
CUST103569,Siti Rahman,2025-10-26,Malaysia,Mainstream,45-54,2026-04-16,6,448.65,74.77,5,104,276,1.0,4,3,4
CUST103570,Nur Aisyah Chua,2024-11-11,Indonesia,Mainstream,35-44,2026-06-07,7,549.78,78.54,4,52,625,0.0,3,2,3
CUST103571,Nabila Bin Abdullah,2024-08-24,Thailand,Mainstream,18-24,2026-05-22,4,166.02,41.5,4,68,704,0.0,3,4,4
CUST103572,Siti Rahman,2025-09-01,Malaysia,Budget,55+,2026-05-05,4,185.65,46.41,3,85,331,0.0,4,4,4
CUST103573,Suresh Lee,2025-03-11,Singapore,Mainstream,25-34,2026-05-24,4,122.37,30.59,3,66,505,0.0,3,4,4
CUST103574,Kumar Rahman,2024-09-28,Malaysia,Mainstream,25-34,2026-06-09,4,520.74,130.18,4,50,669,0.0,3,4,3
CUST103575,Divya Wong,2024-11-18,Malaysia,Mainstream,18-24,2026-06-15,9,1515.23,168.36,5,44,618,0.0,3,1,1
CUST103576,Arif Osman,2025-03-19,Malaysia,Mainstream,25-34,2025-08-18,1,46.17,46.17,1,345,497,1.0,4,4,4
CUST103577,Farhan Binte Ismail,2025-06-30,Thailand,Budget,25-34,2026-06-03,2,131.86,65.93,2,56,394,0.0,3,4,4
CUST103578,Ravi Chua,2024-08-10,Singapore,Premium,25-34,2026-06-29,12,1016.47,84.71,6,30,718,0.0,2,1,2
CUST103579,Nur Aisyah Lim,2026-02-05,Malaysia,Budget,45-54,2026-06-30,5,666.06,133.21,4,29,174,0.0,2,3,3
CUST103580,Wei Ming Chua,2025-11-07,Singapore,Budget,35-44,2025-11-30,2,306.1,153.05,2,241,264,1.0,4,4,4
CUST103581,Zhi Hao Chua,2025-02-24,Singapore,Mainstream,18-24,2026-06-24,7,707.71,101.1,4,35,520,0.0,2,2,3
CUST103582,Zhi Hao Lee,2026-07-14,Malaysia,Budget,35-44,2025-09-23,2,54.64,27.32,2,309,15,1.0,4,4,4
CUST103583,Divya Yusof,2025-07-29,Indonesia,Premium,35-44,2026-07-15,18,2598.76,144.38,6,14,365,0.0,1,1,1
CUST103584,Jia Xin Muthu,2024-11-13,Malaysia,Budget,35-44,2026-06-14,4,470.75,117.69,3,45,623,0.0,3,4,3
CUST103585,Suresh Osman,2026-03-22,Singapore,Budget,55+,2026-05-10,3,771.59,257.2,3,80,129,0.0,3,4,3
CUST103586,Nabila Wong,2024-12-20,Singapore,Budget,25-34,2026-03-27,8,1390.96,173.87,6,124,586,1.0,4,2,2
CUST103587,Arif Kaur,2025-10-01,Malaysia,Budget,18-24,2026-02-13,3,679.9,226.63,3,166,301,1.0,4,4,3
CUST103588,Ravi Chua,2024-11-08,Malaysia,Budget,18-24,2026-06-15,3,398.74,132.91,2,44,628,0.0,3,4,4
CUST103589,Jia Xin Rahman,2025-04-22,Indonesia,Budget,25-34,2026-06-04,8,1030.89,128.86,5,55,463,0.0,3,2,2
CUST103590,Farhan Osman,2026-04-06,Malaysia,Budget,35-44,2026-05-25,6,1586.15,264.36,3,65,114,0.0,3,3,1
CUST103591,Hui Ling Rahman,2025-02-08,Thailand,Budget,18-24,2025-12-15,5,451.19,90.24,3,226,536,1.0,4,3,4
CUST103592,Siti Osman,2026-06-19,Indonesia,Budget,35-44,2026-06-16,6,577.31,96.22,4,43,40,0.0,3,3,3
CUST103593,Mei Ling Lim,2026-02-02,Malaysia,Budget,45-54,2026-03-18,5,703.14,140.63,3,133,177,1.0,4,3,3
CUST103594,Kumar Tan,2024-10-19,Malaysia,Budget,45-54,2026-07-14,5,799.03,159.81,4,15,648,0.0,1,3,3
CUST103595,Mei Ling Goh,2024-10-28,Indonesia,Budget,35-44,2026-04-11,5,389.08,77.82,3,109,639,1.0,4,3,4
CUST103596,Divya Muthu,2026-06-26,Thailand,Budget,35-44,2026-05-26,5,1413.24,282.65,3,64,33,0.0,3,3,1
CUST103597,Ravi Muthu,2025-10-25,Malaysia,Budget,35-44,2026-05-11,2,80.98,40.49,2,79,277,0.0,3,4,4
CUST103598,Priya Goh,2026-05-22,Malaysia,Budget,35-44,2026-07-15,5,314.43,62.89,4,14,68,0.0,1,3,4
CUST103599,Siti Lee,2026-01-13,Malaysia,Budget,25-34,2026-06-13,7,1335.7,190.81,6,46,197,0.0,3,2,2
CUST103600,Aina Rahman,2024-08-22,Indonesia,Premium,25-34,2026-06-08,13,1607.37,123.64,5,51,706,0.0,3,1,1
CUST103601,Kumar Lim,2026-03-09,Thailand,Budget,18-24,2026-06-01,3,210.04,70.01,3,58,142,0.0,3,4,4
CUST103602,Wei Ming Kaur,2025-04-17,Thailand,Budget,35-44,2026-07-06,4,678.67,169.67,4,23,468,0.0,2,4,3
CUST103603,Nabila Binte Ismail,2024-12-19,Singapore,Mainstream,35-44,2026-07-18,10,1544.22,154.42,6,11,587,0.0,1,1,1
CUST103604,Farhan Goh,2024-10-24,Singapore,Mainstream,18-24,2026-06-07,11,1426.13,129.65,6,52,643,0.0,3,1,1
CUST103605,Xin Yi Tan,2025-11-13,Indonesia,Budget,25-34,2026-05-23,6,576.9,96.15,4,67,258,0.0,3,3,3
CUST103606,Ahmad Bin Abdullah,2025-03-08,Malaysia,Mainstream,45-54,2026-07-27,7,994.07,142.01,4,2,508,0.0,1,2,2
CUST103607,Siti Binte Ismail,2025-08-11,Thailand,Mainstream,25-34,2026-07-12,10,1361.72,136.17,6,17,352,0.0,2,1,2
CUST103608,Zhi Hao Bin Abdullah,2026-05-12,Singapore,Premium,25-34,2026-07-24,18,2479.98,137.78,7,5,78,0.0,1,1,1
CUST103609,Kumar Binte Ismail,2026-02-17,Indonesia,Premium,25-34,2026-07-27,11,1367.42,124.31,5,2,162,0.0,1,1,2
CUST103610,Jia Xin Nair,2025-01-29,Indonesia,Mainstream,25-34,2026-04-16,7,937.19,133.88,4,104,546,1.0,4,2,2
CUST103611,Jia Xin Rahman,2025-03-16,Singapore,Mainstream,45-54,2026-07-07,10,1887.3,188.73,6,22,500,0.0,2,1,1
CUST103612,Ahmad Nair,2025-07-14,Singapore,Budget,18-24,2025-12-26,3,329.5,109.83,2,215,380,1.0,4,4,4
CUST103613,Wei Ming Muthu,2025-01-05,Indonesia,Premium,25-34,2026-05-17,7,658.26,94.04,5,73,570,0.0,3,2,3
CUST103614,Chen Wei Nair,2025-03-12,Singapore,Mainstream,55+,2026-06-23,10,1386.23,138.62,6,36,504,0.0,2,1,2
CUST103615,Divya Yusof,2025-11-24,Indonesia,Budget,35-44,2026-05-17,4,544.8,136.2,2,73,247,0.0,3,4,3
CUST103616,Farhan Wong,2025-12-27,Malaysia,Budget,35-44,2026-04-20,1,739.15,739.15,1,100,214,1.0,4,4,3
CUST103617,Jia Xin Bin Abdullah,2024-09-08,Malaysia,Mainstream,35-44,2026-06-02,9,968.83,107.65,7,57,689,0.0,3,1,2
CUST103618,Haziq Rahman,2024-08-19,Singapore,Mainstream,25-34,2026-07-23,10,1033.37,103.34,6,6,709,0.0,1,1,2
CUST103619,Kumar Goh,2026-07-07,Thailand,Mainstream,25-34,2026-03-21,8,1785.17,223.15,5,130,22,1.0,4,2,1
CUST103620,Ahmad Nair,2024-12-29,Indonesia,Budget,25-34,2026-07-28,6,512.05,85.34,4,1,577,0.0,1,3,3
CUST103621,Siti Rahman,2026-04-23,Indonesia,Mainstream,25-34,2026-04-16,9,1218.3,135.37,6,104,97,1.0,4,1,2
CUST103622,Ravi Lee,2024-11-08,Indonesia,Budget,25-34,2026-05-06,4,483.06,120.76,2,84,628,0.0,4,4,3
CUST103623,Arif Osman,2025-05-26,Malaysia,Mainstream,35-44,2026-06-03,6,1117.04,186.17,5,56,429,0.0,3,3,2
CUST103624,Farhan Yusof,2025-03-14,Thailand,Budget,18-24,2026-07-01,5,271.15,54.23,3,28,502,0.0,2,3,4
CUST103625,Priya Chong,2025-03-04,Malaysia,Budget,18-24,2025-09-27,5,514.83,102.97,5,305,512,1.0,4,3,3
CUST103626,Xin Yi Muthu,2025-05-14,Malaysia,Budget,35-44,2026-06-13,4,172.53,43.13,4,46,441,0.0,3,4,4
CUST103627,Siti Yusof,2026-01-28,Singapore,Budget,25-34,2026-06-05,3,103.89,34.63,2,54,182,0.0,3,4,4
CUST103628,Chen Wei Nair,2024-12-17,Singapore,Budget,35-44,2025-12-10,1,37.86,37.86,1,231,589,1.0,4,4,4
CUST103629,Arif Bin Abdullah,2025-06-20,Indonesia,Mainstream,18-24,2026-04-29,8,1858.14,232.27,3,91,404,1.0,4,2,1
CUST103630,Siti Lim,2025-06-27,Singapore,Budget,35-44,2026-01-24,3,354.43,118.14,3,186,397,1.0,4,4,4
CUST103631,Xin Yi Goh,2025-12-09,Indonesia,Mainstream,45-54,2026-07-16,5,579.04,115.81,5,13,232,0.0,1,3,3
CUST103632,Ahmad Chong,2026-07-22,Thailand,Mainstream,35-44,2026-05-05,7,1226.69,175.24,4,85,7,0.0,4,2,2
CUST103633,Xin Yi Lee,2025-06-20,Malaysia,Budget,45-54,2026-03-29,3,341.75,113.92,3,122,404,1.0,4,4,4
CUST103634,Mei Ling Chong,2025-11-20,Singapore,Premium,25-34,2026-07-08,12,1801.53,150.13,5,21,251,0.0,2,1,1
CUST103635,Priya Tan,2025-04-04,Indonesia,Mainstream,18-24,2026-06-01,11,2352.0,213.82,6,58,481,0.0,3,1,1
CUST103636,Divya Osman,2025-11-05,Singapore,Mainstream,25-34,2026-07-01,13,3794.26,291.87,4,28,266,0.0,2,1,1
CUST103637,Hui Ling Binte Ismail,2024-08-18,Indonesia,Mainstream,25-34,2026-05-21,11,1993.28,181.21,7,69,710,0.0,3,1,1
CUST103638,Kumar Osman,2025-03-19,Malaysia,Mainstream,45-54,2026-07-12,6,792.14,132.02,3,17,497,0.0,2,3,3
CUST103639,Ahmad Chong,2025-08-31,Malaysia,Premium,25-34,2026-06-21,10,1293.01,129.3,4,38,332,0.0,2,1,2
CUST103640,Zhi Hao Rahman,2025-02-28,Malaysia,Budget,25-34,2026-03-17,3,213.23,71.08,2,134,516,1.0,4,4,4
CUST103641,Ravi Tan,2025-04-12,Malaysia,Budget,45-54,2026-02-10,1,224.51,224.51,1,169,473,1.0,4,4,4
CUST103642,Arif Osman,2025-05-03,Singapore,Mainstream,25-34,2026-06-01,7,803.27,114.75,4,58,452,0.0,3,2,3
CUST103643,Aina Bin Abdullah,2025-06-03,Singapore,Budget,35-44,2026-02-03,4,1155.34,288.83,3,176,421,1.0,4,4,2
CUST103644,Farhan Tan,2024-09-17,Malaysia,Mainstream,25-34,2026-06-17,8,942.69,117.84,5,42,680,0.0,3,2,2
CUST103645,Aina Chua,2025-12-10,Thailand,Budget,55+,2026-03-27,2,274.98,137.49,1,124,231,1.0,4,4,4
CUST103646,Kumar Wong,2025-09-17,Singapore,Budget,25-34,2026-07-28,8,1019.69,127.46,5,1,315,0.0,1,2,2
CUST103647,Siti Wong,2026-01-26,Singapore,Premium,35-44,2026-06-20,15,2418.96,161.26,6,39,184,0.0,3,1,1
CUST103648,Kumar Binte Ismail,2025-06-09,Singapore,Budget,35-44,2026-04-13,3,243.86,81.29,2,107,415,1.0,4,4,4
CUST103649,Farhan Osman,2024-08-07,Malaysia,Budget,55+,2026-05-06,2,89.75,44.88,2,84,721,0.0,4,4,4
CUST103650,Xin Yi Rahman,2025-05-11,Singapore,Mainstream,55+,2026-07-25,6,659.34,109.89,5,4,444,0.0,1,3,3
CUST103651,Chen Wei Binte Ismail,2026-02-28,Indonesia,Mainstream,45-54,2026-07-06,2,567.33,283.67,2,23,151,0.0,2,4,3
CUST103652,Chen Wei Rahman,2024-09-25,Singapore,Mainstream,18-24,2026-04-18,7,1127.05,161.01,5,102,672,1.0,4,2,2
CUST103653,Ahmad Binte Ismail,2024-12-30,Indonesia,Budget,25-34,2026-07-06,7,760.0,108.57,4,23,576,0.0,2,2,3
CUST103654,Xin Yi Rahman,2025-09-11,Singapore,Premium,45-54,2026-06-06,11,1239.12,112.65,6,53,321,0.0,3,1,2
CUST103655,Suresh Lim,2026-04-13,Malaysia,Mainstream,35-44,2026-06-19,5,1883.31,376.66,4,40,107,0.0,3,3,1
CUST103656,Ahmad Bin Abdullah,2025-10-09,Singapore,Mainstream,45-54,2026-07-13,11,1411.94,128.36,6,16,293,0.0,1,1,1
CUST103657,Suresh Lee,2024-12-19,Indonesia,Budget,45-54,2026-06-10,4,417.68,104.42,3,49,587,0.0,3,4,4
CUST103658,Aina Muthu,2025-06-03,Thailand,Budget,25-34,2026-04-08,6,253.52,42.25,4,112,421,1.0,4,3,4
CUST103659,Ahmad Tan,2026-03-16,Singapore,Mainstream,25-34,2026-06-24,11,1738.42,158.04,6,35,135,0.0,2,1,1
CUST103660,Siti Binte Ismail,2026-04-05,Thailand,Mainstream,25-34,2026-07-25,9,1667.22,185.25,5,4,115,0.0,1,1,1
CUST103661,Chen Wei Muthu,2024-08-22,Singapore,Budget,35-44,2026-07-23,7,1554.9,222.13,5,6,706,0.0,1,2,1
CUST103662,Mei Ling Muthu,2025-09-06,Malaysia,Mainstream,35-44,2026-06-24,8,2049.06,256.13,5,35,326,0.0,2,2,1
CUST103663,Siti Yusof,2025-03-16,Indonesia,Mainstream,18-24,2026-07-09,12,1023.16,85.26,6,20,500,0.0,2,1,2
CUST103664,Jia Xin Binte Ismail,2025-11-08,Singapore,Budget,35-44,2026-05-31,2,116.62,58.31,2,59,263,0.0,3,4,4
CUST103665,Kumar Lee,2026-05-25,Malaysia,Mainstream,18-24,2026-07-17,12,1731.5,144.29,7,12,65,0.0,1,1,1
CUST103666,Priya Binte Ismail,2025-10-02,Singapore,Budget,25-34,2026-03-19,3,443.44,147.81,3,132,300,1.0,4,4,4
CUST103667,Priya Lim,2025-03-10,Indonesia,Premium,25-34,2026-06-27,18,2656.52,147.58,7,32,506,0.0,2,1,1
CUST103668,Nabila Wong,2025-11-28,Malaysia,Mainstream,35-44,2026-07-15,8,1702.8,212.85,5,14,243,0.0,1,2,1
CUST103669,Arif Chong,2025-05-15,Thailand,Mainstream,18-24,2026-06-25,8,260.81,32.6,5,34,440,0.0,2,2,4
CUST103670,Suresh Wong,2025-09-13,Singapore,Premium,35-44,2026-07-01,16,2340.65,146.29,7,28,319,0.0,2,1,1
CUST103671,Haziq Nair,2025-11-25,Thailand,Mainstream,45-54,2026-06-21,10,979.96,98.0,4,38,246,0.0,2,1,2
CUST103672,Ravi Rahman,2026-01-24,Singapore,Budget,35-44,2026-01-25,6,566.6,94.43,4,185,186,1.0,4,3,3
CUST103673,Wei Ming Wong,2026-01-20,Malaysia,Mainstream,55+,2026-05-10,9,1030.88,114.54,5,80,190,0.0,3,1,2
CUST103674,Chen Wei Chua,2026-01-24,Singapore,Premium,25-34,2026-06-13,11,2257.06,205.19,5,46,186,0.0,3,1,1
CUST103675,Xin Yi Muthu,2025-02-20,Singapore,Budget,25-34,2026-05-12,7,1214.37,173.48,6,78,524,0.0,3,2,2
CUST103676,Jia Xin Rahman,2025-11-25,Singapore,Mainstream,18-24,2026-07-19,4,608.9,152.22,3,10,246,0.0,1,4,3
CUST103677,Chen Wei Chong,2025-02-03,Indonesia,Budget,35-44,2025-10-30,4,607.59,151.9,4,272,541,1.0,4,4,3
CUST103678,Kumar Rahman,2025-12-14,Singapore,Mainstream,25-34,2026-07-27,13,1239.14,95.32,5,2,227,0.0,1,1,2
CUST103679,Suresh Tan,2025-12-03,Malaysia,Mainstream,55+,2026-05-02,6,610.16,101.69,4,88,238,0.0,4,3,3
CUST103680,Hui Ling Chua,2024-09-23,Thailand,Premium,35-44,2026-07-02,6,917.8,152.97,4,27,674,0.0,2,3,2
CUST103681,Wei Ming Bin Abdullah,2024-10-28,Singapore,Mainstream,45-54,2026-06-05,10,1300.56,130.06,5,54,639,0.0,3,1,2
CUST103682,Nabila Lee,2025-10-10,Singapore,Budget,25-34,2026-05-12,3,198.05,66.02,3,78,292,0.0,3,4,4
CUST103683,Ravi Kaur,2026-01-14,Singapore,Mainstream,35-44,2026-05-26,9,1273.6,141.51,6,64,196,0.0,3,1,2
CUST103684,Hui Ling Bin Abdullah,2025-02-22,Singapore,Premium,25-34,2026-05-28,12,1589.91,132.49,6,62,522,0.0,3,1,1
CUST103685,Xin Yi Lim,2026-06-08,Malaysia,Budget,35-44,2026-03-27,1,747.42,747.42,1,124,51,1.0,4,4,3
CUST103686,Divya Wong,2025-08-30,Indonesia,Budget,45-54,2026-07-16,6,1151.79,191.96,4,13,333,0.0,1,3,2
CUST103687,Jia Xin Goh,2025-05-18,Singapore,Mainstream,25-34,2026-07-25,7,484.78,69.25,4,4,437,0.0,1,2,3
CUST103688,Zhi Hao Nair,2025-03-23,Singapore,Mainstream,45-54,2026-06-22,10,1244.32,124.43,5,37,493,0.0,2,1,2
CUST103689,Jia Xin Wong,2026-05-12,Malaysia,Budget,35-44,2026-03-07,3,343.77,114.59,2,144,78,1.0,4,4,4
CUST103690,Aina Tan,2026-07-27,Singapore,Budget,35-44,2026-07-08,3,262.27,87.42,3,21,2,0.0,2,4,4
CUST103691,Siti Nair,2026-01-09,Malaysia,Budget,25-34,2026-05-20,2,110.44,55.22,2,70,201,0.0,3,4,4
CUST103692,Zhi Hao Lim,2026-05-03,Thailand,Mainstream,18-24,2026-07-07,8,669.85,83.73,6,22,87,0.0,2,2,3
CUST103693,Xin Yi Chong,2025-07-24,Singapore,Mainstream,18-24,2026-07-20,3,870.97,290.32,3,9,370,0.0,1,4,2
CUST103694,Siti Chua,2024-09-26,Malaysia,Mainstream,35-44,2025-12-17,3,341.12,113.71,3,224,671,1.0,4,4,4
CUST103695,Nabila Lee,2026-01-01,Indonesia,Mainstream,25-34,2026-07-27,8,982.06,122.76,4,2,209,0.0,1,2,2
CUST103696,Kumar Rahman,2025-09-01,Indonesia,Budget,55+,2026-07-20,3,331.19,110.4,3,9,331,0.0,1,4,4
CUST103697,Divya Tan,2026-02-23,Indonesia,Mainstream,55+,2026-05-31,8,1574.36,196.8,5,59,156,0.0,3,2,1
CUST103698,Mei Ling Tan,2026-06-27,Indonesia,Budget,18-24,2026-07-16,9,954.41,106.05,5,13,32,0.0,1,1,2
CUST103699,Wei Ming Lee,2025-03-03,Malaysia,Budget,35-44,2026-07-26,8,872.49,109.06,4,3,513,0.0,1,2,2
CUST103700,Ravi Muthu,2026-01-23,Malaysia,Mainstream,25-34,2026-04-28,11,933.7,84.88,5,92,187,1.0,4,1,2
CUST103701,Hui Ling Binte Ismail,2025-06-25,Indonesia,Mainstream,25-34,2026-07-16,8,879.36,109.92,5,13,399,0.0,1,2,2
CUST103702,Farhan Chong,2025-03-18,Indonesia,Premium,25-34,2026-07-01,14,1271.64,90.83,5,28,498,0.0,2,1,2
CUST103703,Nabila Yusof,2024-11-23,Indonesia,Budget,45-54,2026-03-06,4,1166.5,291.62,3,145,613,1.0,4,4,2
CUST103704,Ahmad Tan,2026-03-16,Malaysia,Budget,45-54,2026-05-30,8,1548.46,193.56,7,60,135,0.0,3,2,1
CUST103705,Hui Ling Bin Abdullah,2025-05-31,Indonesia,Budget,18-24,,0,0.0,0.0,0,9999,424,,4,4,4
CUST103706,Aina Rahman,2024-10-03,Singapore,Mainstream,25-34,2026-05-27,10,1181.92,118.19,5,63,664,0.0,3,1,2
CUST103707,Siti Yusof,2025-08-11,Singapore,Budget,25-34,2026-07-04,5,1012.66,202.53,4,25,352,0.0,2,3,2
CUST103708,Haziq Lee,2026-06-30,Singapore,Premium,35-44,2026-06-16,10,1503.9,150.39,5,43,29,0.0,3,1,1
CUST103709,Suresh Chua,2026-01-20,Singapore,Mainstream,18-24,2026-05-29,8,1473.17,184.15,5,61,190,0.0,3,2,1
CUST103710,Ravi Muthu,2024-12-26,Indonesia,Mainstream,45-54,2026-05-24,7,610.79,87.26,5,66,580,0.0,3,2,3
CUST103711,Nur Aisyah Chua,2024-12-28,Singapore,Mainstream,55+,2026-05-24,7,1185.06,169.29,6,66,578,0.0,3,2,2
CUST103712,Nabila Goh,2025-12-12,Indonesia,Budget,25-34,2026-03-13,4,823.84,205.96,3,138,229,1.0,4,4,3
CUST103713,Divya Chua,2026-03-08,Malaysia,Mainstream,45-54,2026-06-22,7,794.13,113.45,7,37,143,0.0,2,2,3
CUST103714,Suresh Osman,2025-12-29,Singapore,Mainstream,35-44,2026-05-02,10,1806.15,180.62,5,88,212,0.0,4,1,1
CUST103715,Suresh Osman,2026-02-03,Singapore,Premium,35-44,2026-06-27,13,2037.89,156.76,7,32,176,0.0,2,1,1
CUST103716,Jia Xin Yusof,2025-02-04,Malaysia,Mainstream,45-54,2026-06-23,11,1473.46,133.95,6,36,540,0.0,2,1,1
CUST103717,Farhan Osman,2024-11-22,Indonesia,Budget,35-44,2026-01-04,5,512.78,102.56,4,206,614,1.0,4,3,3
CUST103718,Haziq Goh,2026-06-25,Malaysia,Budget,35-44,2026-06-26,7,1197.42,171.06,5,33,34,0.0,2,2,2
CUST103719,Divya Kaur,2025-02-03,Singapore,Budget,25-34,2026-07-29,9,1454.04,161.56,4,0,541,0.0,1,1,1
CUST103720,Nur Aisyah Nair,2025-01-26,Singapore,Premium,35-44,2026-07-27,17,2982.46,175.44,6,2,549,0.0,1,1,1
CUST103721,Divya Kaur,2025-05-08,Singapore,Mainstream,25-34,2026-06-17,9,929.77,103.31,6,42,447,0.0,3,1,2
CUST103722,Aina Osman,2024-10-31,Singapore,Mainstream,25-34,2026-07-07,11,2025.64,184.15,5,22,636,0.0,2,1,1
CUST103723,Arif Lee,2026-07-01,Thailand,Mainstream,35-44,2026-07-18,7,1455.83,207.98,5,11,28,0.0,1,2,1
CUST103724,Ravi Osman,2025-03-06,Singapore,Budget,25-34,2026-03-31,1,166.0,166.0,1,120,510,1.0,4,4,4
CUST103725,Xin Yi Chua,2026-04-28,Singapore,Mainstream,25-34,2026-06-18,9,1845.95,205.11,5,41,92,0.0,3,1,1
CUST103726,Suresh Goh,2024-10-13,Thailand,Mainstream,25-34,2026-07-29,7,1455.56,207.94,5,0,654,0.0,1,2,1
CUST103727,Zhi Hao Binte Ismail,2025-07-30,Indonesia,Budget,45-54,2026-04-16,1,420.22,420.22,1,104,364,1.0,4,4,4
CUST103728,Divya Yusof,2026-05-24,Malaysia,Mainstream,35-44,2026-07-10,9,601.21,66.8,4,19,66,0.0,2,1,3
CUST103729,Arif Chua,2025-01-31,Malaysia,Mainstream,25-34,2026-06-03,8,837.92,104.74,6,56,544,0.0,3,2,3
CUST103730,Ahmad Goh,2025-01-29,Thailand,Premium,45-54,2026-04-21,11,2036.99,185.18,5,99,546,1.0,4,1,1
CUST103731,Siti Muthu,2025-08-25,Singapore,Budget,45-54,2026-02-06,4,794.04,198.51,3,173,338,1.0,4,4,3
CUST103732,Farhan Chong,2025-12-15,Singapore,Premium,18-24,2026-06-19,11,1440.93,130.99,4,40,226,0.0,3,1,1
CUST103733,Aina Chong,2026-07-17,Thailand,Premium,35-44,2026-07-06,9,2446.13,271.79,5,23,12,0.0,2,1,1
CUST103734,Chen Wei Bin Abdullah,2024-10-05,Indonesia,Premium,25-34,2026-07-17,18,2566.81,142.6,6,12,662,0.0,1,1,1
CUST103735,Ravi Goh,2026-03-17,Thailand,Budget,35-44,2026-07-16,4,462.35,115.59,3,13,134,0.0,1,4,3
CUST103736,Siti Binte Ismail,2024-11-21,Singapore,Budget,35-44,2026-05-16,2,1047.15,523.57,2,74,615,0.0,3,4,2
CUST103737,Mei Ling Yusof,2025-05-26,Thailand,Mainstream,18-24,2026-07-26,5,401.9,80.38,4,3,429,0.0,1,3,4
CUST103738,Nabila Chua,2025-03-16,Singapore,Budget,35-44,2026-07-11,8,1666.39,208.3,5,18,500,0.0,2,2,1
CUST103739,Xin Yi Lee,2025-03-10,Indonesia,Budget,25-34,2026-05-18,2,128.73,64.36,2,72,506,0.0,3,4,4
CUST103740,Zhi Hao Binte Ismail,2024-11-10,Thailand,Mainstream,35-44,2026-06-18,7,1339.44,191.35,5,41,626,0.0,3,2,2
CUST103741,Mei Ling Bin Abdullah,2026-07-05,Singapore,Budget,18-24,2026-03-10,6,1353.89,225.65,4,141,24,1.0,4,3,2
CUST103742,Wei Ming Osman,2024-08-05,Singapore,Budget,45-54,2026-07-25,5,381.37,76.27,3,4,723,0.0,1,3,4
CUST103743,Haziq Kaur,2026-06-28,Malaysia,Premium,35-44,2026-07-07,10,1467.44,146.74,6,22,31,0.0,2,1,1
CUST103744,Wei Ming Lim,2024-07-30,Indonesia,Budget,25-34,2026-04-29,8,1329.66,166.21,5,91,729,1.0,4,2,2
CUST103745,Arif Yusof,2026-01-20,Singapore,Premium,45-54,2026-07-13,13,2040.17,156.94,4,16,190,0.0,1,1,1
CUST103746,Siti Binte Ismail,2024-11-19,Thailand,Budget,18-24,2026-06-26,5,504.52,100.9,4,33,617,0.0,2,3,3
CUST103747,Suresh Muthu,2026-05-30,Singapore,Budget,35-44,2026-06-03,8,750.44,93.8,6,56,60,0.0,3,2,3
CUST103748,Xin Yi Rahman,2025-08-27,Malaysia,Budget,35-44,2026-06-18,3,122.58,40.86,3,41,336,0.0,3,4,4
CUST103749,Divya Binte Ismail,2025-06-29,Singapore,Budget,18-24,2026-07-28,6,181.56,30.26,4,1,395,0.0,1,3,4
CUST103750,Suresh Lim,2024-09-01,Thailand,Budget,25-34,2026-02-02,1,105.85,105.85,1,177,696,1.0,4,4,4
CUST103751,Ravi Kaur,2026-04-30,Singapore,Mainstream,18-24,2026-03-19,3,987.1,329.03,3,132,90,1.0,4,4,2
CUST103752,Xin Yi Lee,2026-07-03,Malaysia,Premium,35-44,2026-07-12,13,2756.25,212.02,5,17,26,0.0,2,1,1
CUST103753,Nur Aisyah Chua,2025-04-12,Singapore,Budget,35-44,2026-04-01,7,468.58,66.94,5,119,473,1.0,4,2,3
CUST103754,Zhi Hao Lee,2026-06-24,Thailand,Budget,18-24,2026-03-21,6,847.96,141.33,4,130,35,1.0,4,3,3
CUST103755,Jia Xin Wong,2025-01-08,Indonesia,Mainstream,18-24,2026-06-07,10,1257.26,125.73,6,52,567,0.0,3,1,2
CUST103756,Mei Ling Binte Ismail,2026-07-02,Singapore,Mainstream,45-54,2026-05-09,6,1023.43,170.57,3,81,27,0.0,3,3,2
CUST103757,Kumar Rahman,2024-08-20,Singapore,Budget,25-34,2026-07-27,5,541.46,108.29,4,2,708,0.0,1,3,3
CUST103758,Wei Ming Muthu,2025-07-06,Malaysia,Budget,25-34,2026-06-15,7,993.16,141.88,5,44,388,0.0,3,2,2
CUST103759,Siti Bin Abdullah,2024-09-05,Malaysia,Budget,35-44,2026-06-28,5,1399.47,279.89,5,31,692,0.0,2,3,2
CUST103760,Nur Aisyah Goh,2026-04-28,Indonesia,Mainstream,18-24,2026-05-20,7,992.91,141.84,5,70,92,0.0,3,2,2
CUST103761,Mei Ling Rahman,2026-01-11,Malaysia,Budget,55+,2026-05-12,2,154.62,77.31,2,78,199,0.0,3,4,4
CUST103762,Farhan Lim,2025-08-31,Malaysia,Mainstream,18-24,2026-04-24,6,778.84,129.81,4,96,332,1.0,4,3,3
CUST103763,Priya Binte Ismail,2026-07-08,Indonesia,Budget,45-54,2026-05-31,1,35.65,35.65,1,59,21,0.0,3,4,4
CUST103764,Haziq Tan,2026-05-15,Malaysia,Budget,25-34,2025-11-21,2,1032.36,516.18,2,250,75,1.0,4,4,2
CUST103765,Farhan Chua,2025-12-01,Singapore,Mainstream,25-34,2026-06-15,4,290.14,72.54,2,44,240,0.0,3,4,4
CUST103766,Haziq Kaur,2025-02-06,Singapore,Budget,25-34,2026-06-09,3,202.14,67.38,3,50,538,0.0,3,4,4
CUST103767,Siti Wong,2025-02-27,Singapore,Premium,55+,2026-06-22,12,919.43,76.62,3,37,517,0.0,2,1,2
CUST103768,Siti Nair,2026-05-27,Malaysia,Mainstream,35-44,2026-07-27,12,1971.25,164.27,6,2,63,0.0,1,1,1
CUST103769,Kumar Nair,2026-06-16,Singapore,Premium,18-24,2026-06-20,13,2269.56,174.58,6,39,43,0.0,3,1,1
CUST103770,Aina Goh,2025-04-07,Malaysia,Mainstream,55+,2026-05-09,12,1755.21,146.27,6,81,478,0.0,3,1,1
CUST103771,Jia Xin Goh,2025-11-09,Singapore,Budget,18-24,2026-05-06,1,95.6,95.6,1,84,262,0.0,4,4,4
CUST103772,Farhan Yusof,2024-12-28,Indonesia,Budget,18-24,2026-02-07,6,941.64,156.94,4,172,578,1.0,4,3,2
CUST103773,Aina Osman,2025-12-24,Singapore,Mainstream,18-24,2026-07-23,5,595.69,119.14,5,6,217,0.0,1,3,3
CUST103774,Mei Ling Chua,2025-11-07,Malaysia,Mainstream,45-54,2026-07-22,10,2357.24,235.72,4,7,264,0.0,1,1,1
CUST103775,Jia Xin Kaur,2026-02-19,Singapore,Budget,25-34,2026-01-10,3,358.56,119.52,3,200,160,1.0,4,4,4
CUST103776,Mei Ling Yusof,2026-01-16,Singapore,Budget,25-34,2026-06-07,5,352.0,70.4,4,52,194,0.0,3,3,4
CUST103777,Zhi Hao Lim,2025-03-01,Singapore,Budget,55+,2026-06-20,6,328.31,54.72,5,39,515,0.0,3,3,4
CUST103778,Haziq Chua,2025-08-19,Malaysia,Budget,35-44,2026-07-12,4,711.44,177.86,4,17,344,0.0,2,4,3
CUST103779,Arif Goh,2025-04-04,Indonesia,Budget,25-34,2026-07-13,8,1111.47,138.93,4,16,481,0.0,1,2,2
CUST103780,Aina Lim,2026-06-02,Singapore,Mainstream,35-44,2026-07-19,7,447.04,63.86,6,10,57,0.0,1,2,4
CUST103781,Mei Ling Osman,2025-07-04,Indonesia,Premium,25-34,2026-07-25,16,1804.9,112.81,6,4,390,0.0,1,1,1
CUST103782,Kumar Muthu,2025-08-29,Malaysia,Budget,35-44,2026-01-26,7,734.56,104.94,5,184,334,1.0,4,2,3
CUST103783,Farhan Binte Ismail,2024-10-03,Malaysia,Budget,25-34,2026-07-01,5,472.53,94.51,3,28,664,0.0,2,3,3
CUST103784,Jia Xin Kaur,2025-09-23,Malaysia,Budget,35-44,2026-05-27,5,315.23,63.05,3,63,309,0.0,3,3,4
CUST103785,Aina Muthu,2026-05-15,Singapore,Budget,45-54,2026-07-02,5,368.92,73.78,3,27,75,0.0,2,3,4
CUST103786,Nur Aisyah Goh,2025-03-08,Indonesia,Mainstream,25-34,2026-07-22,8,2101.29,262.66,4,7,508,0.0,1,2,1
CUST103787,Ahmad Lim,2026-04-11,Indonesia,Budget,18-24,2026-06-06,6,743.7,123.95,4,53,109,0.0,3,3,3
CUST103788,Chen Wei Wong,2024-10-04,Indonesia,Premium,25-34,2026-07-28,7,1304.69,186.38,4,1,663,0.0,1,2,2
CUST103789,Zhi Hao Yusof,2025-10-23,Singapore,Premium,45-54,2026-07-28,21,2655.38,126.45,7,1,279,0.0,1,1,1
CUST103790,Wei Ming Binte Ismail,2025-01-03,Indonesia,Mainstream,45-54,2026-07-05,7,764.28,109.18,4,24,572,0.0,2,2,3
CUST103791,Aina Rahman,2025-04-07,Singapore,Premium,45-54,2026-07-11,17,2726.52,160.38,7,18,478,0.0,2,1,1
CUST103792,Wei Ming Tan,2025-08-24,Malaysia,Mainstream,55+,2026-07-28,10,702.52,70.25,4,1,339,0.0,1,1,3
CUST103793,Haziq Bin Abdullah,2025-05-29,Singapore,Premium,45-54,2026-07-25,17,3765.56,221.5,5,4,426,0.0,1,1,1
CUST103794,Arif Chong,2026-03-18,Singapore,Budget,55+,2026-04-06,4,452.8,113.2,2,114,133,1.0,4,4,4
CUST103795,Arif Nair,2026-06-05,Malaysia,Premium,35-44,2026-07-03,15,1581.84,105.46,5,26,54,0.0,2,1,1
CUST103796,Ahmad Nair,2025-01-16,Thailand,Budget,25-34,2026-04-24,5,365.68,73.14,4,96,559,1.0,4,3,4
CUST103797,Mei Ling Chua,2024-08-29,Singapore,Budget,35-44,2026-01-05,4,300.74,75.18,4,205,699,1.0,4,4,4
CUST103798,Zhi Hao Lee,2024-11-07,Malaysia,Premium,25-34,2026-07-21,9,1506.76,167.42,5,8,629,0.0,1,1,1
CUST103799,Wei Ming Rahman,2025-12-19,Malaysia,Budget,18-24,2026-06-04,4,164.49,41.12,3,55,222,0.0,3,4,4
CUST103800,Arif Tan,2025-11-10,Thailand,Budget,25-34,2026-05-26,4,1194.31,298.58,3,64,261,0.0,3,4,2
CUST103801,Kumar Binte Ismail,2025-11-09,Indonesia,Budget,25-34,2026-07-11,3,616.93,205.64,3,18,262,0.0,2,4,3
CUST103802,Hui Ling Rahman,2025-03-04,Singapore,Budget,35-44,2026-06-02,4,145.65,36.41,2,57,512,0.0,3,4,4
CUST103803,Ahmad Bin Abdullah,2025-04-30,Singapore,Budget,25-34,2026-07-09,4,265.75,66.44,4,20,455,0.0,2,4,4
CUST103804,Kumar Tan,2024-12-25,Malaysia,Budget,18-24,2026-07-18,3,215.15,71.72,3,11,581,0.0,1,4,4
CUST103805,Hui Ling Bin Abdullah,2024-09-08,Singapore,Mainstream,55+,2026-06-05,5,1183.74,236.75,4,54,689,0.0,3,3,2
CUST103806,Mei Ling Nair,2025-10-16,Thailand,Mainstream,35-44,2026-02-14,3,201.62,67.21,2,165,286,1.0,4,4,4
CUST103807,Xin Yi Nair,2025-04-02,Thailand,Budget,25-34,2026-01-19,4,573.28,143.32,3,191,483,1.0,4,4,3
CUST103808,Zhi Hao Goh,2025-07-29,Thailand,Mainstream,25-34,2026-07-04,9,601.58,66.84,5,25,365,0.0,2,1,3
CUST103809,Kumar Chua,2024-09-01,Singapore,Mainstream,18-24,2026-07-10,6,449.92,74.99,3,19,696,0.0,2,3,4
CUST103810,Chen Wei Chong,2025-11-13,Indonesia,Mainstream,45-54,2026-06-09,8,1519.78,189.97,4,50,258,0.0,3,2,1
CUST103811,Haziq Bin Abdullah,2026-03-15,Indonesia,Mainstream,25-34,2026-06-29,16,2090.85,130.68,7,30,136,0.0,2,1,1
CUST103812,Suresh Chong,2025-10-26,Singapore,Premium,55+,2026-07-28,19,2468.48,129.92,6,1,276,0.0,1,1,1
CUST103813,Siti Tan,2025-05-04,Singapore,Budget,25-34,2026-07-05,7,680.38,97.2,4,24,451,0.0,2,2,3
CUST103814,Ravi Lee,2024-09-02,Singapore,Mainstream,45-54,2026-07-08,11,2516.88,228.81,6,21,695,0.0,2,1,1
CUST103815,Priya Wong,2024-12-01,Malaysia,Premium,18-24,2026-07-12,19,1464.01,77.05,7,17,605,0.0,2,1,1
CUST103816,Nabila Lee,2026-07-16,Thailand,Mainstream,35-44,2026-07-23,8,1404.73,175.59,5,6,13,0.0,1,2,2
CUST103817,Hui Ling Rahman,2025-07-23,Indonesia,Budget,25-34,2026-07-23,7,1143.69,163.38,4,6,371,0.0,1,2,2
CUST103818,Arif Yusof,2026-04-04,Singapore,Mainstream,25-34,2026-05-06,5,290.59,58.12,3,84,116,0.0,4,3,4
CUST103819,Haziq Osman,2025-11-07,Malaysia,Mainstream,55+,2026-05-23,7,1845.99,263.71,5,67,264,0.0,3,2,1
CUST103820,Zhi Hao Chua,2024-09-08,Singapore,Budget,35-44,2026-01-24,3,215.93,71.98,3,186,689,1.0,4,4,4
CUST103821,Farhan Nair,2024-08-10,Singapore,Mainstream,25-34,2026-07-17,11,1516.22,137.84,5,12,718,0.0,1,1,1
CUST103822,Arif Chong,2026-04-08,Singapore,Mainstream,45-54,2026-07-29,10,1142.23,114.22,5,0,112,0.0,1,1,2
CUST103823,Divya Tan,2026-04-18,Malaysia,Mainstream,18-24,2026-04-24,4,1841.5,460.38,2,96,102,1.0,4,4,1
CUST103824,Ahmad Yusof,2025-03-08,Indonesia,Budget,55+,2026-07-18,6,1325.28,220.88,5,11,508,0.0,1,3,2
CUST103825,Jia Xin Chong,2025-10-03,Indonesia,Mainstream,25-34,2026-07-13,8,806.72,100.84,5,16,299,0.0,1,2,3
CUST103826,Kumar Rahman,2025-09-17,Thailand,Mainstream,25-34,2026-06-24,6,737.27,122.88,4,35,315,0.0,2,3,3
CUST103827,Arif Rahman,2024-10-30,Singapore,Budget,25-34,2026-07-21,6,1076.22,179.37,5,8,637,0.0,1,3,2
CUST103828,Haziq Goh,2024-09-25,Indonesia,Mainstream,25-34,2026-03-31,6,655.22,109.2,5,120,672,1.0,4,3,3
CUST103829,Zhi Hao Nair,2024-10-10,Singapore,Budget,55+,2026-04-06,3,594.2,198.07,3,114,657,1.0,4,4,3
CUST103830,Zhi Hao Kaur,2025-01-04,Malaysia,Premium,25-34,2026-06-14,15,1280.03,85.34,6,45,571,0.0,3,1,2
CUST103831,Farhan Nair,2024-08-13,Malaysia,Mainstream,18-24,2026-05-16,5,1894.58,378.92,4,74,715,0.0,3,3,1
CUST103832,Xin Yi Lee,2025-02-19,Singapore,Mainstream,45-54,2026-07-14,9,679.71,75.52,6,15,525,0.0,1,1,3
CUST103833,Divya Kaur,2024-10-22,Singapore,Mainstream,25-34,2026-05-09,7,905.77,129.4,4,81,645,0.0,3,2,2
CUST103834,Kumar Rahman,2025-06-30,Singapore,Budget,18-24,2026-05-08,4,319.75,79.94,3,82,394,0.0,4,4,4
CUST103835,Hui Ling Lee,2026-06-22,Singapore,Mainstream,35-44,2026-06-05,4,520.42,130.11,4,54,37,0.0,3,4,3
CUST103836,Ravi Yusof,2024-12-10,Thailand,Budget,18-24,2026-01-12,1,647.79,647.79,1,198,596,1.0,4,4,3
CUST103837,Nabila Tan,2024-09-19,Singapore,Mainstream,45-54,2026-06-30,8,1787.35,223.42,5,29,678,0.0,2,2,1
CUST103838,Xin Yi Chua,2025-12-14,Malaysia,Budget,35-44,2026-05-18,6,1231.08,205.18,4,72,227,0.0,3,3,2
CUST103839,Farhan Rahman,2025-09-20,Thailand,Mainstream,25-34,2026-06-23,5,718.18,143.64,5,36,312,0.0,2,3,3
CUST103840,Jia Xin Yusof,2025-06-07,Malaysia,Mainstream,35-44,2026-06-23,5,412.0,82.4,4,36,417,0.0,2,3,4
CUST103841,Suresh Nair,2025-04-10,Malaysia,Budget,25-34,2026-03-07,5,1159.11,231.82,4,144,475,1.0,4,3,2
CUST103842,Ahmad Nair,2025-03-24,Thailand,Budget,35-44,2026-07-13,6,1101.25,183.54,5,16,492,0.0,1,3,2
CUST103843,Hui Ling Nair,2025-10-15,Singapore,Budget,35-44,2026-03-14,7,447.74,63.96,4,137,287,1.0,4,2,4
CUST103844,Wei Ming Goh,2024-11-13,Singapore,Budget,45-54,2026-07-14,3,463.78,154.59,3,15,623,0.0,1,4,3
CUST103845,Suresh Kaur,2024-12-13,Malaysia,Budget,25-34,2026-06-15,4,478.89,119.72,3,44,593,0.0,3,4,3
CUST103846,Jia Xin Yusof,2024-09-10,Malaysia,Premium,45-54,2026-07-14,11,3864.63,351.33,5,15,687,0.0,1,1,1
CUST103847,Zhi Hao Yusof,2025-06-04,Indonesia,Premium,18-24,2026-06-22,6,521.88,86.98,3,37,420,0.0,2,3,3
CUST103848,Ahmad Binte Ismail,2026-06-03,Singapore,Premium,55+,2026-07-18,12,1543.74,128.65,7,11,56,0.0,1,1,1
CUST103849,Hui Ling Rahman,2024-11-19,Malaysia,Budget,25-34,2026-07-14,11,1828.09,166.19,6,15,617,0.0,1,1,1
CUST103850,Ahmad Lee,2026-06-01,Indonesia,Budget,45-54,2026-03-18,5,1092.41,218.48,5,133,58,1.0,4,3,2
CUST103851,Ahmad Rahman,2026-03-10,Thailand,Mainstream,35-44,2026-07-29,7,2496.8,356.69,4,0,141,0.0,1,2,1
CUST103852,Chen Wei Wong,2026-01-02,Singapore,Mainstream,18-24,2026-07-13,7,742.47,106.07,5,16,208,0.0,1,2,3
CUST103853,Haziq Wong,2026-03-16,Singapore,Mainstream,25-34,2026-07-27,16,2339.75,146.23,6,2,135,0.0,1,1,1
CUST103854,Farhan Nair,2025-02-16,Thailand,Mainstream,55+,2026-07-10,13,1352.27,104.02,6,19,528,0.0,2,1,2
CUST103855,Kumar Binte Ismail,2025-09-11,Malaysia,Mainstream,45-54,2026-06-25,8,1181.76,147.72,5,34,321,0.0,2,2,2
CUST103856,Jia Xin Osman,2026-02-19,Singapore,Mainstream,35-44,2026-07-04,9,563.17,62.57,4,25,160,0.0,2,1,3
CUST103857,Arif Lee,2026-07-26,Singapore,Premium,25-34,2026-07-07,6,396.45,66.08,4,22,3,0.0,2,3,4
CUST103858,Aina Yusof,2026-02-22,Indonesia,Budget,35-44,2026-06-10,4,453.81,113.45,4,49,157,0.0,3,4,4
CUST103859,Farhan Lim,2025-03-11,Malaysia,Mainstream,25-34,2026-07-04,7,1417.42,202.49,5,25,505,0.0,2,2,1
CUST103860,Wei Ming Kaur,2024-12-27,Malaysia,Mainstream,35-44,2026-06-21,11,1379.87,125.44,5,38,579,0.0,2,1,2
CUST103861,Haziq Tan,2025-12-25,Thailand,Budget,25-34,2026-02-20,2,244.69,122.34,2,159,216,1.0,4,4,4
CUST103862,Suresh Yusof,2026-06-06,Singapore,Premium,45-54,2026-06-10,13,1943.18,149.48,6,49,53,0.0,3,1,1
CUST103863,Wei Ming Wong,2025-06-18,Singapore,Premium,35-44,2026-05-22,17,2145.24,126.19,7,68,406,0.0,3,1,1
CUST103864,Siti Goh,2025-01-04,Malaysia,Mainstream,25-34,2026-05-01,4,1519.66,379.92,3,89,571,0.0,4,4,1
CUST103865,Divya Rahman,2026-06-08,Thailand,Budget,35-44,2026-06-28,5,971.64,194.33,4,31,51,0.0,2,3,2
CUST103866,Kumar Chong,2024-12-26,Singapore,Budget,25-34,2026-04-21,5,318.61,63.72,4,99,580,1.0,4,3,4
CUST103867,Wei Ming Binte Ismail,2026-03-27,Indonesia,Mainstream,25-34,2026-04-23,8,492.27,61.53,4,97,124,1.0,4,2,3
CUST103868,Nur Aisyah Nair,2026-01-22,Singapore,Budget,25-34,2026-06-27,2,241.23,120.62,2,32,188,0.0,2,4,4
CUST103869,Aina Kaur,2025-05-01,Singapore,Budget,25-34,2025-12-23,4,497.39,124.35,4,218,454,1.0,4,4,3
CUST103870,Arif Wong,2026-06-22,Thailand,Budget,25-34,2026-06-11,2,421.17,210.58,1,48,37,0.0,3,4,4
CUST103871,Haziq Binte Ismail,2025-12-18,Singapore,Budget,35-44,2026-04-12,4,205.85,51.46,3,108,223,1.0,4,4,4
CUST103872,Nur Aisyah Lim,2026-04-19,Singapore,Mainstream,35-44,2026-05-26,6,837.37,139.56,5,64,101,0.0,3,3,3
CUST103873,Haziq Lim,2026-02-23,Indonesia,Mainstream,25-34,2026-05-03,7,477.19,68.17,5,87,156,0.0,4,2,3
CUST103874,Divya Goh,2025-01-11,Malaysia,Budget,55+,2025-11-06,3,337.85,112.62,3,265,564,1.0,4,4,4
CUST103875,Zhi Hao Lee,2026-02-12,Malaysia,Mainstream,45-54,2026-04-13,7,531.93,75.99,3,107,167,1.0,4,2,3
CUST103876,Siti Tan,2026-06-28,Indonesia,Budget,18-24,2026-07-02,6,451.41,75.24,4,27,31,0.0,2,3,4
CUST103877,Nur Aisyah Goh,2026-02-23,Singapore,Budget,25-34,2026-05-09,4,468.06,117.02,4,81,156,0.0,3,4,3
CUST103878,Arif Tan,2026-05-27,Indonesia,Mainstream,45-54,2026-07-04,12,1057.88,88.16,7,25,63,0.0,2,1,2
CUST103879,Haziq Lee,2025-05-01,Singapore,Mainstream,25-34,2026-07-17,8,844.6,105.58,5,12,454,0.0,1,2,3
CUST103880,Jia Xin Yusof,2024-08-18,Singapore,Budget,25-34,2026-07-06,5,1028.05,205.61,3,23,710,0.0,2,3,2
CUST103881,Ahmad Muthu,2026-03-29,Indonesia,Mainstream,55+,2026-07-22,6,918.27,153.04,3,7,122,0.0,1,3,2
CUST103882,Mei Ling Yusof,2025-02-12,Singapore,Budget,45-54,2026-05-28,4,801.73,200.43,4,62,532,0.0,3,4,3
CUST103883,Suresh Lee,2025-11-07,Thailand,Mainstream,45-54,2026-01-11,3,556.2,185.4,3,199,264,1.0,4,4,3
CUST103884,Kumar Goh,2026-06-07,Thailand,Budget,45-54,2026-07-17,5,625.07,125.01,3,12,52,0.0,1,3,3
CUST103885,Siti Tan,2025-03-14,Indonesia,Mainstream,25-34,2026-07-27,7,1024.25,146.32,5,2,502,0.0,1,2,2
CUST103886,Divya Goh,2026-02-26,Singapore,Mainstream,35-44,2026-07-29,5,389.58,77.92,3,0,153,0.0,1,3,4
CUST103887,Hui Ling Osman,2025-07-20,Singapore,Budget,45-54,2026-07-01,3,693.41,231.14,3,28,374,0.0,2,4,3
CUST103888,Haziq Muthu,2025-07-24,Thailand,Mainstream,25-34,2026-07-11,6,519.79,86.63,4,18,370,0.0,2,3,3
CUST103889,Farhan Binte Ismail,2025-05-19,Malaysia,Mainstream,18-24,2026-07-01,6,437.55,72.92,4,28,436,0.0,2,3,4
CUST103890,Ahmad Bin Abdullah,2026-04-22,Indonesia,Budget,25-34,2026-07-23,6,926.79,154.46,4,6,98,0.0,1,3,2
CUST103891,Haziq Nair,2026-01-27,Indonesia,Mainstream,35-44,2026-05-12,6,1731.69,288.62,5,78,183,0.0,3,3,1
CUST103892,Mei Ling Kaur,2025-02-06,Singapore,Mainstream,35-44,2026-07-27,11,1057.75,96.16,5,2,538,0.0,1,1,2
CUST103893,Ravi Kaur,2024-09-17,Singapore,Budget,45-54,2026-06-27,1,36.55,36.55,1,32,680,0.0,2,4,4
CUST103894,Haziq Muthu,2026-07-21,Malaysia,Premium,25-34,2026-07-28,13,1048.86,80.68,6,1,8,0.0,1,1,2
CUST103895,Chen Wei Nair,2025-09-30,Malaysia,Budget,35-44,2026-07-10,4,444.34,111.08,3,19,302,0.0,2,4,4
CUST103896,Ravi Rahman,2024-10-24,Singapore,Mainstream,18-24,2026-03-28,3,969.21,323.07,3,123,643,1.0,4,4,2
CUST103897,Wei Ming Lee,2026-01-01,Malaysia,Premium,55+,2026-07-05,9,1242.07,138.01,6,24,209,0.0,2,1,2
CUST103898,Suresh Bin Abdullah,2025-09-06,Indonesia,Premium,35-44,2026-07-06,9,1211.93,134.66,6,23,326,0.0,2,1,2
CUST103899,Ahmad Bin Abdullah,2024-10-07,Malaysia,Mainstream,35-44,2026-03-22,3,409.18,136.39,3,129,660,1.0,4,4,4
CUST103900,Farhan Bin Abdullah,2024-08-21,Singapore,Mainstream,25-34,2026-07-23,13,2207.56,169.81,6,6,707,0.0,1,1,1
CUST103901,Ravi Osman,2025-04-07,Indonesia,Budget,18-24,2026-07-26,8,1504.06,188.01,5,3,478,0.0,1,2,1
CUST103902,Xin Yi Yusof,2025-03-10,Indonesia,Budget,18-24,2026-04-30,8,2112.7,264.09,3,90,506,0.0,4,2,1
CUST103903,Siti Kaur,2025-05-07,Thailand,Premium,45-54,2026-07-01,14,1791.98,128.0,7,28,448,0.0,2,1,1
CUST103904,Arif Wong,2026-01-03,Singapore,Budget,25-34,2026-07-19,4,315.44,78.86,4,10,207,0.0,1,4,4
CUST103905,Ahmad Yusof,2024-10-20,Thailand,Mainstream,45-54,2026-07-08,7,1030.49,147.21,5,21,647,0.0,2,2,2
CUST103906,Hui Ling Osman,2026-07-05,Indonesia,Budget,25-34,2025-11-07,1,48.78,48.78,1,264,24,1.0,4,4,4
CUST103907,Mei Ling Muthu,2026-06-17,Indonesia,Budget,35-44,2026-07-10,3,251.49,83.83,3,19,42,0.0,2,4,4
CUST103908,Ahmad Chong,2025-05-16,Singapore,Budget,25-34,2026-02-03,1,13.07,13.07,1,176,439,1.0,4,4,4
CUST103909,Aina Osman,2024-11-25,Singapore,Mainstream,18-24,2026-06-21,7,1242.7,177.53,4,38,611,0.0,2,2,2
CUST103910,Nur Aisyah Kaur,2024-12-12,Malaysia,Budget,35-44,2026-07-09,7,1490.31,212.9,4,20,594,0.0,2,2,1
CUST103911,Wei Ming Kaur,2025-03-22,Singapore,Budget,25-34,2026-04-03,3,217.71,72.57,3,117,494,1.0,4,4,4
CUST103912,Haziq Osman,2025-10-28,Singapore,Premium,25-34,2026-07-17,14,1774.3,126.74,6,12,274,0.0,1,1,1
CUST103913,Kumar Wong,2025-11-09,Thailand,Mainstream,35-44,2026-01-30,5,600.27,120.05,4,180,262,1.0,4,3,3
CUST103914,Divya Wong,2025-09-22,Singapore,Mainstream,25-34,2026-03-26,6,1242.75,207.12,5,125,310,1.0,4,3,2
CUST103915,Nur Aisyah Rahman,2026-01-23,Thailand,Budget,35-44,2026-04-17,3,268.32,89.44,3,103,187,1.0,4,4,4
CUST103916,Farhan Kaur,2025-09-27,Malaysia,Budget,35-44,2026-03-14,2,120.41,60.2,2,137,305,1.0,4,4,4
CUST103917,Chen Wei Chong,2026-05-14,Indonesia,Mainstream,18-24,2026-06-01,8,1810.13,226.27,4,58,76,0.0,3,2,1
CUST103918,Jia Xin Nair,2025-12-08,Singapore,Budget,25-34,2025-12-24,1,68.68,68.68,1,217,233,1.0,4,4,4
CUST103919,Xin Yi Lee,2024-09-11,Malaysia,Budget,18-24,2026-07-20,8,899.58,112.45,4,9,686,0.0,1,2,2
CUST103920,Mei Ling Binte Ismail,2025-02-28,Malaysia,Premium,18-24,2026-07-03,20,3528.31,176.42,7,26,516,0.0,2,1,1
CUST103921,Suresh Muthu,2026-04-17,Thailand,Budget,18-24,2026-07-13,6,1221.34,203.56,5,16,103,0.0,1,3,2
CUST103922,Nur Aisyah Wong,2026-01-02,Singapore,Premium,35-44,2026-07-05,16,3078.96,192.44,7,24,208,0.0,2,1,1
CUST103923,Kumar Muthu,2026-01-21,Singapore,Budget,18-24,2026-06-08,5,182.24,36.45,3,51,189,0.0,3,3,4
CUST103924,Hui Ling Binte Ismail,2026-01-05,Thailand,Budget,45-54,2026-05-24,3,679.42,226.47,3,66,205,0.0,3,4,3
CUST103925,Priya Chong,2025-03-12,Singapore,Budget,45-54,2026-05-28,6,626.55,104.42,5,62,504,0.0,3,3,3
CUST103926,Siti Chong,2024-10-14,Malaysia,Premium,18-24,2026-05-18,15,2140.89,142.73,7,72,653,0.0,3,1,1
CUST103927,Ravi Osman,2025-02-26,Singapore,Mainstream,35-44,2026-06-08,7,908.46,129.78,6,51,518,0.0,3,2,2
CUST103928,Hui Ling Bin Abdullah,2025-08-07,Singapore,Mainstream,18-24,2026-02-19,4,314.4,78.6,3,160,356,1.0,4,4,4
CUST103929,Hui Ling Muthu,2026-04-03,Malaysia,Budget,18-24,2025-09-20,2,438.88,219.44,2,312,117,1.0,4,4,4
CUST103930,Aina Kaur,2026-04-16,Malaysia,Premium,55+,2026-07-23,9,2248.96,249.88,5,6,104,0.0,1,1,1
CUST103931,Xin Yi Chong,2024-12-12,Malaysia,Mainstream,25-34,2026-07-01,5,642.19,128.44,5,28,594,0.0,2,3,3
CUST103932,Siti Kaur,2025-03-22,Malaysia,Mainstream,18-24,2026-05-22,6,412.06,68.68,4,68,494,0.0,3,3,4
CUST103933,Ravi Tan,2025-07-22,Indonesia,Mainstream,45-54,2025-12-11,2,756.76,378.38,2,230,372,1.0,4,4,3
CUST103934,Zhi Hao Kaur,2025-06-03,Thailand,Mainstream,55+,2026-06-06,5,405.1,81.02,4,53,421,0.0,3,3,4
CUST103935,Hui Ling Binte Ismail,2024-11-17,Singapore,Mainstream,35-44,2026-07-07,10,975.46,97.55,5,22,619,0.0,2,1,2
CUST103936,Farhan Wong,2024-12-12,Singapore,Budget,35-44,2026-07-21,5,334.27,66.85,5,8,594,0.0,1,3,4
CUST103937,Kumar Nair,2026-05-27,Singapore,Premium,45-54,2026-07-03,22,5289.84,240.45,7,26,63,0.0,2,1,1
CUST103938,Farhan Kaur,2025-10-14,Indonesia,Budget,35-44,2026-05-25,7,465.84,66.55,4,65,288,0.0,3,2,3
CUST103939,Xin Yi Lim,2026-06-28,Singapore,Premium,35-44,2026-07-06,13,2091.82,160.91,7,23,31,0.0,2,1,1
CUST103940,Jia Xin Lim,2025-10-22,Indonesia,Budget,45-54,2026-07-18,5,652.51,130.5,4,11,280,0.0,1,3,3
CUST103941,Chen Wei Bin Abdullah,2025-04-20,Malaysia,Budget,35-44,2026-06-13,3,324.88,108.29,3,46,465,0.0,3,4,4
CUST103942,Haziq Bin Abdullah,2026-02-27,Malaysia,Budget,25-34,2026-05-22,7,980.76,140.11,5,68,152,0.0,3,2,2
CUST103943,Priya Nair,2026-04-11,Indonesia,Mainstream,18-24,2026-07-19,7,1782.52,254.65,6,10,109,0.0,1,2,1
CUST103944,Haziq Bin Abdullah,2025-08-05,Malaysia,Budget,25-34,2026-07-20,8,2074.13,259.27,3,9,358,0.0,1,2,1
CUST103945,Siti Muthu,2025-07-11,Malaysia,Mainstream,18-24,2026-06-29,1,22.33,22.33,1,30,383,0.0,2,4,4
CUST103946,Priya Binte Ismail,2025-02-23,Singapore,Mainstream,18-24,2026-05-25,6,412.12,68.69,3,65,521,0.0,3,3,4
CUST103947,Ravi Lim,2026-07-19,Malaysia,Budget,25-34,2026-06-18,2,255.48,127.74,2,41,10,0.0,3,4,4
CUST103948,Suresh Muthu,2026-01-29,Singapore,Mainstream,55+,2026-07-25,8,919.0,114.88,6,4,181,0.0,1,2,2
CUST103949,Suresh Rahman,2025-01-06,Indonesia,Mainstream,18-24,2026-03-20,4,469.22,117.3,4,131,569,1.0,4,4,3
CUST103950,Arif Lee,2025-03-19,Malaysia,Premium,25-34,2026-07-29,12,1396.35,116.36,7,0,497,0.0,1,1,2
CUST103951,Priya Goh,2024-10-11,Singapore,Budget,45-54,2026-07-10,5,314.55,62.91,5,19,656,0.0,2,3,4
CUST103952,Zhi Hao Goh,2024-12-12,Singapore,Premium,25-34,2026-04-28,8,2232.2,279.02,4,92,594,1.0,4,2,1
CUST103953,Xin Yi Yusof,2024-11-24,Malaysia,Budget,45-54,2026-03-14,4,1063.88,265.97,4,137,612,1.0,4,4,2
CUST103954,Arif Lim,2025-07-22,Thailand,Mainstream,35-44,2026-06-07,8,1750.91,218.86,7,52,372,0.0,3,2,1
CUST103955,Wei Ming Chong,2024-08-29,Singapore,Mainstream,35-44,2026-07-09,7,740.44,105.78,6,20,699,0.0,2,2,3
CUST103956,Siti Goh,2025-09-29,Singapore,Budget,25-34,2026-05-11,3,296.98,98.99,3,79,303,0.0,3,4,4
CUST103957,Arif Goh,2024-10-08,Malaysia,Budget,25-34,2026-07-04,7,460.94,65.85,5,25,659,0.0,2,2,4
CUST103958,Aina Lim,2025-10-16,Thailand,Mainstream,35-44,2026-06-09,6,1220.65,203.44,4,50,286,0.0,3,3,2
CUST103959,Hui Ling Wong,2025-09-08,Indonesia,Budget,18-24,2026-06-12,4,501.13,125.28,3,47,324,0.0,3,4,3
CUST103960,Priya Rahman,2025-03-16,Singapore,Budget,25-34,2026-06-16,3,764.84,254.95,2,43,500,0.0,3,4,3
CUST103961,Ahmad Lim,2025-10-12,Malaysia,Budget,25-34,2026-07-10,7,545.44,77.92,5,19,290,0.0,2,2,3
CUST103962,Arif Yusof,2026-04-13,Indonesia,Mainstream,35-44,2026-07-02,9,809.87,89.99,5,27,107,0.0,2,1,3
CUST103963,Nabila Rahman,2024-10-13,Indonesia,Budget,35-44,2026-01-28,3,93.22,31.07,2,182,654,1.0,4,4,4
CUST103964,Chen Wei Wong,2025-09-02,Malaysia,Mainstream,35-44,2026-04-24,6,1342.71,223.78,4,96,330,1.0,4,3,2
CUST103965,Priya Lim,2024-09-21,Indonesia,Premium,35-44,2026-07-27,19,3780.74,198.99,7,2,676,0.0,1,1,1
CUST103966,Farhan Kaur,2025-10-11,Malaysia,Mainstream,18-24,2026-06-10,8,510.59,63.82,4,49,291,0.0,3,2,3
CUST103967,Aina Bin Abdullah,2024-08-18,Singapore,Mainstream,45-54,2026-06-06,4,506.43,126.61,4,53,710,0.0,3,4,3
CUST103968,Nur Aisyah Lee,2025-05-15,Singapore,Mainstream,45-54,2026-07-10,7,515.03,73.58,4,19,440,0.0,2,2,3
CUST103969,Hui Ling Bin Abdullah,2025-01-15,Malaysia,Budget,25-34,2026-04-01,3,379.19,126.4,3,119,560,1.0,4,4,4
CUST103970,Zhi Hao Goh,2025-01-24,Singapore,Budget,35-44,2026-06-30,5,184.44,36.89,3,29,551,0.0,2,3,4
CUST103971,Divya Bin Abdullah,2026-03-04,Malaysia,Budget,25-34,2026-03-10,6,536.72,89.45,5,141,147,1.0,4,3,3
CUST103972,Nabila Kaur,2024-12-11,Indonesia,Budget,45-54,2026-07-23,10,1887.69,188.77,6,6,595,0.0,1,1,1
CUST103973,Ravi Bin Abdullah,2024-09-08,Indonesia,Budget,25-34,2026-04-27,4,226.75,56.69,4,93,689,1.0,4,4,4
CUST103974,Divya Lim,2025-04-03,Singapore,Mainstream,25-34,2026-07-04,9,1060.86,117.87,6,25,482,0.0,2,1,2
CUST103975,Zhi Hao Binte Ismail,2024-09-06,Singapore,Budget,55+,2026-03-08,4,689.52,172.38,3,143,691,1.0,4,4,3
CUST103976,Chen Wei Tan,2024-11-19,Indonesia,Budget,35-44,2026-06-09,6,363.77,60.63,4,50,617,0.0,3,3,4
CUST103977,Aina Bin Abdullah,2025-03-30,Malaysia,Premium,18-24,2026-06-25,13,3009.23,231.48,6,34,486,0.0,2,1,1
CUST103978,Aina Kaur,2025-08-15,Singapore,Budget,35-44,2025-12-19,4,206.44,51.61,3,222,348,1.0,4,4,4
CUST103979,Nabila Nair,2024-11-11,Indonesia,Mainstream,45-54,2026-07-08,10,929.87,92.99,6,21,625,0.0,2,1,2
CUST103980,Jia Xin Lim,2026-03-16,Singapore,Budget,25-34,2026-02-05,3,374.79,124.93,3,174,135,1.0,4,4,4
CUST103981,Divya Lee,2025-06-15,Singapore,Mainstream,35-44,2026-06-22,6,477.24,79.54,5,37,409,0.0,2,3,3
CUST103982,Hui Ling Chong,2024-12-11,Indonesia,Budget,35-44,2026-07-13,6,761.78,126.96,4,16,595,0.0,1,3,3
CUST103983,Siti Binte Ismail,2024-09-08,Malaysia,Budget,35-44,2026-05-27,8,811.48,101.44,4,63,689,0.0,3,2,3
CUST103984,Wei Ming Wong,2026-01-16,Malaysia,Mainstream,55+,2026-07-24,5,1183.87,236.77,3,5,194,0.0,1,3,2
CUST103985,Siti Lim,2026-05-22,Indonesia,Mainstream,35-44,2026-06-23,7,716.71,102.39,6,36,68,0.0,2,2,3
CUST103986,Farhan Binte Ismail,2025-11-28,Thailand,Budget,35-44,2026-06-14,6,1403.88,233.98,4,45,243,0.0,3,3,2
CUST103987,Arif Kaur,2024-11-06,Singapore,Budget,45-54,2026-06-02,3,952.82,317.61,3,57,630,0.0,3,4,2
CUST103988,Hui Ling Goh,2025-07-12,Malaysia,Mainstream,18-24,2026-07-17,4,226.99,56.75,3,12,382,0.0,1,4,4
CUST103989,Mei Ling Goh,2026-06-19,Singapore,Budget,18-24,2026-04-29,6,1257.63,209.6,5,91,40,1.0,4,3,2
CUST103990,Suresh Goh,2026-05-03,Malaysia,Mainstream,55+,2026-06-27,8,1092.7,136.59,5,32,87,0.0,2,2,2
CUST103991,Ahmad Lee,2025-11-24,Malaysia,Mainstream,35-44,2026-06-01,8,1458.82,182.35,5,58,247,0.0,3,2,1
CUST103992,Ravi Lim,2025-11-21,Malaysia,Mainstream,25-34,2026-06-23,6,365.14,60.86,5,36,250,0.0,2,3,4
CUST103993,Haziq Rahman,2026-04-22,Singapore,Mainstream,18-24,2026-06-12,5,1106.92,221.38,5,47,98,0.0,3,3,2
CUST103994,Wei Ming Binte Ismail,2025-08-03,Indonesia,Budget,25-34,2026-07-26,4,330.88,82.72,3,3,360,0.0,1,4,4
CUST103995,Siti Tan,2025-08-14,Malaysia,Premium,18-24,2026-07-14,15,2136.07,142.4,6,15,349,0.0,1,1,1
CUST103996,Aina Lim,2026-03-06,Thailand,Mainstream,25-34,2026-07-28,10,2607.18,260.72,4,1,145,0.0,1,1,1
CUST103997,Haziq Lee,2026-02-10,Malaysia,Mainstream,35-44,2026-06-29,13,1587.02,122.08,7,30,169,0.0,2,1,1
CUST103998,Ravi Wong,2025-03-31,Indonesia,Mainstream,25-34,2026-04-09,10,2733.77,273.38,4,111,485,1.0,4,1,1
CUST103999,Arif Bin Abdullah,2024-09-02,Malaysia,Mainstream,35-44,2026-07-27,6,466.3,77.72,4,2,695,0.0,1,3,3
CUST104000,Zhi Hao Yusof,2024-08-01,Malaysia,Budget,55+,2026-06-05,6,1185.48,197.58,5,54,727,0.0,3,3,2
CUST104001,Kumar Wong,2025-06-16,Indonesia,Premium,55+,2026-06-11,19,2030.32,106.86,7,48,408,0.0,3,1,1
CUST104002,Chen Wei Osman,2026-07-01,Indonesia,Premium,45-54,2026-06-28,10,1002.21,100.22,5,31,28,0.0,2,1,2
CUST104003,Farhan Binte Ismail,2024-10-12,Malaysia,Budget,25-34,2026-05-18,2,383.23,191.62,2,72,655,0.0,3,4,4
CUST104004,Priya Chong,2024-09-04,Malaysia,Mainstream,35-44,2026-07-05,10,1845.87,184.59,6,24,693,0.0,2,1,1
CUST104005,Divya Bin Abdullah,2026-01-08,Malaysia,Mainstream,35-44,2026-05-21,6,612.99,102.16,4,69,202,0.0,3,3,3
CUST104006,Hui Ling Kaur,2025-10-10,Malaysia,Premium,25-34,2026-04-01,8,1958.34,244.79,4,119,292,1.0,4,2,1
CUST104007,Xin Yi Bin Abdullah,2026-07-11,Malaysia,Mainstream,45-54,2026-07-11,9,1262.71,140.3,4,18,18,0.0,2,1,2
CUST104008,Farhan Bin Abdullah,2024-12-22,Indonesia,Budget,35-44,2026-05-22,4,540.38,135.1,3,68,584,0.0,3,4,3
CUST104009,Siti Nair,2025-01-09,Malaysia,Mainstream,35-44,2026-07-27,9,1532.14,170.24,5,2,566,0.0,1,1,1
CUST104010,Kumar Binte Ismail,2026-07-14,Malaysia,Budget,25-34,2026-07-11,6,926.13,154.35,4,18,15,0.0,2,3,2
CUST104011,Nabila Bin Abdullah,2025-03-04,Malaysia,Mainstream,25-34,2026-05-30,7,608.04,86.86,5,60,512,0.0,3,2,3
CUST104012,Nur Aisyah Muthu,2025-10-02,Thailand,Mainstream,45-54,2026-06-17,4,1002.19,250.55,3,42,300,0.0,3,4,2
CUST104013,Divya Tan,2025-06-26,Singapore,Mainstream,25-34,2026-04-21,5,972.71,194.54,4,99,398,1.0,4,3,2
CUST104014,Farhan Chong,2026-02-20,Singapore,Budget,18-24,2026-07-06,6,639.74,106.62,4,23,159,0.0,2,3,3
CUST104015,Kumar Chong,2024-12-11,Singapore,Mainstream,35-44,2026-05-09,7,1291.36,184.48,5,81,595,0.0,3,2,2
CUST104016,Zhi Hao Binte Ismail,2025-10-07,Indonesia,Mainstream,35-44,2026-07-26,9,1210.47,134.5,6,3,295,0.0,1,1,2
CUST104017,Haziq Lee,2024-11-23,Malaysia,Budget,18-24,2026-05-06,7,613.4,87.63,5,84,613,0.0,4,2,3
CUST104018,Nabila Lim,2026-04-12,Malaysia,Budget,25-34,2026-07-10,3,208.0,69.33,3,19,108,0.0,2,4,4
CUST104019,Priya Yusof,2025-05-26,Singapore,Budget,45-54,2026-07-03,4,689.14,172.28,3,26,429,0.0,2,4,3
CUST104020,Suresh Binte Ismail,2025-12-15,Thailand,Premium,55+,2026-07-20,17,2781.3,163.61,6,9,226,0.0,1,1,1
CUST104021,Nabila Bin Abdullah,2024-08-23,Malaysia,Mainstream,35-44,2026-06-27,11,1118.07,101.64,6,32,705,0.0,2,1,2
CUST104022,Farhan Rahman,2025-06-18,Malaysia,Mainstream,45-54,2026-06-13,7,637.25,91.04,4,46,406,0.0,3,2,3
CUST104023,Farhan Muthu,2025-02-19,Singapore,Mainstream,25-34,2026-05-12,7,1323.73,189.1,5,78,525,0.0,3,2,2
CUST104024,Ravi Chua,2026-05-28,Singapore,Mainstream,35-44,2026-05-20,9,696.95,77.44,5,70,62,0.0,3,1,3
CUST104025,Kumar Goh,2025-03-22,Singapore,Mainstream,35-44,2026-07-15,10,1325.67,132.57,6,14,494,0.0,1,1,2
CUST104026,Farhan Nair,2026-05-17,Malaysia,Budget,45-54,2026-01-13,3,542.27,180.76,3,197,73,1.0,4,4,3
CUST104027,Aina Nair,2025-11-08,Malaysia,Budget,45-54,2026-07-29,2,180.49,90.24,2,0,263,0.0,1,4,4
CUST104028,Zhi Hao Kaur,2026-02-17,Singapore,Budget,25-34,2026-07-22,3,171.77,57.26,2,7,162,0.0,1,4,4
CUST104029,Zhi Hao Muthu,2026-07-28,Singapore,Mainstream,18-24,2026-05-09,12,1798.08,149.84,5,81,1,0.0,3,1,1
CUST104030,Jia Xin Kaur,2025-05-28,Singapore,Mainstream,45-54,2026-06-19,6,957.75,159.62,3,40,427,0.0,3,3,2
CUST104031,Nur Aisyah Wong,2026-02-04,Malaysia,Mainstream,18-24,2026-05-12,5,296.78,59.36,5,78,175,0.0,3,3,4
CUST104032,Xin Yi Nair,2025-07-20,Singapore,Mainstream,35-44,2026-06-06,5,628.96,125.79,5,53,374,0.0,3,3,3
CUST104033,Siti Chong,2025-01-18,Singapore,Mainstream,35-44,2026-05-29,10,2114.71,211.47,6,61,557,0.0,3,1,1
CUST104034,Haziq Lim,2026-03-21,Singapore,Premium,18-24,2026-07-10,10,1408.97,140.9,5,19,130,0.0,2,1,2
CUST104035,Hui Ling Wong,2025-02-26,Indonesia,Mainstream,35-44,2026-06-12,10,1368.99,136.9,5,47,518,0.0,3,1,2
CUST104036,Aina Rahman,2025-12-25,Thailand,Budget,35-44,2026-03-29,4,1017.93,254.48,2,122,216,1.0,4,4,2
CUST104037,Haziq Osman,2025-11-30,Malaysia,Budget,45-54,2026-03-16,5,390.24,78.05,5,135,241,1.0,4,3,4
CUST104038,Ahmad Wong,2025-06-03,Singapore,Mainstream,25-34,2026-03-20,5,2046.04,409.21,3,131,421,1.0,4,3,1
CUST104039,Wei Ming Osman,2025-04-29,Thailand,Mainstream,18-24,2026-07-03,5,731.03,146.21,4,26,456,0.0,2,3,3
CUST104040,Suresh Lee,2025-04-07,Thailand,Mainstream,18-24,2026-07-20,10,1479.87,147.99,4,9,478,0.0,1,1,1
CUST104041,Ahmad Chua,2026-03-09,Malaysia,Budget,25-34,2026-05-08,8,1516.54,189.57,6,82,142,0.0,4,2,1
CUST104042,Aina Bin Abdullah,2025-06-01,Singapore,Mainstream,35-44,2026-07-11,8,2091.99,261.5,4,18,423,0.0,2,2,1
CUST104043,Aina Muthu,2026-01-18,Indonesia,Budget,25-34,2026-05-06,6,451.71,75.28,5,84,192,0.0,4,3,4
CUST104044,Xin Yi Kaur,2026-01-08,Thailand,Budget,18-24,2026-03-05,5,539.65,107.93,3,146,202,1.0,4,3,3
CUST104045,Ahmad Binte Ismail,2024-09-06,Indonesia,Mainstream,55+,2026-06-15,12,3917.74,326.48,5,44,691,0.0,3,1,1
CUST104046,Aina Binte Ismail,2026-05-17,Malaysia,Mainstream,18-24,2026-04-16,8,580.36,72.54,3,104,73,1.0,4,2,3
CUST104047,Priya Binte Ismail,2025-10-01,Malaysia,Budget,25-34,2026-07-25,6,923.88,153.98,5,4,301,0.0,1,3,2
CUST104048,Priya Wong,2025-09-12,Thailand,Budget,45-54,2026-07-12,6,340.83,56.8,3,17,320,0.0,2,3,4
CUST104049,Hui Ling Yusof,2026-02-01,Singapore,Mainstream,35-44,2026-07-20,15,1821.48,121.43,7,9,178,0.0,1,1,1
CUST104050,Farhan Goh,2025-01-02,Singapore,Budget,25-34,2026-06-17,6,272.37,45.4,4,42,573,0.0,3,3,4
CUST104051,Nur Aisyah Yusof,2025-08-08,Indonesia,Budget,55+,2026-04-08,3,935.62,311.87,3,112,355,1.0,4,4,2
CUST104052,Nur Aisyah Chong,2025-02-19,Singapore,Mainstream,35-44,2026-04-28,6,2078.8,346.47,4,92,525,1.0,4,3,1
CUST104053,Mei Ling Lee,2025-10-20,Malaysia,Mainstream,18-24,2026-07-11,7,621.75,88.82,5,18,282,0.0,2,2,3
CUST104054,Aina Osman,2024-10-13,Singapore,Budget,18-24,2026-02-26,3,723.12,241.04,3,153,654,1.0,4,4,3
CUST104055,Priya Osman,2025-02-12,Singapore,Mainstream,55+,2026-07-11,9,1000.11,111.12,7,18,532,0.0,2,1,2
CUST104056,Nur Aisyah Rahman,2025-11-28,Singapore,Mainstream,25-34,2026-07-13,7,1436.06,205.15,5,16,243,0.0,1,2,1
CUST104057,Priya Goh,2024-08-26,Malaysia,Budget,45-54,2026-04-19,5,935.3,187.06,5,101,702,1.0,4,3,2
CUST104058,Arif Wong,2024-11-05,Malaysia,Budget,18-24,2026-06-06,5,406.03,81.21,2,53,631,0.0,3,3,4
CUST104059,Farhan Osman,2025-05-24,Malaysia,Budget,18-24,2026-02-07,3,588.69,196.23,3,172,431,1.0,4,4,3
CUST104060,Mei Ling Goh,2026-07-17,Singapore,Budget,45-54,2026-06-09,3,154.97,51.66,3,50,12,0.0,3,4,4
CUST104061,Ravi Yusof,2025-05-24,Thailand,Mainstream,55+,2026-04-06,4,604.21,151.05,3,114,431,1.0,4,4,3
CUST104062,Xin Yi Bin Abdullah,2025-03-12,Malaysia,Mainstream,18-24,2026-04-28,10,709.79,70.98,5,92,504,1.0,4,1,3
CUST104063,Farhan Chong,2025-11-05,Thailand,Premium,25-34,2026-07-20,11,1129.19,102.65,6,9,266,0.0,1,1,2
CUST104064,Siti Lim,2026-04-15,Malaysia,Budget,35-44,2026-06-17,9,2583.64,287.07,4,42,105,0.0,3,1,1
CUST104065,Arif Chua,2025-06-12,Singapore,Mainstream,35-44,2026-06-15,9,420.95,46.77,4,44,412,0.0,3,1,4
CUST104066,Aina Rahman,2024-12-21,Indonesia,Mainstream,25-34,2026-05-17,7,636.35,90.91,5,73,585,0.0,3,2,3
CUST104067,Ravi Yusof,2025-12-08,Indonesia,Mainstream,25-34,2026-06-16,10,1082.44,108.24,5,43,233,0.0,3,1,2
CUST104068,Haziq Muthu,2025-08-30,Singapore,Premium,55+,2026-02-08,4,982.82,245.7,4,171,333,1.0,4,4,2
CUST104069,Suresh Bin Abdullah,2026-07-29,Malaysia,Mainstream,25-34,2026-03-26,7,742.29,106.04,5,125,0,1.0,4,2,3
CUST104070,Xin Yi Wong,2025-03-03,Indonesia,Mainstream,25-34,2026-07-10,11,1454.96,132.27,5,19,513,0.0,2,1,1
CUST104071,Farhan Nair,2024-11-04,Singapore,Premium,25-34,2026-07-09,17,1414.1,83.18,5,20,632,0.0,2,1,1
CUST104072,Zhi Hao Lee,2025-01-09,Malaysia,Premium,18-24,2026-07-06,16,2303.66,143.98,6,23,566,0.0,2,1,1
CUST104073,Nabila Bin Abdullah,2025-09-19,Singapore,Premium,35-44,2026-07-19,12,1326.85,110.57,5,10,313,0.0,1,1,2
CUST104074,Hui Ling Tan,2026-06-27,Singapore,Budget,25-34,2026-05-28,2,652.01,326.0,2,62,32,0.0,3,4,3
CUST104075,Haziq Lee,2025-08-04,Thailand,Budget,35-44,2026-02-23,2,170.2,85.1,2,156,359,1.0,4,4,4
CUST104076,Farhan Nair,2024-09-11,Malaysia,Budget,25-34,2026-05-05,3,652.07,217.36,3,85,686,0.0,4,4,3
CUST104077,Farhan Chong,2026-05-30,Indonesia,Mainstream,18-24,2026-07-03,11,672.67,61.15,6,26,60,0.0,2,1,3
CUST104078,Hui Ling Bin Abdullah,2026-02-23,Indonesia,Budget,45-54,2026-07-17,11,1479.64,134.51,5,12,156,0.0,1,1,1
CUST104079,Chen Wei Lee,2024-11-25,Thailand,Budget,35-44,2026-06-01,4,236.08,59.02,3,58,611,0.0,3,4,4
CUST104080,Nur Aisyah Wong,2025-06-10,Malaysia,Mainstream,25-34,2026-05-30,8,1239.09,154.89,4,60,414,0.0,3,2,2
CUST104081,Priya Rahman,2026-03-27,Malaysia,Budget,18-24,2026-05-12,4,561.04,140.26,3,78,124,0.0,3,4,3
CUST104082,Kumar Yusof,2026-07-12,Singapore,Mainstream,35-44,2026-07-16,3,407.29,135.76,3,13,17,0.0,1,4,4
CUST104083,Arif Rahman,2025-10-03,Malaysia,Budget,45-54,2026-05-30,4,923.75,230.94,3,60,299,0.0,3,4,2
CUST104084,Mei Ling Chong,2025-05-21,Malaysia,Mainstream,35-44,2026-06-07,7,725.86,103.69,4,52,434,0.0,3,2,3
CUST104085,Suresh Muthu,2024-11-23,Indonesia,Budget,45-54,2025-10-23,1,43.63,43.63,1,279,613,1.0,4,4,4
CUST104086,Kumar Chong,2024-10-22,Malaysia,Mainstream,25-34,2026-05-22,6,2618.43,436.4,3,68,645,0.0,3,3,1
CUST104087,Wei Ming Nair,2025-08-29,Singapore,Mainstream,55+,2026-06-24,9,1720.47,191.16,5,35,334,0.0,2,1,1
CUST104088,Nur Aisyah Lim,2025-09-24,Thailand,Budget,25-34,2026-06-15,5,315.39,63.08,4,44,308,0.0,3,3,4
CUST104089,Aina Bin Abdullah,2024-09-18,Indonesia,Budget,25-34,2026-07-26,2,111.35,55.68,2,3,679,0.0,1,4,4
CUST104090,Mei Ling Lim,2025-01-08,Malaysia,Mainstream,35-44,2026-07-02,7,885.14,126.45,5,27,567,0.0,2,2,2
CUST104091,Ravi Chua,2026-02-27,Indonesia,Mainstream,18-24,2026-07-09,8,724.23,90.53,4,20,152,0.0,2,2,3
CUST104092,Divya Osman,2025-03-19,Malaysia,Budget,25-34,2026-06-02,4,1146.82,286.7,3,57,497,0.0,3,4,2
CUST104093,Farhan Bin Abdullah,2025-02-22,Indonesia,Mainstream,25-34,2026-05-18,6,1567.99,261.33,4,72,522,0.0,3,3,1
CUST104094,Nur Aisyah Binte Ismail,2026-02-09,Malaysia,Budget,35-44,2026-07-18,4,274.83,68.71,3,11,170,0.0,1,4,4
CUST104095,Siti Rahman,2024-08-15,Malaysia,Mainstream,45-54,2026-06-27,8,969.68,121.21,5,32,713,0.0,2,2,2
CUST104096,Siti Chong,2025-12-25,Singapore,Mainstream,35-44,2026-06-21,3,296.81,98.94,3,38,216,0.0,2,4,4
CUST104097,Arif Nair,2025-06-23,Singapore,Mainstream,25-34,2026-05-04,4,201.85,50.46,3,86,401,0.0,4,4,4
CUST104098,Priya Yusof,2025-08-03,Indonesia,Budget,25-34,2026-07-16,1,47.37,47.37,1,13,360,0.0,1,4,4
CUST104099,Ahmad Muthu,2025-03-11,Malaysia,Budget,45-54,2026-06-30,2,334.93,167.46,2,29,505,0.0,2,4,4
CUST104100,Farhan Rahman,2024-10-09,Singapore,Budget,35-44,2026-07-25,6,1094.73,182.46,5,4,658,0.0,1,3,2
CUST104101,Divya Nair,2025-10-15,Singapore,Budget,35-44,2026-03-05,4,233.5,58.38,4,146,287,1.0,4,3,4
CUST104102,Farhan Chong,2025-10-22,Malaysia,Mainstream,18-24,2026-05-14,13,3077.12,236.7,5,76,280,0.0,3,1,1
CUST104103,Mei Ling Rahman,2025-01-27,Indonesia,Mainstream,25-34,2026-06-22,10,1076.2,107.62,4,37,548,0.0,2,1,2
CUST104104,Priya Muthu,2024-09-02,Malaysia,Budget,25-34,2026-02-27,4,433.51,108.38,3,152,695,1.0,4,3,4
CUST104105,Aina Lim,2024-10-04,Indonesia,Budget,35-44,2026-07-06,7,1161.68,165.95,4,23,663,0.0,2,2,2
CUST104106,Nabila Yusof,2025-01-26,Thailand,Mainstream,45-54,2026-07-14,7,735.55,105.08,5,15,549,0.0,1,2,3
CUST104107,Hui Ling Yusof,2025-03-03,Singapore,Mainstream,55+,2026-07-27,7,454.73,64.96,5,2,513,0.0,1,2,4
CUST104108,Divya Muthu,2025-01-14,Indonesia,Mainstream,25-34,2026-06-07,9,1498.8,166.53,5,52,561,0.0,3,1,1
CUST104109,Mei Ling Kaur,2024-09-14,Singapore,Budget,25-34,2026-03-16,2,935.76,467.88,2,135,683,1.0,4,4,2
CUST104110,Priya Rahman,2026-07-22,Malaysia,Budget,45-54,2025-12-17,2,57.47,28.74,2,224,7,1.0,4,4,4
CUST104111,Zhi Hao Osman,2025-05-26,Singapore,Budget,25-34,2026-07-03,5,757.74,151.55,3,26,429,0.0,2,3,3
CUST104112,Suresh Chua,2026-07-05,Singapore,Mainstream,35-44,2026-07-10,11,2768.37,251.67,4,19,24,0.0,2,1,1
CUST104113,Zhi Hao Kaur,2025-06-03,Singapore,Mainstream,35-44,2026-07-13,12,1632.65,136.05,7,16,421,0.0,1,1,1
CUST104114,Priya Chua,2025-10-14,Singapore,Budget,25-34,2026-07-08,10,1809.09,180.91,7,21,288,0.0,2,1,1
CUST104115,Priya Rahman,2025-12-19,Indonesia,Budget,25-34,2025-12-18,3,1128.74,376.25,2,223,222,1.0,4,4,2
CUST104116,Suresh Chong,2024-10-17,Malaysia,Mainstream,25-34,2026-07-15,7,1800.1,257.16,4,14,650,0.0,1,2,1
CUST104117,Jia Xin Osman,2025-02-26,Thailand,Budget,35-44,2026-07-12,7,468.71,66.96,4,17,518,0.0,2,2,3
CUST104118,Nabila Rahman,2025-06-10,Malaysia,Mainstream,25-34,2026-06-08,8,875.92,109.49,5,51,414,0.0,3,2,2
CUST104119,Ahmad Kaur,2024-10-24,Malaysia,Budget,25-34,2026-05-19,3,750.25,250.08,3,71,643,0.0,3,4,3
CUST104120,Ravi Goh,2026-05-19,Singapore,Budget,18-24,2026-05-01,4,191.61,47.9,2,89,71,0.0,4,3,4
CUST104121,Ahmad Chua,2025-04-14,Malaysia,Budget,45-54,2026-03-05,8,436.78,54.6,4,146,471,1.0,4,2,4
CUST104122,Divya Muthu,2026-04-06,Malaysia,Premium,45-54,2026-06-21,11,1472.7,133.88,7,38,114,0.0,2,1,1
CUST104123,Farhan Wong,2026-02-09,Thailand,Budget,45-54,2026-04-04,7,445.92,63.7,5,116,170,1.0,4,2,4
CUST104124,Farhan Goh,2026-03-16,Thailand,Budget,45-54,2025-10-07,1,96.46,96.46,1,295,135,1.0,4,4,4
CUST104125,Zhi Hao Bin Abdullah,2025-06-27,Singapore,Mainstream,18-24,2026-06-13,6,464.99,77.5,4,46,397,0.0,3,3,3
CUST104126,Wei Ming Kaur,2025-04-26,Malaysia,Budget,18-24,2026-06-20,4,584.02,146.0,2,39,459,0.0,3,3,3
CUST104127,Haziq Kaur,2025-01-24,Malaysia,Budget,35-44,2025-09-25,1,43.63,43.63,1,307,551,1.0,4,4,4
CUST104128,Divya Chua,2025-09-11,Malaysia,Budget,35-44,2026-02-16,4,903.32,225.83,3,163,321,1.0,4,3,2
CUST104129,Ahmad Muthu,2024-09-12,Singapore,Mainstream,35-44,2026-07-27,5,453.35,90.67,4,2,685,0.0,1,3,4
CUST104130,Zhi Hao Yusof,2025-10-30,Indonesia,Budget,25-34,2026-06-13,7,987.02,141.0,6,46,272,0.0,3,2,2
CUST104131,Xin Yi Nair,2026-04-06,Indonesia,Mainstream,55+,2026-05-12,8,1347.75,168.47,6,78,114,0.0,3,2,2
CUST104132,Hui Ling Lee,2026-07-03,Singapore,Mainstream,25-34,2026-03-20,6,465.0,77.5,4,131,26,1.0,4,3,3
CUST104133,Arif Kaur,2026-04-27,Malaysia,Mainstream,35-44,2026-06-28,12,1729.25,144.1,7,31,93,0.0,2,1,1
CUST104134,Arif Kaur,2025-09-08,Singapore,Budget,45-54,2026-06-11,5,1180.08,236.02,4,48,324,0.0,3,3,2
CUST104135,Priya Tan,2025-10-01,Thailand,Mainstream,35-44,2026-06-24,7,651.98,93.14,4,35,301,0.0,2,2,3
CUST104136,Arif Kaur,2024-11-13,Singapore,Premium,45-54,2026-07-07,10,2962.61,296.26,6,22,623,0.0,2,1,1
CUST104137,Hui Ling Osman,2026-04-29,Singapore,Mainstream,35-44,2026-05-30,9,1034.36,114.93,5,60,91,0.0,3,1,2
CUST104138,Xin Yi Yusof,2026-01-19,Singapore,Budget,45-54,2025-09-30,2,203.49,101.74,1,302,191,1.0,4,4,4
CUST104139,Nur Aisyah Chua,2024-08-13,Indonesia,Mainstream,45-54,2026-07-16,9,2434.41,270.49,4,13,715,0.0,1,1,1
CUST104140,Zhi Hao Wong,2026-07-09,Indonesia,Mainstream,25-34,2026-07-05,6,617.2,102.87,4,24,20,0.0,2,3,3
CUST104141,Wei Ming Kaur,2025-09-23,Singapore,Premium,25-34,2026-05-29,9,1326.36,147.37,5,61,309,0.0,3,1,2
CUST104142,Xin Yi Tan,2026-03-07,Singapore,Budget,45-54,2026-06-10,4,915.66,228.92,3,49,144,0.0,3,3,2
CUST104143,Hui Ling Wong,2025-07-05,Indonesia,Mainstream,35-44,2026-04-30,10,1275.38,127.54,5,90,389,0.0,4,1,2
CUST104144,Ahmad Kaur,2024-08-18,Malaysia,Mainstream,35-44,2026-07-24,6,1418.89,236.48,5,5,710,0.0,1,3,1
CUST104145,Farhan Binte Ismail,2026-02-14,Singapore,Premium,25-34,2026-06-04,10,970.06,97.01,5,55,165,0.0,3,1,2
CUST104146,Hui Ling Tan,2025-11-01,Thailand,Mainstream,25-34,2026-07-11,6,654.88,109.15,4,18,270,0.0,2,3,3
CUST104147,Hui Ling Yusof,2025-09-05,Singapore,Premium,25-34,2026-07-14,15,2686.74,179.12,6,15,327,0.0,1,1,1
CUST104148,Xin Yi Lee,2024-12-24,Malaysia,Budget,55+,2026-03-11,6,753.61,125.6,4,140,582,1.0,4,3,3
CUST104149,Hui Ling Lee,2024-08-10,Singapore,Budget,25-34,2026-03-11,4,921.48,230.37,4,140,718,1.0,4,3,2
CUST104150,Nabila Binte Ismail,2026-05-20,Indonesia,Budget,25-34,2026-03-20,6,1236.16,206.03,6,131,70,1.0,4,3,2
CUST104151,Mei Ling Chong,2025-08-07,Indonesia,Mainstream,18-24,2026-07-04,12,1620.28,135.02,5,25,356,0.0,2,1,1
CUST104152,Priya Lee,2025-01-26,Malaysia,Budget,35-44,2026-06-05,8,1015.02,126.88,4,54,549,0.0,3,2,2
CUST104153,Mei Ling Kaur,2026-07-23,Indonesia,Mainstream,25-34,2026-05-25,5,1072.46,214.49,5,65,6,0.0,3,3,2
CUST104154,Ravi Chong,2024-12-18,Thailand,Premium,35-44,2026-07-01,17,1864.59,109.68,7,28,588,0.0,2,1,1
CUST104155,Hui Ling Tan,2026-02-02,Indonesia,Premium,18-24,2026-07-04,10,459.6,45.96,6,25,177,0.0,2,1,4
CUST104156,Farhan Muthu,2025-07-16,Malaysia,Mainstream,25-34,2026-06-12,5,861.27,172.25,4,47,378,0.0,3,3,2
CUST104157,Wei Ming Lim,2024-08-14,Malaysia,Mainstream,18-24,2026-07-08,7,1020.97,145.85,5,21,714,0.0,2,2,2
CUST104158,Aina Lee,2025-04-22,Thailand,Budget,18-24,2026-07-13,3,816.99,272.33,3,16,463,0.0,1,4,3
CUST104159,Siti Binte Ismail,2024-08-06,Singapore,Mainstream,45-54,2026-07-05,10,819.87,81.99,7,24,722,0.0,2,1,3
CUST104160,Aina Kaur,2025-05-15,Singapore,Mainstream,45-54,2026-03-15,6,1330.96,221.83,4,136,440,1.0,4,3,2
CUST104161,Zhi Hao Rahman,2026-02-26,Singapore,Mainstream,45-54,2026-07-22,9,897.52,99.72,5,7,153,0.0,1,1,2
CUST104162,Ahmad Osman,2025-03-11,Indonesia,Budget,45-54,2026-07-07,5,596.42,119.28,5,22,505,0.0,2,3,3
CUST104163,Priya Wong,2025-05-06,Singapore,Budget,18-24,2026-03-08,4,306.52,76.63,3,143,449,1.0,4,3,4
CUST104164,Nur Aisyah Nair,2025-12-15,Singapore,Mainstream,45-54,2026-07-28,17,2882.72,169.57,6,1,226,0.0,1,1,1
CUST104165,Wei Ming Binte Ismail,2026-06-03,Malaysia,Mainstream,25-34,2026-06-03,10,2311.76,231.18,5,56,56,0.0,3,1,1
CUST104166,Ravi Tan,2025-04-12,Singapore,Mainstream,45-54,2026-07-02,5,786.04,157.21,4,27,473,0.0,2,3,3
CUST104167,Nabila Lee,2025-06-03,Singapore,Mainstream,35-44,2026-07-19,5,441.31,88.26,3,10,421,0.0,1,3,4
CUST104168,Jia Xin Chong,2025-01-11,Malaysia,Mainstream,25-34,2026-06-17,6,400.35,66.73,4,42,564,0.0,3,3,4
CUST104169,Zhi Hao Lee,2026-04-29,Singapore,Mainstream,25-34,2026-04-29,6,1241.16,206.86,5,91,91,1.0,4,3,2
CUST104170,Suresh Goh,2025-07-01,Thailand,Mainstream,18-24,2026-04-16,4,692.7,173.18,3,104,393,1.0,4,3,3
CUST104171,Siti Yusof,2024-12-09,Singapore,Mainstream,25-34,2026-07-22,8,2439.84,304.98,4,7,597,0.0,1,2,1
CUST104172,Priya Goh,2024-10-17,Indonesia,Budget,35-44,2026-03-21,8,1367.9,170.99,4,130,650,1.0,4,2,2
CUST104173,Kumar Rahman,2024-09-12,Malaysia,Budget,55+,2025-09-22,2,150.01,75.0,2,310,685,1.0,4,4,4
CUST104174,Ravi Chua,2026-02-25,Singapore,Premium,18-24,2026-06-23,12,969.27,80.77,6,36,154,0.0,2,1,2
CUST104175,Arif Chong,2026-03-25,Singapore,Budget,35-44,2026-06-24,5,316.5,63.3,3,35,126,0.0,2,3,4
CUST104176,Priya Nair,2025-06-04,Malaysia,Mainstream,35-44,2026-03-07,3,422.78,140.93,2,144,420,1.0,4,4,4
CUST104177,Divya Goh,2025-08-26,Malaysia,Budget,18-24,2026-06-21,9,1810.41,201.16,5,38,337,0.0,2,1,1
CUST104178,Chen Wei Nair,2026-02-08,Singapore,Mainstream,25-34,2026-04-29,11,1882.19,171.11,7,91,171,1.0,4,1,1
CUST104179,Aina Muthu,2026-05-16,Thailand,Budget,25-34,2026-04-30,4,488.19,122.05,3,90,74,0.0,4,3,3
CUST104180,Nur Aisyah Yusof,2026-04-16,Malaysia,Mainstream,35-44,2026-04-13,7,1548.47,221.21,5,107,104,1.0,4,2,1
CUST104181,Xin Yi Lim,2025-11-24,Thailand,Mainstream,25-34,2026-07-26,10,2434.08,243.41,6,3,247,0.0,1,1,1
CUST104182,Suresh Yusof,2025-02-05,Singapore,Budget,18-24,2026-01-01,2,519.09,259.54,2,209,539,1.0,4,4,3
CUST104183,Priya Kaur,2026-06-12,Singapore,Mainstream,25-34,2026-05-29,6,684.14,114.02,3,61,47,0.0,3,3,3
CUST104184,Mei Ling Muthu,2026-05-14,Malaysia,Premium,45-54,2026-05-27,13,2413.76,185.67,5,63,76,0.0,3,1,1
CUST104185,Nabila Osman,2026-01-17,Singapore,Mainstream,45-54,2026-06-22,9,808.39,89.82,4,37,193,0.0,2,1,3
CUST104186,Aina Lim,2024-10-30,Singapore,Premium,25-34,2026-07-06,12,1729.19,144.1,7,23,637,0.0,2,1,1
CUST104187,Chen Wei Bin Abdullah,2024-08-06,Singapore,Mainstream,35-44,2026-04-22,10,2148.72,214.87,4,98,722,1.0,4,1,1
CUST104188,Nur Aisyah Lim,2025-09-11,Singapore,Mainstream,55+,2026-02-13,8,1560.04,195.0,4,166,321,1.0,4,2,1
CUST104189,Chen Wei Kaur,2026-06-27,Indonesia,Mainstream,25-34,2026-07-28,4,1025.71,256.43,3,1,32,0.0,1,3,2
CUST104190,Siti Lim,2026-07-21,Singapore,Premium,18-24,2026-07-27,16,1832.42,114.53,7,2,8,0.0,1,1,1
CUST104191,Farhan Yusof,2024-11-09,Thailand,Mainstream,18-24,2026-07-10,7,527.43,75.35,5,19,627,0.0,2,2,3
CUST104192,Nabila Chong,2025-09-08,Singapore,Budget,25-34,2026-01-19,2,349.79,174.9,2,191,324,1.0,4,4,4
CUST104193,Zhi Hao Osman,2026-06-03,Malaysia,Mainstream,45-54,2026-07-12,6,1101.82,183.64,6,17,56,0.0,2,3,2
CUST104194,Chen Wei Rahman,2024-11-28,Malaysia,Premium,45-54,2026-07-22,10,946.34,94.63,6,7,608,0.0,1,1,2
CUST104195,Nabila Kaur,2025-07-08,Malaysia,Mainstream,35-44,2026-02-21,6,1445.76,240.96,4,158,386,1.0,4,3,1
CUST104196,Chen Wei Lim,2025-11-16,Thailand,Budget,25-34,2026-05-03,4,867.2,216.8,3,87,255,0.0,4,3,2
CUST104197,Hui Ling Muthu,2025-09-02,Indonesia,Mainstream,45-54,2026-07-10,6,413.76,68.96,4,19,330,0.0,2,3,4
CUST104198,Aina Bin Abdullah,2026-02-15,Singapore,Mainstream,25-34,2026-07-08,7,1098.08,156.87,5,21,164,0.0,2,2,2
CUST104199,Suresh Lim,2024-09-17,Malaysia,Budget,18-24,2026-07-27,5,233.53,46.71,4,2,680,0.0,1,3,4
CUST104200,Aina Binte Ismail,2024-12-31,Indonesia,Mainstream,18-24,2026-06-22,6,994.66,165.78,6,37,575,0.0,2,3,2
CUST104201,Hui Ling Osman,2026-03-06,Singapore,Mainstream,45-54,2026-05-17,9,1439.25,159.92,4,73,145,0.0,3,1,1
CUST104202,Haziq Lim,2025-02-08,Malaysia,Budget,35-44,,0,0.0,0.0,0,9999,536,,4,4,4
CUST104203,Hui Ling Nair,2026-03-20,Singapore,Mainstream,35-44,2026-07-22,2,769.45,384.72,2,7,131,0.0,1,4,3
CUST104204,Wei Ming Chua,2025-09-02,Malaysia,Budget,35-44,2026-03-01,4,125.16,31.29,2,150,330,1.0,4,3,4
CUST104205,Chen Wei Chua,2025-01-29,Malaysia,Mainstream,18-24,2026-07-28,11,1582.89,143.9,5,1,546,0.0,1,1,1
CUST104206,Siti Bin Abdullah,2026-07-03,Malaysia,Budget,25-34,2026-07-02,6,1406.69,234.45,4,27,26,0.0,2,3,2
CUST104207,Aina Tan,2025-02-15,Thailand,Mainstream,45-54,2026-07-26,11,1797.01,163.36,5,3,529,0.0,1,1,1
CUST104208,Ahmad Lee,2026-02-15,Malaysia,Budget,55+,2026-03-23,4,635.41,158.85,4,128,164,1.0,4,3,3
CUST104209,Ravi Binte Ismail,2025-03-06,Thailand,Premium,35-44,2026-07-16,4,360.23,90.06,4,13,510,0.0,1,3,4
CUST104210,Xin Yi Yusof,2025-07-30,Indonesia,Mainstream,18-24,2026-06-03,6,626.98,104.5,5,56,364,0.0,3,3,3
CUST104211,Siti Wong,2026-07-10,Malaysia,Budget,55+,2026-07-17,11,2320.64,210.97,5,12,19,0.0,1,1,1
CUST104212,Hui Ling Lee,2025-01-19,Malaysia,Premium,25-34,2026-07-28,14,2620.04,187.15,6,1,556,0.0,1,1,1
CUST104213,Kumar Lim,2026-01-21,Malaysia,Mainstream,25-34,2026-07-09,9,1233.79,137.09,6,20,189,0.0,2,1,2
CUST104214,Divya Chong,2024-09-02,Indonesia,Mainstream,18-24,2026-03-30,2,208.19,104.1,2,121,695,1.0,4,4,4
CUST104215,Hui Ling Bin Abdullah,2024-11-23,Singapore,Premium,18-24,2026-07-23,8,901.01,112.63,5,6,613,0.0,1,2,2
CUST104216,Hui Ling Yusof,2026-03-11,Thailand,Premium,35-44,2026-07-17,13,2524.94,194.23,7,12,140,0.0,1,1,1
CUST104217,Priya Lim,2025-05-17,Malaysia,Mainstream,35-44,2026-06-09,9,1466.39,162.93,4,50,438,0.0,3,1,1
CUST104218,Nur Aisyah Goh,2025-11-07,Malaysia,Premium,25-34,2026-07-14,14,2525.35,180.38,7,15,264,0.0,1,1,1
CUST104219,Kumar Yusof,2025-05-16,Malaysia,Budget,25-34,2026-06-23,4,344.02,86.0,4,36,439,0.0,2,3,4
CUST104220,Mei Ling Bin Abdullah,2025-06-18,Malaysia,Budget,35-44,2026-07-05,5,450.81,90.16,5,24,406,0.0,2,3,4
CUST104221,Priya Tan,2025-12-25,Indonesia,Budget,25-34,2026-06-23,11,1687.27,153.39,7,36,216,0.0,2,1,1
CUST104222,Ravi Wong,2025-04-10,Indonesia,Budget,25-34,2026-07-14,3,347.6,115.87,2,15,475,0.0,1,4,4
CUST104223,Mei Ling Bin Abdullah,2026-01-21,Singapore,Mainstream,25-34,2026-06-24,12,919.0,76.58,6,35,189,0.0,2,1,2
CUST104224,Haziq Binte Ismail,2024-10-05,Malaysia,Budget,45-54,2026-06-02,5,1188.09,237.62,4,57,662,0.0,3,3,2
CUST104225,Divya Muthu,2024-09-07,Malaysia,Mainstream,55+,2026-07-17,16,2462.34,153.9,7,12,690,0.0,1,1,1
CUST104226,Ravi Nair,2026-03-30,Malaysia,Budget,25-34,2026-07-10,3,205.39,68.46,3,19,121,0.0,2,4,4
CUST104227,Suresh Bin Abdullah,2025-02-13,Malaysia,Budget,35-44,2026-07-18,6,467.69,77.95,3,11,531,0.0,1,3,3
CUST104228,Nabila Chong,2024-09-19,Singapore,Mainstream,45-54,2026-06-06,6,533.36,88.89,3,53,678,0.0,3,3,3
CUST104229,Farhan Binte Ismail,2026-04-28,Indonesia,Budget,18-24,2026-06-01,7,580.43,82.92,5,58,92,0.0,3,2,3
CUST104230,Ravi Goh,2025-02-05,Malaysia,Mainstream,45-54,2026-06-23,12,2249.52,187.46,6,36,539,0.0,2,1,1
CUST104231,Aina Tan,2024-09-13,Malaysia,Mainstream,35-44,2026-03-16,3,443.49,147.83,3,135,684,1.0,4,4,4
CUST104232,Mei Ling Yusof,2026-02-15,Indonesia,Mainstream,35-44,2026-06-02,10,814.76,81.48,5,57,164,0.0,3,1,3
CUST104233,Jia Xin Chua,2025-05-30,Indonesia,Premium,35-44,2026-07-02,11,1090.72,99.16,5,27,425,0.0,2,1,2
CUST104234,Ravi Lim,2024-12-24,Indonesia,Premium,25-34,2026-07-07,13,1982.03,152.46,5,22,582,0.0,2,1,1
CUST104235,Divya Bin Abdullah,2025-11-28,Singapore,Budget,45-54,2026-06-21,5,321.82,64.36,4,38,243,0.0,2,3,4
CUST104236,Mei Ling Wong,2026-02-06,Singapore,Mainstream,35-44,2026-01-30,4,912.18,228.04,4,180,173,1.0,4,3,2
CUST104237,Haziq Muthu,2025-10-13,Indonesia,Budget,18-24,2026-06-27,2,152.7,76.35,1,32,289,0.0,2,4,4
CUST104238,Mei Ling Chong,2025-11-27,Singapore,Budget,35-44,2026-07-15,3,226.83,75.61,2,14,244,0.0,1,4,4
CUST104239,Zhi Hao Nair,2025-02-15,Singapore,Mainstream,55+,2026-06-22,6,1231.55,205.26,2,37,529,0.0,2,3,2
CUST104240,Zhi Hao Chua,2025-11-01,Singapore,Mainstream,45-54,2026-06-08,8,912.88,114.11,5,51,270,0.0,3,2,2
CUST104241,Nabila Osman,2025-10-28,Singapore,Mainstream,35-44,2026-07-06,8,1474.38,184.3,6,23,274,0.0,2,2,1
CUST104242,Arif Kaur,2024-09-08,Thailand,Mainstream,25-34,2026-04-12,6,1151.42,191.9,5,108,689,1.0,4,3,2
CUST104243,Mei Ling Kaur,2025-06-02,Singapore,Mainstream,25-34,2026-07-10,8,1063.13,132.89,5,19,422,0.0,2,2,2
CUST104244,Ahmad Yusof,2024-09-19,Singapore,Mainstream,25-34,2026-02-26,10,1553.07,155.31,6,153,678,1.0,4,1,1
CUST104245,Farhan Binte Ismail,2025-02-26,Thailand,Budget,45-54,2026-06-03,7,468.57,66.94,4,56,518,0.0,3,2,3
CUST104246,Mei Ling Osman,2024-10-21,Thailand,Budget,45-54,2026-07-09,4,492.01,123.0,3,20,646,0.0,2,3,3
CUST104247,Priya Tan,2026-03-09,Singapore,Mainstream,55+,2026-06-30,6,542.01,90.34,3,29,142,0.0,2,3,3
CUST104248,Nabila Bin Abdullah,2024-09-13,Thailand,Mainstream,18-24,2026-05-24,8,914.18,114.27,6,66,684,0.0,3,2,2
CUST104249,Zhi Hao Osman,2024-09-08,Singapore,Budget,55+,2026-02-01,1,121.01,121.01,1,178,689,1.0,4,4,4
CUST104250,Kumar Wong,2026-06-30,Indonesia,Budget,55+,2025-10-28,3,225.19,75.06,3,274,29,1.0,4,4,4
CUST104251,Kumar Bin Abdullah,2025-11-11,Singapore,Budget,35-44,2026-05-10,2,367.29,183.64,2,80,260,0.0,3,4,4
CUST104252,Nur Aisyah Bin Abdullah,2025-10-01,Malaysia,Mainstream,45-54,2026-07-11,8,869.28,108.66,4,18,301,0.0,2,2,2
CUST104253,Mei Ling Kaur,2025-09-26,Singapore,Budget,25-34,2026-04-03,1,80.92,80.92,1,117,306,1.0,4,4,4
CUST104254,Wei Ming Osman,2025-01-07,Indonesia,Budget,25-34,2026-03-15,4,966.53,241.63,4,136,568,1.0,4,3,2
CUST104255,Aina Lim,2025-03-07,Singapore,Budget,25-34,2026-07-01,7,1556.1,222.3,5,28,509,0.0,2,2,1
CUST104256,Haziq Tan,2026-02-24,Malaysia,Budget,18-24,2025-10-06,4,1073.66,268.42,3,296,155,1.0,4,3,2
CUST104257,Divya Lee,2025-05-11,Indonesia,Mainstream,18-24,2026-07-16,14,3409.49,243.54,7,13,444,0.0,1,1,1
CUST104258,Ahmad Goh,2024-08-17,Singapore,Premium,35-44,2026-07-22,16,3006.0,187.88,7,7,711,0.0,1,1,1
CUST104259,Chen Wei Rahman,2025-09-11,Thailand,Budget,25-34,2025-12-17,4,220.72,55.18,3,224,321,1.0,4,3,4
CUST104260,Divya Goh,2024-09-20,Malaysia,Mainstream,18-24,2026-05-09,4,446.21,111.55,4,81,677,0.0,3,3,4
CUST104261,Ravi Muthu,2025-04-11,Singapore,Mainstream,18-24,2026-07-15,7,1035.37,147.91,6,14,474,0.0,1,2,2
CUST104262,Farhan Rahman,2024-09-22,Singapore,Mainstream,35-44,2026-06-12,3,422.1,140.7,3,47,675,0.0,3,4,4
CUST104263,Ahmad Osman,2024-10-08,Singapore,Budget,55+,2026-07-29,5,1504.5,300.9,3,0,659,0.0,1,3,1
CUST104264,Chen Wei Yusof,2026-07-17,Singapore,Budget,25-34,2026-07-23,4,520.61,130.15,3,6,12,0.0,1,3,3
CUST104265,Ravi Kaur,2024-12-22,Malaysia,Premium,45-54,2026-05-30,5,1248.02,249.6,4,60,584,0.0,3,3,2
CUST104266,Priya Lee,2026-03-13,Malaysia,Premium,55+,2026-07-29,20,3310.67,165.53,7,0,138,0.0,1,1,1
CUST104267,Mei Ling Osman,2024-12-05,Malaysia,Budget,35-44,2026-05-24,3,488.87,162.96,2,66,601,0.0,3,4,3
CUST104268,Divya Chua,2024-12-17,Malaysia,Mainstream,35-44,2026-07-22,7,620.96,88.71,2,7,589,0.0,1,2,3
CUST104269,Wei Ming Chua,2026-01-22,Indonesia,Budget,35-44,2026-07-24,5,1646.21,329.24,3,5,188,0.0,1,3,1
CUST104270,Ahmad Goh,2026-06-11,Singapore,Budget,55+,2025-09-11,1,801.48,801.48,1,321,48,1.0,4,4,3
CUST104271,Mei Ling Kaur,2025-09-26,Malaysia,Budget,25-34,2026-05-05,4,284.61,71.15,4,85,306,0.0,4,3,4
CUST104272,Arif Osman,2025-12-20,Thailand,Mainstream,45-54,2025-10-09,3,537.74,179.25,2,293,221,1.0,4,4,3
CUST104273,Ravi Osman,2025-06-20,Singapore,Budget,25-34,2026-07-03,5,435.95,87.19,4,26,404,0.0,2,3,4
CUST104274,Hui Ling Binte Ismail,2026-05-31,Malaysia,Budget,25-34,2026-07-21,6,367.37,61.23,4,8,59,0.0,1,3,4
CUST104275,Suresh Tan,2026-06-27,Thailand,Budget,35-44,2026-05-11,4,715.22,178.8,4,79,32,0.0,3,3,3
CUST104276,Ahmad Lee,2025-09-13,Malaysia,Budget,45-54,2026-06-12,4,1089.84,272.46,2,47,319,0.0,3,3,2
CUST104277,Chen Wei Osman,2025-01-14,Thailand,Budget,45-54,2026-05-12,3,221.34,73.78,3,78,561,0.0,3,4,4
CUST104278,Suresh Rahman,2025-12-12,Singapore,Mainstream,55+,2026-07-28,8,554.12,69.26,5,1,229,0.0,1,2,3
CUST104279,Divya Yusof,2025-12-05,Malaysia,Mainstream,35-44,2026-07-25,11,1821.09,165.55,6,4,236,0.0,1,1,1
CUST104280,Nabila Tan,2026-04-01,Singapore,Mainstream,35-44,2026-04-01,10,867.99,86.8,6,119,119,1.0,4,1,2
CUST104281,Nabila Wong,2026-01-04,Singapore,Mainstream,55+,2026-06-18,6,689.87,114.98,4,41,206,0.0,3,3,3
CUST104282,Arif Nair,2025-12-23,Thailand,Mainstream,25-34,2026-07-14,7,836.26,119.47,5,15,218,0.0,1,2,3
CUST104283,Xin Yi Lim,2026-01-21,Singapore,Budget,18-24,2026-05-27,10,1134.96,113.5,5,63,189,0.0,3,1,2
CUST104284,Wei Ming Muthu,2025-11-21,Thailand,Budget,25-34,2026-07-24,12,2761.65,230.14,6,5,250,0.0,1,1,1
CUST104285,Chen Wei Bin Abdullah,2026-01-04,Indonesia,Premium,35-44,2026-06-23,17,3034.45,178.5,6,36,206,0.0,2,1,1
CUST104286,Chen Wei Muthu,2025-03-20,Thailand,Mainstream,35-44,2026-05-22,8,1630.45,203.81,5,68,496,0.0,3,2,1
CUST104287,Nabila Binte Ismail,2025-11-25,Thailand,Mainstream,45-54,2026-05-13,11,1868.43,169.86,6,77,246,0.0,3,1,1
CUST104288,Divya Goh,2025-01-25,Malaysia,Budget,18-24,2026-06-23,4,290.94,72.74,2,36,550,0.0,2,3,4
CUST104289,Chen Wei Nair,2025-05-14,Thailand,Budget,45-54,2026-06-01,6,652.31,108.72,3,58,441,0.0,3,3,3
CUST104290,Nur Aisyah Lim,2025-04-18,Indonesia,Budget,35-44,2026-07-08,3,209.0,69.67,3,21,467,0.0,2,4,4
CUST104291,Kumar Tan,2025-05-29,Malaysia,Premium,55+,2026-07-13,18,2041.09,113.39,7,16,426,0.0,1,1,1
CUST104292,Nur Aisyah Lim,2024-09-24,Indonesia,Mainstream,25-34,2026-05-15,3,446.7,148.9,2,75,673,0.0,3,4,4
CUST104293,Xin Yi Chong,2026-01-24,Singapore,Budget,35-44,2026-06-18,5,253.15,50.63,4,41,186,0.0,3,3,4
CUST104294,Ahmad Osman,2024-08-11,Singapore,Budget,45-54,2026-06-25,5,872.66,174.53,5,34,717,0.0,2,3,2
CUST104295,Farhan Lee,2026-03-01,Singapore,Budget,35-44,2026-01-15,2,126.51,63.26,2,195,150,1.0,4,4,4
CUST104296,Siti Lee,2026-04-20,Malaysia,Budget,25-34,2026-06-09,4,516.14,129.04,3,50,100,0.0,3,3,3
CUST104297,Nur Aisyah Chong,2024-12-03,Singapore,Mainstream,18-24,2026-07-22,5,870.15,174.03,5,7,603,0.0,1,3,2
CUST104298,Nabila Kaur,2024-10-13,Malaysia,Budget,18-24,2026-01-22,4,415.35,103.84,3,188,654,1.0,4,3,4
CUST104299,Kumar Yusof,2026-05-23,Indonesia,Premium,35-44,2026-07-07,10,1313.65,131.36,6,22,67,0.0,2,1,2
CUST104300,Haziq Kaur,2025-05-18,Indonesia,Mainstream,35-44,2026-07-05,10,1453.22,145.32,6,24,437,0.0,2,1,1
CUST104301,Kumar Yusof,2025-07-20,Thailand,Premium,35-44,2026-03-11,10,672.16,67.22,6,140,374,1.0,4,1,3
CUST104302,Nur Aisyah Goh,2026-02-19,Thailand,Premium,35-44,2026-07-03,24,3080.21,128.34,7,26,160,0.0,2,1,1
CUST104303,Priya Wong,2025-07-14,Thailand,Premium,18-24,2026-06-20,10,1055.13,105.51,5,39,380,0.0,3,1,2
CUST104304,Ravi Tan,2025-03-16,Malaysia,Premium,18-24,2026-07-23,7,1074.97,153.57,6,6,500,0.0,1,2,2
CUST104305,Siti Lim,2025-06-05,Singapore,Budget,45-54,2026-03-03,5,1021.73,204.35,3,148,419,1.0,4,3,2
CUST104306,Jia Xin Chong,2025-07-15,Thailand,Budget,45-54,2025-12-05,2,117.11,58.56,2,236,379,1.0,4,4,4
CUST104307,Nur Aisyah Wong,2024-10-21,Singapore,Budget,35-44,2026-07-14,7,1102.59,157.51,5,15,646,0.0,1,2,2
CUST104308,Xin Yi Goh,2026-02-15,Singapore,Mainstream,35-44,2026-07-14,10,1564.32,156.43,6,15,164,0.0,1,1,1
CUST104309,Wei Ming Nair,2025-04-30,Singapore,Mainstream,55+,2026-07-22,15,1310.49,87.37,5,7,455,0.0,1,1,2
CUST104310,Wei Ming Kaur,2025-12-10,Malaysia,Budget,55+,2026-05-02,3,239.72,79.91,3,88,231,0.0,4,4,4
CUST104311,Suresh Chua,2024-08-18,Indonesia,Mainstream,35-44,2026-06-30,6,1087.94,181.32,4,29,710,0.0,2,3,2
CUST104312,Siti Binte Ismail,2026-01-27,Singapore,Mainstream,25-34,2026-06-08,9,885.62,98.4,6,51,183,0.0,3,1,2
CUST104313,Xin Yi Osman,2024-10-31,Indonesia,Mainstream,18-24,2026-07-29,9,844.82,93.87,4,0,636,0.0,1,1,3
CUST104314,Kumar Tan,2025-04-24,Singapore,Budget,35-44,2026-06-13,4,777.77,194.44,3,46,461,0.0,3,3,3
CUST104315,Farhan Nair,2026-02-23,Singapore,Budget,25-34,2026-07-08,4,687.2,171.8,3,21,156,0.0,2,3,3
CUST104316,Farhan Goh,2025-01-22,Singapore,Mainstream,18-24,2026-05-28,1,20.3,20.3,1,62,553,0.0,3,4,4
CUST104317,Haziq Chua,2026-02-03,Singapore,Budget,25-34,2026-05-17,7,543.65,77.66,5,73,176,0.0,3,2,3
CUST104318,Wei Ming Osman,2026-01-19,Indonesia,Mainstream,55+,2026-04-01,2,105.11,52.55,2,119,191,1.0,4,4,4
CUST104319,Xin Yi Wong,2025-11-20,Singapore,Budget,18-24,2026-04-28,6,662.98,110.5,4,92,251,1.0,4,3,3
CUST104320,Divya Osman,2025-03-19,Singapore,Budget,45-54,2026-07-05,4,192.49,48.12,3,24,497,0.0,2,3,4
CUST104321,Chen Wei Chong,2025-10-17,Singapore,Budget,45-54,2026-06-24,8,659.92,82.49,4,35,285,0.0,2,2,3
CUST104322,Wei Ming Nair,2025-06-09,Indonesia,Mainstream,35-44,2026-05-29,10,1756.22,175.62,5,61,415,0.0,3,1,1
CUST104323,Aina Tan,2025-06-21,Thailand,Budget,18-24,2026-07-01,7,428.32,61.19,4,28,403,0.0,2,2,4
CUST104324,Haziq Binte Ismail,2026-03-08,Indonesia,Premium,45-54,2026-07-12,16,1953.53,122.1,6,17,143,0.0,2,1,1
CUST104325,Suresh Chong,2026-02-10,Malaysia,Budget,35-44,2026-07-02,5,365.9,73.18,3,27,169,0.0,2,3,4
CUST104326,Priya Tan,2025-12-18,Thailand,Premium,25-34,2026-07-11,15,2151.4,143.43,6,18,223,0.0,2,1,1
CUST104327,Wei Ming Chua,2026-02-17,Singapore,Budget,35-44,2026-07-14,4,333.26,83.32,3,15,162,0.0,1,3,4
CUST104328,Jia Xin Osman,2024-09-27,Singapore,Budget,18-24,,0,0.0,0.0,0,9999,670,,4,4,4
CUST104329,Siti Muthu,2025-10-24,Malaysia,Premium,35-44,2026-07-18,12,1524.84,127.07,7,11,278,0.0,1,1,1
CUST104330,Chen Wei Lim,2025-10-07,Singapore,Mainstream,45-54,2026-06-28,6,1027.8,171.3,5,31,295,0.0,2,3,2
CUST104331,Zhi Hao Goh,2025-03-26,Malaysia,Mainstream,35-44,2026-07-27,4,785.25,196.31,4,2,490,0.0,1,3,3
CUST104332,Priya Lim,2024-12-31,Malaysia,Mainstream,55+,2026-07-04,6,465.47,77.58,5,25,575,0.0,2,3,3
CUST104333,Suresh Kaur,2025-03-14,Singapore,Budget,25-34,2026-04-06,8,1210.29,151.29,7,114,502,1.0,4,2,2
CUST104334,Wei Ming Osman,2025-06-22,Malaysia,Mainstream,45-54,2026-07-07,9,967.36,107.48,5,22,402,0.0,2,1,2
CUST104335,Aina Lim,2024-08-16,Malaysia,Budget,45-54,2026-03-29,5,659.61,131.92,3,122,712,1.0,4,3,3
CUST104336,Kumar Tan,2024-10-11,Singapore,Mainstream,18-24,2026-06-14,4,549.95,137.49,4,45,656,0.0,3,3,3
CUST104337,Nabila Tan,2026-03-04,Thailand,Premium,55+,2026-07-25,8,604.15,75.52,3,4,147,0.0,1,2,3
CUST104338,Xin Yi Kaur,2026-04-04,Indonesia,Premium,55+,2026-06-03,7,1452.41,207.49,5,56,116,0.0,3,2,1
CUST104339,Divya Osman,2025-10-16,Singapore,Mainstream,25-34,2026-07-25,5,2277.77,455.55,2,4,286,0.0,1,3,1
CUST104340,Suresh Lim,2024-11-27,Singapore,Mainstream,45-54,2026-01-14,4,1191.97,297.99,3,196,609,1.0,4,3,2
CUST104341,Wei Ming Lim,2024-08-24,Singapore,Mainstream,25-34,2026-07-08,2,121.48,60.74,2,21,704,0.0,2,4,4
CUST104342,Aina Chong,2025-03-04,Singapore,Budget,18-24,2026-06-28,5,1444.69,288.94,4,31,512,0.0,2,3,1
CUST104343,Hui Ling Binte Ismail,2025-03-13,Singapore,Premium,25-34,2026-07-20,18,2667.87,148.22,6,9,503,0.0,1,1,1
CUST104344,Ahmad Yusof,2026-02-09,Singapore,Mainstream,35-44,2026-07-29,9,1653.88,183.76,6,0,170,0.0,1,1,1
CUST104345,Priya Goh,2025-05-23,Indonesia,Budget,18-24,2026-07-27,5,294.0,58.8,3,2,432,0.0,1,3,4
CUST104346,Nabila Chua,2026-03-17,Indonesia,Mainstream,25-34,2026-07-05,9,1231.58,136.84,5,24,134,0.0,2,1,2
CUST104347,Mei Ling Muthu,2025-07-01,Indonesia,Budget,55+,2026-02-05,3,321.64,107.21,2,174,393,1.0,4,4,4
CUST104348,Ravi Kaur,2026-03-10,Malaysia,Mainstream,35-44,2026-07-23,10,3060.86,306.09,5,6,141,0.0,1,1,1
CUST104349,Farhan Osman,2026-06-04,Indonesia,Mainstream,45-54,2026-07-06,12,2568.7,214.06,6,23,55,0.0,2,1,1
CUST104350,Divya Bin Abdullah,2024-08-22,Indonesia,Budget,25-34,2026-06-11,4,177.69,44.42,3,48,706,0.0,3,3,4
CUST104351,Nabila Lim,2024-10-15,Thailand,Budget,18-24,2026-07-18,8,716.11,89.51,5,11,652,0.0,1,2,3
CUST104352,Aina Nair,2025-03-16,Indonesia,Mainstream,45-54,2026-02-17,6,337.68,56.28,5,162,500,1.0,4,3,4
CUST104353,Divya Tan,2025-04-29,Indonesia,Budget,25-34,2026-04-07,2,118.53,59.26,2,113,456,1.0,4,4,4
CUST104354,Mei Ling Muthu,2026-02-04,Indonesia,Premium,25-34,2026-07-18,16,847.75,52.98,4,11,175,0.0,1,1,3
CUST104355,Siti Yusof,2025-06-07,Malaysia,Budget,55+,2026-04-11,4,930.05,232.51,3,109,417,1.0,4,3,2
CUST104356,Suresh Goh,2025-01-29,Singapore,Budget,25-34,2026-05-29,3,409.97,136.66,3,61,546,0.0,3,4,4
CUST104357,Ahmad Rahman,2025-07-01,Singapore,Budget,35-44,2026-07-24,4,478.94,119.74,3,5,393,0.0,1,3,3
CUST104358,Aina Kaur,2026-01-05,Malaysia,Mainstream,35-44,2026-05-13,10,1055.83,105.58,5,77,205,0.0,3,1,2
CUST104359,Zhi Hao Chua,2025-10-16,Singapore,Mainstream,18-24,2026-02-21,5,1237.54,247.51,3,158,286,1.0,4,3,2
CUST104360,Ravi Binte Ismail,2024-11-23,Singapore,Mainstream,35-44,2026-07-13,7,551.9,78.84,6,16,613,0.0,1,2,3
CUST104361,Xin Yi Chong,2026-01-25,Singapore,Premium,25-34,2026-07-13,8,1539.4,192.42,5,16,185,0.0,1,2,1
CUST104362,Chen Wei Nair,2024-08-27,Singapore,Mainstream,25-34,2026-05-02,7,886.59,126.66,5,88,701,0.0,4,2,2
CUST104363,Suresh Goh,2025-01-24,Thailand,Budget,25-34,2026-07-14,5,196.72,39.34,4,15,551,0.0,1,3,4
CUST104364,Nabila Chua,2024-10-18,Malaysia,Budget,25-34,2026-07-12,7,1106.5,158.07,5,17,649,0.0,2,2,2
CUST104365,Divya Lim,2025-07-23,Singapore,Premium,35-44,2026-07-23,18,1930.71,107.26,7,6,371,0.0,1,1,1
CUST104366,Jia Xin Kaur,2026-02-16,Malaysia,Budget,55+,2026-04-09,5,510.83,102.17,5,111,163,1.0,4,3,3
CUST104367,Xin Yi Chong,2026-07-05,Singapore,Premium,45-54,2026-07-04,19,2370.7,124.77,7,25,24,0.0,2,1,1
CUST104368,Farhan Bin Abdullah,2025-07-04,Indonesia,Premium,25-34,2026-07-14,15,2284.86,152.32,6,15,390,0.0,1,1,1
CUST104369,Ravi Lee,2025-10-11,Malaysia,Mainstream,55+,2026-04-02,6,1144.88,190.81,5,118,291,1.0,4,3,2
CUST104370,Wei Ming Rahman,2026-05-08,Singapore,Mainstream,45-54,2026-06-01,5,384.8,76.96,4,58,82,0.0,3,3,4
CUST104371,Suresh Lim,2024-09-20,Malaysia,Premium,18-24,2026-06-22,13,971.76,74.75,6,37,677,0.0,2,1,2
CUST104372,Farhan Kaur,2024-08-20,Singapore,Mainstream,18-24,2026-07-01,8,1420.88,177.61,7,28,708,0.0,2,2,1
CUST104373,Hui Ling Bin Abdullah,2025-10-30,Indonesia,Mainstream,25-34,2026-06-27,4,239.33,59.83,3,32,272,0.0,2,3,4
CUST104374,Chen Wei Chong,2025-03-29,Thailand,Budget,18-24,2026-07-21,10,559.1,55.91,4,8,487,0.0,1,1,3
CUST104375,Siti Bin Abdullah,2025-10-01,Thailand,Mainstream,35-44,2026-06-29,8,1397.71,174.71,6,30,301,0.0,2,2,2
CUST104376,Farhan Yusof,2025-08-01,Singapore,Budget,25-34,2026-05-04,3,238.28,79.43,3,86,362,0.0,4,4,4
CUST104377,Ravi Bin Abdullah,2025-04-30,Indonesia,Premium,55+,2026-07-23,17,4300.6,252.98,7,6,455,0.0,1,1,1
CUST104378,Ravi Muthu,2025-09-29,Indonesia,Mainstream,35-44,2026-05-11,4,261.89,65.47,2,79,303,0.0,3,3,4
CUST104379,Siti Tan,2024-12-21,Thailand,Mainstream,25-34,2026-02-02,5,400.36,80.07,3,177,585,1.0,4,3,4
CUST104380,Nabila Kaur,2026-03-13,Singapore,Budget,55+,2026-01-31,4,663.59,165.9,2,179,138,1.0,4,3,3
CUST104381,Xin Yi Rahman,2025-03-29,Malaysia,Premium,35-44,2026-07-06,12,1190.89,99.24,5,23,487,0.0,2,1,2
CUST104382,Kumar Binte Ismail,2024-08-11,Singapore,Budget,18-24,2026-07-24,7,894.35,127.76,6,5,717,0.0,1,2,2
CUST104383,Siti Kaur,2024-11-16,Singapore,Mainstream,18-24,2026-06-30,8,961.18,120.15,4,29,620,0.0,2,2,2
CUST104384,Arif Osman,2026-06-26,Indonesia,Budget,35-44,2026-06-27,11,888.92,80.81,7,32,33,0.0,2,1,2
CUST104385,Ahmad Muthu,2026-05-07,Malaysia,Premium,35-44,2026-06-28,12,1609.96,134.16,6,31,83,0.0,2,1,1
CUST104386,Ahmad Rahman,2025-04-27,Singapore,Mainstream,35-44,2026-05-29,11,1756.5,159.68,7,61,458,0.0,3,1,1
CUST104387,Ahmad Bin Abdullah,2024-09-23,Indonesia,Mainstream,45-54,2026-06-12,7,1080.13,154.3,3,47,674,0.0,3,2,2
CUST104388,Haziq Yusof,2024-11-20,Malaysia,Budget,35-44,2026-07-22,6,360.42,60.07,2,7,616,0.0,1,3,4
CUST104389,Arif Chong,2024-10-08,Thailand,Budget,45-54,2026-01-28,3,364.88,121.63,2,182,659,1.0,4,4,4
CUST104390,Ahmad Binte Ismail,2026-04-11,Indonesia,Budget,35-44,2026-01-02,2,61.95,30.98,2,208,109,1.0,4,4,4
CUST104391,Arif Chua,2025-07-16,Thailand,Budget,35-44,2026-06-08,8,1809.52,226.19,5,51,378,0.0,3,2,1
CUST104392,Kumar Kaur,2025-02-15,Indonesia,Mainstream,18-24,2026-07-18,11,1703.88,154.9,7,11,529,0.0,1,1,1
CUST104393,Siti Nair,2025-04-29,Singapore,Mainstream,35-44,2026-06-24,6,540.44,90.07,3,35,456,0.0,2,3,3
CUST104394,Wei Ming Wong,2025-01-08,Singapore,Budget,25-34,2026-07-04,5,1286.89,257.38,5,25,567,0.0,2,3,2
CUST104395,Ahmad Lee,2026-02-24,Thailand,Mainstream,35-44,2026-02-07,6,360.71,60.12,3,172,155,1.0,4,3,4
CUST104396,Zhi Hao Bin Abdullah,2025-08-30,Singapore,Budget,25-34,2026-05-25,3,320.27,106.76,2,65,333,0.0,3,4,4
CUST104397,Farhan Chua,2025-09-05,Malaysia,Budget,35-44,2026-07-23,8,1611.4,201.42,4,6,327,0.0,1,2,1
CUST104398,Priya Bin Abdullah,2024-09-11,Malaysia,Premium,25-34,2026-07-28,11,1423.63,129.42,6,1,686,0.0,1,1,1
CUST104399,Haziq Chua,2026-03-04,Singapore,Budget,35-44,2026-07-05,4,295.12,73.78,3,24,147,0.0,2,3,4
CUST104400,Aina Chua,2025-12-03,Singapore,Mainstream,25-34,2026-07-01,8,1424.72,178.09,5,28,238,0.0,2,2,1
CUST104401,Xin Yi Chua,2026-07-13,Malaysia,Premium,45-54,2026-07-17,19,2877.5,151.45,7,12,16,0.0,1,1,1
CUST104402,Ahmad Tan,2026-04-10,Malaysia,Mainstream,25-34,2026-07-04,7,1326.64,189.52,5,25,110,0.0,2,2,2
CUST104403,Divya Rahman,2024-08-12,Indonesia,Mainstream,35-44,2026-06-24,6,809.6,134.93,5,35,716,0.0,2,3,3
CUST104404,Xin Yi Kaur,2024-11-18,Singapore,Mainstream,35-44,2026-06-12,9,726.1,80.68,5,47,618,0.0,3,1,3
CUST104405,Chen Wei Chong,2026-01-21,Malaysia,Mainstream,25-34,2026-06-18,14,1334.42,95.32,5,41,189,0.0,3,1,2
CUST104406,Divya Muthu,2025-03-04,Singapore,Mainstream,45-54,2026-06-28,8,1820.43,227.55,5,31,512,0.0,2,2,1
CUST104407,Mei Ling Wong,2025-05-23,Malaysia,Budget,55+,2025-12-30,1,213.07,213.07,1,211,432,1.0,4,4,4
CUST104408,Jia Xin Muthu,2024-10-06,Singapore,Mainstream,45-54,2026-03-25,4,697.99,174.5,2,126,661,1.0,4,3,3
CUST104409,Xin Yi Bin Abdullah,2025-12-22,Singapore,Premium,55+,2026-07-28,21,2663.88,126.85,7,1,219,0.0,1,1,1
CUST104410,Mei Ling Wong,2024-08-03,Indonesia,Mainstream,25-34,2026-05-22,7,1551.02,221.57,4,68,725,0.0,3,2,1
CUST104411,Zhi Hao Tan,2025-11-01,Singapore,Budget,55+,2025-08-27,1,59.92,59.92,1,336,270,1.0,4,4,4
CUST104412,Ravi Chua,2025-02-21,Indonesia,Budget,45-54,2026-07-20,5,702.85,140.57,5,9,523,0.0,1,3,3
CUST104413,Siti Bin Abdullah,2025-10-12,Singapore,Mainstream,45-54,2026-07-29,5,428.39,85.68,5,0,290,0.0,1,3,4
CUST104414,Zhi Hao Binte Ismail,2025-03-26,Singapore,Budget,45-54,2026-07-27,4,631.8,157.95,4,2,490,0.0,1,3,3
CUST104415,Chen Wei Chua,2025-11-27,Singapore,Mainstream,35-44,2026-07-23,14,3395.12,242.51,6,6,244,0.0,1,1,1
CUST104416,Nabila Chong,2024-11-21,Thailand,Mainstream,35-44,2026-07-21,8,899.42,112.43,4,8,615,0.0,1,2,2
CUST104417,Chen Wei Tan,2025-04-20,Malaysia,Budget,35-44,2026-05-24,5,1034.28,206.86,4,66,465,0.0,3,3,2
CUST104418,Kumar Tan,2025-12-31,Singapore,Budget,25-34,2026-07-13,6,603.16,100.53,6,16,210,0.0,1,3,3
CUST104419,Aina Kaur,2024-08-27,Malaysia,Premium,35-44,2026-07-09,11,813.76,73.98,6,20,701,0.0,2,1,3
CUST104420,Kumar Rahman,2025-02-27,Malaysia,Premium,25-34,2026-07-27,14,1371.47,97.96,7,2,517,0.0,1,1,2
CUST104421,Zhi Hao Bin Abdullah,2025-09-20,Indonesia,Mainstream,35-44,2026-05-03,10,1577.65,157.76,6,87,312,0.0,4,1,1
CUST104422,Ahmad Nair,2026-04-21,Thailand,Premium,35-44,2026-07-27,11,1141.52,103.77,5,2,99,0.0,1,1,2
CUST104423,Siti Binte Ismail,2024-08-18,Malaysia,Premium,25-34,2026-07-23,9,1136.25,126.25,5,6,710,0.0,1,1,2
CUST104424,Jia Xin Chong,2025-01-24,Malaysia,Mainstream,18-24,2026-06-20,7,1232.56,176.08,4,39,551,0.0,3,2,2
CUST104425,Kumar Wong,2025-03-29,Singapore,Budget,25-34,2026-04-19,4,542.67,135.67,4,101,487,1.0,4,3,3
CUST104426,Ahmad Bin Abdullah,2024-11-28,Thailand,Mainstream,35-44,2026-07-20,4,710.52,177.63,4,9,608,0.0,1,3,3
CUST104427,Divya Bin Abdullah,2025-05-12,Malaysia,Mainstream,25-34,2026-06-28,15,2174.03,144.94,6,31,443,0.0,2,1,1
CUST104428,Arif Binte Ismail,2026-02-10,Singapore,Budget,18-24,2026-06-17,6,248.93,41.49,4,42,169,0.0,3,3,4
CUST104429,Kumar Tan,2026-02-06,Thailand,Premium,25-34,2026-07-03,13,2441.16,187.78,7,26,173,0.0,2,1,1
CUST104430,Nabila Rahman,2026-06-02,Thailand,Budget,25-34,2026-05-24,8,1357.24,169.66,5,66,57,0.0,3,2,2
CUST104431,Haziq Muthu,2026-06-14,Malaysia,Premium,25-34,2026-06-21,11,2430.99,221.0,6,38,45,0.0,2,1,1
CUST104432,Haziq Osman,2025-02-13,Singapore,Mainstream,25-34,2026-07-05,10,1769.83,176.98,5,24,531,0.0,2,1,1
CUST104433,Arif Wong,2024-11-15,Indonesia,Budget,35-44,2026-02-11,3,993.48,331.16,2,168,621,1.0,4,4,2
CUST104434,Ravi Chong,2026-04-01,Indonesia,Premium,35-44,2026-07-06,16,2040.94,127.56,6,23,119,0.0,2,1,1
CUST104435,Wei Ming Chong,2025-06-05,Malaysia,Mainstream,55+,2026-07-13,10,1174.5,117.45,5,16,419,0.0,1,1,2
CUST104436,Haziq Osman,2026-04-30,Singapore,Mainstream,18-24,2026-07-02,8,1160.6,145.07,5,27,90,0.0,2,2,2
CUST104437,Jia Xin Binte Ismail,2025-09-30,Singapore,Mainstream,25-34,2026-07-27,9,1998.72,222.08,5,2,302,0.0,1,1,1
CUST104438,Priya Rahman,2024-12-29,Singapore,Budget,18-24,2026-06-02,2,62.98,31.49,1,57,577,0.0,3,4,4
CUST104439,Priya Rahman,2024-12-14,Singapore,Budget,35-44,2026-07-14,5,1024.73,204.95,5,15,592,0.0,1,3,2
CUST104440,Mei Ling Tan,2024-09-05,Indonesia,Budget,18-24,2026-06-13,7,382.73,54.68,5,46,692,0.0,3,2,4
CUST104441,Kumar Rahman,2025-12-15,Singapore,Budget,25-34,2026-06-13,5,1354.62,270.92,3,46,226,0.0,3,3,2
CUST104442,Nur Aisyah Muthu,2024-09-05,Malaysia,Budget,35-44,2026-06-10,4,533.11,133.28,3,49,692,0.0,3,3,3
CUST104443,Aina Muthu,2025-01-03,Indonesia,Mainstream,25-34,2026-05-25,5,811.77,162.35,3,65,572,0.0,3,3,3
CUST104444,Divya Lim,2025-11-24,Malaysia,Budget,35-44,2026-06-18,1,139.74,139.74,1,41,247,0.0,3,4,4
CUST104445,Chen Wei Lee,2025-12-02,Singapore,Mainstream,35-44,2026-06-02,6,600.71,100.12,5,57,239,0.0,3,3,3
CUST104446,Aina Wong,2026-05-12,Thailand,Budget,45-54,2026-04-17,2,126.72,63.36,1,103,78,1.0,4,4,4
CUST104447,Mei Ling Kaur,2024-09-25,Singapore,Budget,25-34,2026-04-11,5,399.63,79.93,4,109,672,1.0,4,3,4
CUST104448,Kumar Chong,2026-03-03,Thailand,Premium,25-34,2026-07-09,18,1950.74,108.37,7,20,148,0.0,2,1,1
CUST104449,Ravi Tan,2026-01-15,Singapore,Premium,35-44,2026-06-27,11,889.04,80.82,5,32,195,0.0,2,1,2
CUST104450,Arif Osman,2025-10-01,Malaysia,Mainstream,18-24,2026-07-22,6,488.13,81.36,5,7,301,0.0,1,3,3
CUST104451,Divya Goh,2026-04-20,Malaysia,Budget,18-24,2026-07-14,5,244.76,48.95,5,15,100,0.0,1,3,4
CUST104452,Zhi Hao Nair,2024-12-18,Malaysia,Mainstream,25-34,2026-07-09,7,1565.07,223.58,4,20,588,0.0,2,2,1
CUST104453,Suresh Nair,2025-03-07,Malaysia,Budget,25-34,2026-03-18,4,513.0,128.25,3,133,509,1.0,4,3,3
CUST104454,Priya Kaur,2026-04-06,Singapore,Mainstream,18-24,2026-07-07,8,1091.77,136.47,4,22,114,0.0,2,2,2
CUST104455,Siti Wong,2026-04-02,Malaysia,Premium,35-44,2026-07-17,15,3241.56,216.1,5,12,118,0.0,1,1,1
CUST104456,Aina Bin Abdullah,2026-07-13,Singapore,Budget,45-54,2025-12-25,2,57.04,28.52,2,216,16,1.0,4,4,4
CUST104457,Aina Chong,2024-09-04,Indonesia,Premium,18-24,2026-07-17,12,861.91,71.83,5,12,693,0.0,1,1,2
CUST104458,Priya Tan,2025-09-14,Malaysia,Mainstream,35-44,2026-07-13,14,1418.82,101.34,7,16,318,0.0,1,1,1
CUST104459,Ravi Osman,2025-04-07,Malaysia,Budget,55+,2026-07-19,1,179.98,179.98,1,10,478,0.0,1,4,4
CUST104460,Ravi Lee,2026-04-11,Singapore,Budget,25-34,2025-11-18,2,55.57,27.78,1,253,109,1.0,4,4,4
CUST104461,Aina Lee,2026-02-11,Malaysia,Mainstream,35-44,2026-04-06,9,878.04,97.56,7,114,168,1.0,4,1,2
CUST104462,Jia Xin Rahman,2025-06-29,Malaysia,Mainstream,25-34,2026-07-28,6,849.51,141.58,4,1,395,0.0,1,3,3
CUST104463,Siti Goh,2026-02-27,Singapore,Budget,55+,2026-05-06,6,898.14,149.69,5,84,152,0.0,4,3,2
CUST104464,Aina Bin Abdullah,2025-05-08,Indonesia,Budget,18-24,2026-05-02,5,634.86,126.97,3,88,447,0.0,4,3,3
CUST104465,Suresh Bin Abdullah,2024-09-23,Singapore,Premium,25-34,2026-06-24,19,2716.99,143.0,7,35,674,0.0,2,1,1
CUST104466,Divya Bin Abdullah,2025-12-19,Singapore,Budget,55+,2026-07-28,7,545.7,77.96,6,1,222,0.0,1,2,3
CUST104467,Jia Xin Nair,2025-05-12,Indonesia,Premium,35-44,2026-07-22,9,1232.45,136.94,4,7,443,0.0,1,1,2
CUST104468,Nabila Goh,2024-09-29,Singapore,Mainstream,25-34,2026-06-30,9,917.48,101.94,5,29,668,0.0,2,1,2
CUST104469,Suresh Binte Ismail,2024-10-15,Singapore,Budget,45-54,2026-05-20,1,128.31,128.31,1,70,652,0.0,3,4,4
CUST104470,Hui Ling Muthu,2026-07-24,Indonesia,Budget,45-54,2026-06-04,3,271.07,90.36,2,55,5,0.0,3,4,4
CUST104471,Chen Wei Rahman,2026-05-10,Indonesia,Mainstream,35-44,2026-06-24,8,1204.57,150.57,5,35,80,0.0,2,2,2
CUST104472,Wei Ming Nair,2024-08-09,Singapore,Budget,25-34,2026-07-10,9,509.24,56.58,4,19,719,0.0,2,1,3
CUST104473,Hui Ling Tan,2024-09-22,Singapore,Budget,25-34,2026-05-09,8,1542.0,192.75,5,81,675,0.0,3,2,1
CUST104474,Chen Wei Kaur,2025-12-07,Malaysia,Budget,55+,2026-05-15,4,379.51,94.88,3,75,234,0.0,3,3,4
CUST104475,Arif Nair,2025-07-15,Malaysia,Premium,25-34,2026-07-19,12,1566.45,130.54,5,10,379,0.0,1,1,1
CUST104476,Jia Xin Chong,2025-06-06,Malaysia,Mainstream,25-34,2026-07-11,8,1048.05,131.01,4,18,418,0.0,2,2,2
CUST104477,Suresh Binte Ismail,2025-03-29,Malaysia,Mainstream,18-24,2026-06-03,6,573.2,95.53,4,56,487,0.0,3,3,3
CUST104478,Zhi Hao Osman,2025-01-28,Indonesia,Budget,18-24,2026-06-26,5,658.63,131.73,4,33,547,0.0,2,3,3
CUST104479,Farhan Goh,2025-10-30,Thailand,Mainstream,35-44,2026-07-07,5,928.55,185.71,4,22,272,0.0,2,3,2
CUST104480,Farhan Lee,2024-10-18,Singapore,Mainstream,25-34,2026-06-20,8,585.65,73.21,4,39,649,0.0,3,2,3
CUST104481,Suresh Nair,2026-06-16,Singapore,Budget,18-24,2026-07-20,6,1388.51,231.42,5,9,43,0.0,1,3,2
CUST104482,Suresh Chua,2026-07-06,Singapore,Premium,18-24,2026-05-08,7,919.74,131.39,4,82,23,0.0,4,2,2
CUST104483,Ravi Binte Ismail,2024-08-29,Singapore,Premium,18-24,2026-06-24,6,736.8,122.8,3,35,699,0.0,2,3,3
CUST104484,Jia Xin Osman,2026-03-22,Malaysia,Budget,18-24,2025-11-12,3,602.95,200.98,3,259,129,1.0,4,4,3
CUST104485,Zhi Hao Rahman,2024-08-02,Thailand,Premium,25-34,2026-07-04,16,2410.31,150.64,6,25,726,0.0,2,1,1
CUST104486,Priya Chua,2026-01-02,Singapore,Mainstream,35-44,2026-04-29,7,701.55,100.22,5,91,208,1.0,4,2,3
CUST104487,Nur Aisyah Lim,2025-11-05,Singapore,Mainstream,18-24,2026-06-13,9,1534.85,170.54,6,46,266,0.0,3,1,1
CUST104488,Xin Yi Rahman,2026-07-09,Malaysia,Budget,25-34,2025-12-02,2,221.5,110.75,2,239,20,1.0,4,4,4
CUST104489,Xin Yi Chong,2024-09-08,Thailand,Premium,35-44,2026-07-11,16,1154.74,72.17,7,18,689,0.0,2,1,2
CUST104490,Nabila Kaur,2025-11-09,Singapore,Mainstream,35-44,2026-04-23,6,1642.45,273.74,4,97,262,1.0,4,3,1
CUST104491,Suresh Osman,2026-03-29,Indonesia,Mainstream,35-44,2026-06-28,7,1759.74,251.39,4,31,122,0.0,2,2,1
CUST104492,Siti Goh,2025-08-11,Indonesia,Budget,55+,2025-09-03,1,55.72,55.72,1,329,352,1.0,4,4,4
CUST104493,Ravi Lim,2026-04-08,Malaysia,Budget,25-34,2026-05-31,3,659.13,219.71,3,59,112,0.0,3,4,3
CUST104494,Wei Ming Rahman,2024-12-30,Malaysia,Premium,18-24,2026-07-27,14,1644.5,117.46,6,2,576,0.0,1,1,1
CUST104495,Wei Ming Wong,2026-06-06,Malaysia,Mainstream,18-24,2026-07-22,7,1325.48,189.35,5,7,53,0.0,1,2,2
CUST104496,Nabila Kaur,2025-07-30,Singapore,Budget,18-24,2026-06-29,4,835.49,208.87,4,30,364,0.0,2,3,3
CUST104497,Wei Ming Kaur,2025-10-17,Malaysia,Mainstream,55+,2026-07-21,8,1807.34,225.92,5,8,285,0.0,1,2,1
CUST104498,Siti Osman,2026-07-02,Singapore,Budget,35-44,2026-07-01,6,449.02,74.84,4,28,27,0.0,2,3,4
CUST104499,Hui Ling Chua,2026-06-21,Indonesia,Premium,45-54,2026-05-25,14,1370.24,97.87,6,65,38,0.0,3,1,2
CUST104500,Farhan Tan,2025-07-16,Indonesia,Premium,55+,2026-03-14,13,2413.65,185.67,7,137,378,1.0,4,1,1
CUST104501,Aina Lee,2025-10-14,Singapore,Budget,45-54,2026-07-17,5,420.66,84.13,4,12,288,0.0,1,3,4
CUST104502,Xin Yi Nair,2026-04-26,Malaysia,Mainstream,25-34,2026-06-15,10,2291.22,229.12,5,44,94,0.0,3,1,1
CUST104503,Xin Yi Lee,2026-04-19,Singapore,Premium,45-54,2026-07-19,20,3176.12,158.81,7,10,101,0.0,1,1,1
CUST104504,Wei Ming Lim,2024-12-19,Singapore,Premium,25-34,2026-07-15,11,1740.79,158.25,6,14,587,0.0,1,1,1
CUST104505,Mei Ling Wong,2025-02-11,Indonesia,Mainstream,18-24,2026-06-19,3,734.28,244.76,2,40,533,0.0,3,4,3
CUST104506,Xin Yi Lee,2025-05-12,Singapore,Mainstream,35-44,2026-01-19,7,1175.01,167.86,4,191,443,1.0,4,2,2
CUST104507,Suresh Bin Abdullah,2024-11-28,Indonesia,Mainstream,55+,2026-06-20,4,461.28,115.32,4,39,608,0.0,3,3,4
CUST104508,Jia Xin Chua,2026-06-09,Singapore,Budget,45-54,2026-05-12,5,574.35,114.87,4,78,50,0.0,3,3,3
CUST104509,Arif Rahman,2025-03-14,Indonesia,Mainstream,25-34,2026-06-29,5,715.27,143.05,4,30,502,0.0,2,3,3
CUST104510,Xin Yi Chong,2025-01-26,Malaysia,Budget,45-54,2026-05-31,5,454.88,90.98,5,59,549,0.0,3,3,4
CUST104511,Xin Yi Kaur,2026-03-05,Malaysia,Budget,25-34,2026-07-28,8,790.94,98.87,5,1,146,0.0,1,2,3
CUST104512,Suresh Muthu,2025-07-03,Indonesia,Budget,35-44,2026-07-28,5,657.69,131.54,4,1,391,0.0,1,3,3
CUST104513,Nabila Lim,2025-01-16,Malaysia,Premium,25-34,2026-06-09,10,1573.34,157.33,6,50,559,0.0,3,1,1
CUST104514,Divya Lim,2025-05-15,Singapore,Budget,25-34,2025-12-06,2,117.54,58.77,1,235,440,1.0,4,4,4
CUST104515,Siti Rahman,2026-01-28,Thailand,Budget,25-34,2026-07-06,5,527.45,105.49,4,23,182,0.0,2,3,3
CUST104516,Zhi Hao Lee,2025-03-31,Singapore,Budget,45-54,2026-03-17,2,74.73,37.36,2,134,485,1.0,4,4,4
CUST104517,Suresh Rahman,2025-01-21,Singapore,Budget,55+,2026-05-17,3,699.94,233.31,3,73,554,0.0,3,4,3
CUST104518,Zhi Hao Chua,2026-07-22,Malaysia,Premium,25-34,2026-07-08,11,757.96,68.91,5,21,7,0.0,2,1,3
CUST104519,Nabila Binte Ismail,2025-06-10,Malaysia,Budget,25-34,2026-05-30,6,1552.42,258.74,5,60,414,0.0,3,3,1
CUST104520,Ravi Lim,2025-07-26,Malaysia,Budget,18-24,2026-06-18,4,181.93,45.48,4,41,368,0.0,3,3,4
CUST104521,Ahmad Lee,2025-11-04,Indonesia,Premium,45-54,2026-06-26,11,2639.33,239.94,5,33,267,0.0,2,1,1
CUST104522,Nabila Chua,2026-06-27,Malaysia,Budget,35-44,2026-04-23,4,1370.58,342.64,3,97,32,1.0,4,3,2
CUST104523,Chen Wei Osman,2026-05-30,Singapore,Mainstream,35-44,2026-07-21,15,2474.01,164.93,6,8,60,0.0,1,1,1
CUST104524,Farhan Chua,2025-01-28,Singapore,Mainstream,18-24,2026-06-11,5,426.4,85.28,3,48,547,0.0,3,3,4
CUST104525,Wei Ming Chong,2024-12-02,Singapore,Mainstream,18-24,2026-06-09,6,592.04,98.67,4,50,604,0.0,3,3,3
CUST104526,Wei Ming Yusof,2025-09-26,Indonesia,Budget,55+,2026-06-14,3,602.65,200.88,3,45,306,0.0,3,4,3
CUST104527,Nabila Yusof,2024-09-12,Singapore,Mainstream,35-44,2026-07-03,6,1432.24,238.71,5,26,685,0.0,2,3,1
CUST104528,Haziq Binte Ismail,2024-09-20,Malaysia,Mainstream,25-34,2026-07-12,6,441.05,73.51,4,17,677,0.0,2,3,4
CUST104529,Nabila Chong,2025-03-30,Malaysia,Mainstream,25-34,2026-06-23,7,786.91,112.42,5,36,486,0.0,2,2,3
CUST104530,Aina Chua,2025-05-31,Indonesia,Budget,25-34,2026-06-16,5,952.49,190.5,5,43,424,0.0,3,3,2
CUST104531,Zhi Hao Rahman,2024-08-24,Singapore,Mainstream,18-24,2026-05-20,3,813.8,271.27,3,70,704,0.0,3,4,3
CUST104532,Zhi Hao Nair,2025-05-10,Singapore,Mainstream,18-24,2026-05-29,10,631.57,63.16,6,61,445,0.0,3,1,3
CUST104533,Suresh Kaur,2024-09-16,Thailand,Mainstream,35-44,2026-07-17,9,797.17,88.57,6,12,681,0.0,1,1,3
CUST104534,Ahmad Kaur,2024-08-14,Malaysia,Premium,25-34,2026-07-07,11,1966.64,178.79,5,22,714,0.0,2,1,1
CUST104535,Arif Lim,2026-03-09,Malaysia,Premium,25-34,2026-07-01,17,3105.92,182.7,6,28,142,0.0,2,1,1
CUST104536,Wei Ming Nair,2025-04-03,Indonesia,Mainstream,35-44,2026-04-23,5,422.13,84.43,4,97,482,1.0,4,3,4
CUST104537,Farhan Osman,2025-02-11,Thailand,Budget,25-34,2025-12-16,4,432.44,108.11,4,225,533,1.0,4,3,4
CUST104538,Ravi Bin Abdullah,2024-12-08,Singapore,Budget,35-44,2026-01-26,4,208.26,52.06,3,184,598,1.0,4,3,4
CUST104539,Arif Wong,2025-11-17,Thailand,Mainstream,45-54,2026-06-07,8,1556.65,194.58,6,52,254,0.0,3,2,1
CUST104540,Chen Wei Tan,2024-11-08,Singapore,Budget,25-34,2026-06-25,4,486.84,121.71,4,34,628,0.0,2,3,3
CUST104541,Nur Aisyah Tan,2025-08-08,Thailand,Mainstream,45-54,2026-05-06,7,571.69,81.67,5,84,355,0.0,4,2,3
CUST104542,Farhan Goh,2025-10-20,Singapore,Mainstream,25-34,2026-07-28,12,1525.43,127.12,6,1,282,0.0,1,1,1
CUST104543,Aina Kaur,2026-04-06,Singapore,Mainstream,25-34,2026-07-17,10,2823.77,282.38,4,12,114,0.0,1,1,1
CUST104544,Arif Wong,2025-12-07,Singapore,Budget,18-24,2026-05-15,3,172.98,57.66,3,75,234,0.0,3,4,4
CUST104545,Ahmad Rahman,2024-08-17,Indonesia,Premium,35-44,2026-05-21,13,1406.31,108.18,6,69,711,0.0,3,1,2
CUST104546,Ravi Goh,2025-02-22,Thailand,Mainstream,25-34,2026-06-07,6,464.84,77.47,5,52,522,0.0,3,3,3
CUST104547,Siti Binte Ismail,2025-02-14,Singapore,Mainstream,45-54,2026-05-12,8,1571.48,196.44,4,78,530,0.0,3,2,1
CUST104548,Arif Yusof,2024-10-14,Singapore,Mainstream,18-24,2026-06-01,8,839.38,104.92,5,58,653,0.0,3,2,3
CUST104549,Mei Ling Rahman,2026-01-16,Singapore,Budget,35-44,2026-06-23,6,2135.84,355.97,5,36,194,0.0,2,3,1
CUST104550,Siti Lim,2025-04-03,Singapore,Mainstream,18-24,2026-07-27,10,1007.09,100.71,6,2,482,0.0,1,1,2
CUST104551,Mei Ling Yusof,2025-10-31,Indonesia,Budget,25-34,2026-07-01,7,577.37,82.48,4,28,271,0.0,2,2,3
CUST104552,Siti Tan,2024-11-17,Singapore,Mainstream,35-44,2026-07-12,5,448.35,89.67,3,17,619,0.0,2,3,4
CUST104553,Mei Ling Yusof,2025-09-24,Thailand,Budget,18-24,2026-06-19,6,1552.43,258.74,4,40,308,0.0,3,3,1
CUST104554,Priya Binte Ismail,2024-11-12,Thailand,Budget,25-34,2026-06-13,6,1505.53,250.92,4,46,624,0.0,3,3,1
CUST104555,Nur Aisyah Chua,2025-01-30,Singapore,Budget,35-44,2026-07-03,7,968.98,138.43,5,26,545,0.0,2,2,2
CUST104556,Suresh Chua,2025-01-12,Malaysia,Budget,35-44,2026-01-16,2,176.48,88.24,2,194,563,1.0,4,4,4
CUST104557,Ahmad Yusof,2024-09-22,Thailand,Premium,35-44,2026-06-29,12,1605.96,133.83,6,30,675,0.0,2,1,1
CUST104558,Jia Xin Tan,2024-12-29,Thailand,Mainstream,18-24,2026-07-07,4,1178.62,294.65,4,22,577,0.0,2,3,2
CUST104559,Jia Xin Yusof,2025-12-07,Indonesia,Budget,18-24,2026-07-02,5,683.73,136.75,4,27,234,0.0,2,3,3
CUST104560,Zhi Hao Goh,2025-07-14,Singapore,Budget,25-34,2026-07-12,4,892.65,223.16,3,17,380,0.0,2,3,2
CUST104561,Nabila Binte Ismail,2025-08-19,Singapore,Mainstream,25-34,2026-07-01,6,1221.44,203.57,4,28,344,0.0,2,3,2
CUST104562,Wei Ming Rahman,2026-06-12,Indonesia,Budget,25-34,2026-06-07,2,559.2,279.6,1,52,47,0.0,3,4,3
CUST104563,Suresh Osman,2025-05-22,Malaysia,Mainstream,25-34,2026-07-06,8,1138.04,142.26,7,23,433,0.0,2,2,2
CUST104564,Hui Ling Bin Abdullah,2025-09-13,Indonesia,Budget,25-34,2025-09-14,1,37.41,37.41,1,318,319,1.0,4,4,4
CUST104565,Divya Nair,2025-10-15,Indonesia,Mainstream,35-44,2026-07-22,4,154.65,38.66,4,7,287,0.0,1,3,4
CUST104566,Nabila Chua,2026-05-10,Malaysia,Premium,18-24,2026-07-23,11,956.24,86.93,5,6,80,0.0,1,1,2
CUST104567,Siti Tan,2025-07-26,Singapore,Budget,25-34,2026-05-26,5,640.11,128.02,3,64,368,0.0,3,3,3
CUST104568,Zhi Hao Chong,2025-06-02,Malaysia,Premium,25-34,2026-04-27,11,1464.31,133.12,6,93,422,1.0,4,1,1
CUST104569,Chen Wei Chong,2026-05-13,Thailand,Premium,25-34,2026-06-22,17,2279.73,134.1,6,37,77,0.0,2,1,1
CUST104570,Ahmad Rahman,2025-04-22,Singapore,Premium,45-54,2026-03-21,6,1331.92,221.99,4,130,463,1.0,4,3,2
CUST104571,Hui Ling Muthu,2026-03-29,Singapore,Mainstream,25-34,2026-01-27,5,396.89,79.38,4,183,122,1.0,4,3,4
CUST104572,Haziq Bin Abdullah,2026-04-15,Thailand,Premium,25-34,2026-07-02,15,1475.63,98.38,5,27,105,0.0,2,1,1
CUST104573,Ravi Wong,2025-10-10,Indonesia,Mainstream,45-54,2026-07-26,6,846.1,141.02,5,3,292,0.0,1,3,3
CUST104574,Farhan Osman,2025-10-18,Malaysia,Premium,25-34,2026-07-07,9,1948.63,216.51,5,22,284,0.0,2,1,1
CUST104575,Haziq Bin Abdullah,2024-09-30,Indonesia,Budget,25-34,2026-07-10,6,1375.87,229.31,4,19,667,0.0,2,3,2
CUST104576,Priya Osman,2026-06-10,Malaysia,Mainstream,45-54,2026-07-23,9,1234.32,137.15,6,6,49,0.0,1,1,2
CUST104577,Chen Wei Lim,2025-11-16,Thailand,Mainstream,35-44,2026-07-06,14,2787.65,199.12,6,23,255,0.0,2,1,1
CUST104578,Haziq Kaur,2025-02-08,Thailand,Budget,55+,2026-07-07,5,1032.31,206.46,4,22,536,0.0,2,3,2
CUST104579,Divya Lim,2026-01-28,Singapore,Budget,45-54,2025-11-01,2,88.41,44.2,2,270,182,1.0,4,4,4
CUST104580,Aina Yusof,2024-08-12,Malaysia,Budget,35-44,2026-03-05,4,236.98,59.24,3,146,716,1.0,4,3,4
CUST104581,Aina Chua,2025-02-02,Singapore,Budget,25-34,2026-04-04,5,1436.78,287.36,3,116,542,1.0,4,3,1
CUST104582,Chen Wei Osman,2024-09-07,Indonesia,Budget,35-44,2026-06-29,9,1363.49,151.5,5,30,690,0.0,2,1,2
CUST104583,Ravi Goh,2024-09-05,Malaysia,Budget,18-24,2026-07-26,4,177.33,44.33,3,3,692,0.0,1,3,4
CUST104584,Aina Yusof,2026-05-11,Malaysia,Budget,35-44,2026-03-12,1,26.88,26.88,1,139,79,1.0,4,4,4
CUST104585,Ahmad Chua,2025-08-28,Thailand,Mainstream,55+,2026-06-11,9,2331.53,259.06,7,48,335,0.0,3,1,1
CUST104586,Hui Ling Kaur,2025-02-01,Malaysia,Budget,18-24,2026-06-05,6,1302.9,217.15,5,54,543,0.0,3,3,2
CUST104587,Farhan Muthu,2026-07-23,Indonesia,Budget,45-54,2026-06-30,4,399.45,99.86,2,29,6,0.0,2,3,4
CUST104588,Hui Ling Nair,2025-09-03,Indonesia,Budget,35-44,2026-07-14,6,995.89,165.98,4,15,329,0.0,1,3,2
CUST104589,Nur Aisyah Muthu,2025-03-14,Malaysia,Budget,25-34,2026-06-19,6,926.91,154.48,3,40,502,0.0,3,3,2
CUST104590,Suresh Binte Ismail,2024-12-28,Singapore,Budget,45-54,2026-07-24,10,1990.64,199.06,5,5,578,0.0,1,1,1
CUST104591,Suresh Kaur,2025-09-30,Indonesia,Premium,35-44,2026-07-29,9,1143.24,127.03,5,0,302,0.0,1,1,2
CUST104592,Nabila Yusof,2024-11-06,Malaysia,Budget,25-34,2026-03-30,4,400.14,100.04,3,121,630,1.0,4,3,4
CUST104593,Wei Ming Binte Ismail,2025-03-25,Singapore,Budget,35-44,2026-07-24,9,1057.46,117.5,5,5,491,0.0,1,1,2
CUST104594,Farhan Binte Ismail,2026-06-26,Indonesia,Mainstream,18-24,2026-05-14,6,1516.84,252.81,4,76,33,0.0,3,3,1
CUST104595,Arif Goh,2026-01-08,Malaysia,Premium,18-24,2026-07-14,14,2528.57,180.61,5,15,202,0.0,1,1,1
CUST104596,Suresh Lee,2024-09-13,Singapore,Mainstream,35-44,2026-06-29,13,2084.75,160.37,7,30,684,0.0,2,1,1
CUST104597,Siti Bin Abdullah,2026-07-28,Indonesia,Budget,45-54,2026-01-25,2,120.05,60.02,2,185,1,1.0,4,4,4
CUST104598,Chen Wei Rahman,2026-05-12,Singapore,Mainstream,35-44,2026-05-12,8,1243.76,155.47,6,78,78,0.0,3,2,2
CUST104599,Wei Ming Wong,2025-11-20,Malaysia,Mainstream,45-54,2026-05-19,5,315.03,63.01,4,71,251,0.0,3,3,4
CUST104600,Mei Ling Nair,2024-08-03,Malaysia,Budget,45-54,2026-04-13,3,327.82,109.27,3,107,725,1.0,4,4,4
CUST104601,Priya Muthu,2025-03-02,Singapore,Premium,18-24,2026-07-05,15,4098.04,273.2,6,24,514,0.0,2,1,1
CUST104602,Zhi Hao Goh,2026-04-13,Malaysia,Premium,45-54,2026-05-18,10,966.67,96.67,5,72,107,0.0,3,1,2
CUST104603,Jia Xin Nair,2025-10-16,Singapore,Mainstream,45-54,2026-05-19,10,1011.68,101.17,5,71,286,0.0,3,1,2
CUST104604,Jia Xin Yusof,2024-09-12,Singapore,Budget,25-34,2026-06-23,5,216.79,43.36,3,36,685,0.0,2,3,4
CUST104605,Ravi Rahman,2026-02-20,Indonesia,Mainstream,25-34,2026-05-03,3,128.06,42.69,3,87,159,0.0,4,4,4
CUST104606,Chen Wei Osman,2025-06-04,Singapore,Premium,35-44,2026-07-09,14,2237.16,159.8,6,20,420,0.0,2,1,1
CUST104607,Suresh Binte Ismail,2025-08-25,Thailand,Premium,55+,2026-05-14,10,1984.48,198.45,7,76,338,0.0,3,1,1
CUST104608,Ravi Lim,2025-01-20,Malaysia,Budget,55+,2026-05-22,2,257.62,128.81,2,68,555,0.0,3,4,4
CUST104609,Arif Goh,2025-01-26,Singapore,Budget,35-44,,0,0.0,0.0,0,9999,549,,4,4,4
CUST104610,Nur Aisyah Osman,2024-11-28,Thailand,Budget,45-54,2026-07-22,5,1391.12,278.22,4,7,608,0.0,1,3,2
CUST104611,Farhan Rahman,2026-05-03,Malaysia,Mainstream,25-34,2026-07-19,13,2213.34,170.26,6,10,87,0.0,1,1,1
CUST104612,Hui Ling Yusof,2025-09-01,Malaysia,Mainstream,45-54,2026-04-18,6,2479.26,413.21,4,102,331,1.0,4,3,1
CUST104613,Ravi Kaur,2025-03-12,Indonesia,Budget,35-44,2026-04-28,6,537.17,89.53,3,92,504,1.0,4,3,3
CUST104614,Haziq Rahman,2025-09-27,Thailand,Budget,55+,2026-05-19,8,1540.62,192.58,4,71,305,0.0,3,2,1
CUST104615,Divya Rahman,2025-03-29,Singapore,Budget,55+,2026-06-22,5,309.8,61.96,4,37,487,0.0,2,3,4
CUST104616,Divya Bin Abdullah,2025-04-21,Singapore,Premium,25-34,2026-07-08,8,1237.94,154.74,5,21,464,0.0,2,2,2
CUST104617,Mei Ling Chong,2025-11-01,Thailand,Budget,55+,2026-03-15,4,321.36,80.34,3,136,270,1.0,4,3,4
CUST104618,Divya Lee,2026-05-17,Singapore,Budget,35-44,2026-06-08,2,223.19,111.6,2,51,73,0.0,3,4,4
CUST104619,Zhi Hao Kaur,2024-08-20,Indonesia,Mainstream,25-34,2026-06-28,9,877.02,97.45,6,31,708,0.0,2,1,2
CUST104620,Kumar Binte Ismail,2024-12-04,Malaysia,Mainstream,18-24,2026-07-26,9,3086.6,342.96,4,3,602,0.0,1,1,1
CUST104621,Zhi Hao Goh,2024-10-14,Malaysia,Mainstream,35-44,2026-03-23,6,515.86,85.98,5,128,653,1.0,4,3,3
CUST104622,Xin Yi Nair,2025-12-23,Indonesia,Mainstream,25-34,2026-07-05,7,1481.79,211.68,4,24,218,0.0,2,2,1
CUST104623,Chen Wei Muthu,2025-12-11,Thailand,Budget,25-34,2026-03-10,4,378.24,94.56,4,141,230,1.0,4,3,4
CUST104624,Ahmad Lim,2025-12-05,Singapore,Budget,35-44,2026-07-24,8,1665.45,208.18,5,5,236,0.0,1,2,1
CUST104625,Zhi Hao Nair,2026-07-07,Malaysia,Budget,18-24,2026-07-13,4,317.08,79.27,2,16,22,0.0,1,3,4
CUST104626,Kumar Osman,2026-03-28,Indonesia,Mainstream,25-34,2026-05-28,5,489.19,97.84,4,62,123,0.0,3,3,3
CUST104627,Suresh Rahman,2025-12-16,Singapore,Premium,45-54,2026-07-28,13,3405.96,262.0,5,1,225,0.0,1,1,1
CUST104628,Mei Ling Bin Abdullah,2024-08-08,Thailand,Budget,18-24,2026-06-09,6,1024.94,170.82,4,50,720,0.0,3,3,2
CUST104629,Nur Aisyah Binte Ismail,2026-03-02,Malaysia,Mainstream,35-44,2026-07-06,9,1214.01,134.89,6,23,149,0.0,2,1,2
CUST104630,Jia Xin Rahman,2025-07-24,Singapore,Mainstream,25-34,2026-07-29,12,2817.79,234.82,6,0,370,0.0,1,1,1
CUST104631,Nur Aisyah Lee,2025-06-25,Thailand,Premium,45-54,2026-07-09,9,749.69,83.3,5,20,399,0.0,2,1,3
CUST104632,Zhi Hao Rahman,2025-11-09,Thailand,Mainstream,25-34,2026-03-21,4,881.86,220.46,2,130,262,1.0,4,3,2
CUST104633,Ahmad Rahman,2024-09-27,Singapore,Budget,45-54,2026-03-04,3,328.32,109.44,3,147,670,1.0,4,4,4
CUST104634,Ravi Nair,2026-05-22,Indonesia,Mainstream,35-44,2026-03-06,8,2643.09,330.39,5,145,68,1.0,4,2,1
CUST104635,Nabila Tan,2024-11-01,Singapore,Mainstream,45-54,2026-06-24,8,1602.53,200.32,5,35,635,0.0,2,2,1
CUST104636,Suresh Wong,2025-02-02,Singapore,Mainstream,35-44,2026-07-09,7,1187.42,169.63,4,20,542,0.0,2,2,2
CUST104637,Hui Ling Yusof,2025-12-18,Singapore,Premium,35-44,2026-07-04,14,2940.32,210.02,7,25,223,0.0,2,1,1
CUST104638,Nur Aisyah Bin Abdullah,2025-01-15,Thailand,Budget,18-24,2026-04-25,2,109.22,54.61,2,95,560,1.0,4,4,4
CUST104639,Nabila Binte Ismail,2025-09-20,Singapore,Mainstream,35-44,2026-07-21,9,1525.31,169.48,5,8,312,0.0,1,1,1
CUST104640,Ahmad Binte Ismail,2024-08-20,Singapore,Budget,35-44,2026-06-18,1,87.81,87.81,1,41,708,0.0,3,4,4
CUST104641,Arif Tan,2026-07-03,Indonesia,Budget,35-44,2026-02-04,5,410.28,82.06,4,175,26,1.0,4,3,4
CUST104642,Wei Ming Kaur,2026-07-08,Malaysia,Budget,18-24,2026-04-08,4,182.13,45.53,2,112,21,1.0,4,3,4
CUST104643,Farhan Tan,2025-06-27,Singapore,Budget,35-44,2026-04-17,3,841.4,280.47,3,103,397,1.0,4,4,3
CUST104644,Priya Rahman,2024-09-18,Singapore,Budget,25-34,2026-07-24,6,448.81,74.8,6,5,679,0.0,1,3,4
CUST104645,Divya Goh,2026-06-13,Indonesia,Mainstream,35-44,2026-07-28,10,876.3,87.63,5,1,46,0.0,1,1,2
CUST104646,Aina Muthu,2025-01-08,Malaysia,Premium,35-44,2026-07-29,14,1048.4,74.89,7,0,567,0.0,1,1,2
CUST104647,Nur Aisyah Binte Ismail,2024-09-12,Indonesia,Budget,25-34,2026-07-12,9,874.55,97.17,5,17,685,0.0,2,1,2
CUST104648,Xin Yi Rahman,2025-08-08,Singapore,Budget,35-44,2026-06-12,7,2830.76,404.39,4,47,355,0.0,3,2,1
CUST104649,Haziq Lee,2024-11-04,Malaysia,Budget,25-34,2026-06-19,6,645.79,107.63,4,40,632,0.0,3,3,3
CUST104650,Siti Osman,2025-01-23,Indonesia,Budget,45-54,2026-05-25,5,276.4,55.28,3,65,552,0.0,3,3,4
CUST104651,Divya Osman,2026-02-23,Singapore,Budget,45-54,2026-07-28,7,912.59,130.37,6,1,156,0.0,1,2,2
CUST104652,Mei Ling Lim,2024-11-13,Singapore,Mainstream,25-34,2026-06-26,8,1300.24,162.53,5,33,623,0.0,2,2,2
CUST104653,Aina Lim,2025-03-06,Malaysia,Premium,25-34,2026-07-05,13,1268.56,97.58,5,24,510,0.0,2,1,2
CUST104654,Aina Lee,2026-07-20,Singapore,Mainstream,35-44,2026-03-03,5,659.63,131.93,4,148,9,1.0,4,3,3
CUST104655,Xin Yi Muthu,2025-06-10,Singapore,Mainstream,45-54,2026-06-15,6,320.89,53.48,5,44,414,0.0,3,3,4
CUST104656,Farhan Muthu,2025-04-08,Thailand,Mainstream,18-24,2026-05-08,7,1702.18,243.17,5,82,477,0.0,4,2,1
CUST104657,Arif Lim,2024-12-22,Malaysia,Budget,25-34,2026-05-29,7,1484.33,212.05,5,61,584,0.0,3,2,1
CUST104658,Nabila Chong,2025-01-12,Malaysia,Budget,25-34,2026-07-28,4,168.67,42.17,3,1,563,0.0,1,3,4
CUST104659,Mei Ling Bin Abdullah,2025-08-16,Singapore,Budget,45-54,2026-05-04,5,631.18,126.24,3,86,347,0.0,4,3,3
CUST104660,Kumar Yusof,2025-12-23,Malaysia,Budget,18-24,2026-07-04,6,1367.18,227.86,6,25,218,0.0,2,3,2
CUST104661,Haziq Muthu,2026-03-12,Malaysia,Premium,45-54,2026-06-01,9,2237.89,248.65,6,58,139,0.0,3,1,1
CUST104662,Farhan Lee,2026-05-26,Thailand,Mainstream,35-44,2026-03-30,6,397.8,66.3,4,121,64,1.0,4,3,4
CUST104663,Nur Aisyah Lim,2025-04-18,Malaysia,Mainstream,45-54,2026-03-29,4,324.27,81.07,3,122,467,1.0,4,3,4
CUST104664,Farhan Chong,2024-08-28,Indonesia,Budget,55+,2026-07-08,10,2443.28,244.33,5,21,700,0.0,2,1,1
CUST104665,Arif Lee,2026-06-01,Singapore,Budget,35-44,2026-07-09,3,184.34,61.45,3,20,58,0.0,2,4,4
CUST104666,Zhi Hao Osman,2025-03-04,Malaysia,Premium,35-44,2026-06-21,10,905.75,90.58,6,38,512,0.0,2,1,2
CUST104667,Chen Wei Wong,2025-05-29,Thailand,Budget,35-44,,0,0.0,0.0,0,9999,426,,4,4,4
CUST104668,Jia Xin Muthu,2026-03-26,Malaysia,Mainstream,45-54,2026-06-24,6,1257.16,209.53,5,35,125,0.0,2,3,2
CUST104669,Aina Rahman,2026-02-24,Indonesia,Budget,35-44,,0,0.0,0.0,0,9999,155,,4,4,4
CUST104670,Aina Bin Abdullah,2026-01-03,Thailand,Budget,18-24,2026-06-20,3,693.76,231.25,3,39,207,0.0,3,4,3
CUST104671,Farhan Rahman,2025-03-16,Thailand,Budget,55+,2026-06-08,6,1343.98,224.0,4,51,500,0.0,3,3,2
CUST104672,Nabila Tan,2025-12-23,Singapore,Premium,18-24,2026-07-27,12,1839.98,153.33,5,2,218,0.0,1,1,1
CUST104673,Suresh Rahman,2024-12-02,Singapore,Budget,55+,2026-05-16,2,157.97,78.98,2,74,604,0.0,3,4,4
CUST104674,Wei Ming Nair,2025-11-02,Malaysia,Mainstream,25-34,2026-05-09,6,748.12,124.69,4,81,269,0.0,3,3,3
CUST104675,Aina Bin Abdullah,2026-05-11,Thailand,Budget,35-44,2026-03-25,3,224.07,74.69,2,126,79,1.0,4,4,4
CUST104676,Wei Ming Lim,2026-05-21,Malaysia,Mainstream,55+,2026-05-21,7,614.85,87.84,4,69,69,0.0,3,2,3
CUST104677,Farhan Lim,2025-10-10,Singapore,Mainstream,35-44,2026-02-09,4,234.12,58.53,2,170,292,1.0,4,3,4
CUST104678,Ravi Lim,2025-10-05,Malaysia,Mainstream,35-44,2026-07-19,10,828.82,82.88,6,10,297,0.0,1,1,3
CUST104679,Xin Yi Muthu,2025-02-09,Singapore,Budget,25-34,2026-05-09,2,165.4,82.7,2,81,535,0.0,3,4,4
CUST104680,Ravi Goh,2025-08-14,Singapore,Budget,25-34,2026-07-16,7,794.52,113.5,5,13,349,0.0,1,2,3
CUST104681,Chen Wei Tan,2026-04-01,Singapore,Premium,18-24,2026-07-24,12,3660.99,305.08,7,5,119,0.0,1,1,1
CUST104682,Priya Chua,2026-02-24,Singapore,Mainstream,35-44,2026-05-04,8,1003.49,125.44,4,86,155,0.0,4,2,2
CUST104683,Priya Chua,2025-06-11,Indonesia,Budget,25-34,2026-06-24,5,333.62,66.72,4,35,413,0.0,2,3,4
CUST104684,Xin Yi Goh,2025-11-28,Singapore,Budget,25-34,2026-07-15,3,132.09,44.03,2,14,243,0.0,1,4,4
CUST104685,Priya Wong,2025-03-26,Singapore,Budget,25-34,2025-12-27,3,936.46,312.15,3,214,490,1.0,4,4,2
CUST104686,Wei Ming Rahman,2024-09-24,Malaysia,Mainstream,55+,2026-05-13,8,1621.62,202.7,6,77,673,0.0,3,2,1
CUST104687,Kumar Lee,2025-11-13,Singapore,Budget,45-54,2026-07-11,10,2278.28,227.83,5,18,258,0.0,2,1,1
CUST104688,Farhan Osman,2025-06-22,Malaysia,Budget,25-34,2026-06-30,8,909.17,113.65,5,29,402,0.0,2,2,2
CUST104689,Xin Yi Yusof,2024-11-29,Singapore,Budget,55+,2026-06-25,2,277.53,138.76,1,34,607,0.0,2,4,4
CUST104690,Wei Ming Kaur,2026-02-26,Singapore,Mainstream,25-34,2026-05-24,6,324.97,54.16,4,66,153,0.0,3,3,4
CUST104691,Ravi Binte Ismail,2025-07-22,Indonesia,Premium,25-34,2026-07-22,20,2596.08,129.8,5,7,372,0.0,1,1,1
CUST104692,Farhan Yusof,2025-12-19,Singapore,Mainstream,25-34,2026-07-24,10,2199.1,219.91,6,5,222,0.0,1,1,1
CUST104693,Xin Yi Osman,2025-04-28,Singapore,Mainstream,45-54,2026-07-27,10,1563.15,156.32,6,2,457,0.0,1,1,1
CUST104694,Farhan Wong,2025-02-02,Singapore,Mainstream,25-34,2026-04-28,8,1667.76,208.47,3,92,542,1.0,4,2,1
CUST104695,Jia Xin Yusof,2026-04-18,Singapore,Budget,25-34,2026-06-10,6,299.7,49.95,5,49,102,0.0,3,3,4
CUST104696,Farhan Lee,2026-03-15,Singapore,Mainstream,55+,2026-06-11,8,848.34,106.04,5,48,136,0.0,3,2,3
CUST104697,Nur Aisyah Kaur,2026-07-13,Singapore,Budget,35-44,2026-06-02,4,294.19,73.55,3,57,16,0.0,3,3,4
CUST104698,Siti Kaur,2026-07-21,Singapore,Budget,45-54,2026-03-25,3,459.58,153.19,3,126,8,1.0,4,4,4
CUST104699,Suresh Chua,2026-06-22,Singapore,Mainstream,35-44,2026-07-13,10,1543.44,154.34,5,16,37,0.0,1,1,1
CUST104700,Mei Ling Goh,2025-03-01,Thailand,Budget,35-44,2026-06-23,2,96.76,48.38,2,36,515,0.0,2,4,4
CUST104701,Nabila Lee,2024-10-08,Singapore,Mainstream,18-24,2026-06-21,11,2808.28,255.3,6,38,659,0.0,2,1,1
CUST104702,Xin Yi Wong,2025-10-03,Singapore,Mainstream,45-54,2026-05-13,3,764.11,254.7,3,77,299,0.0,3,4,3
CUST104703,Suresh Wong,2024-10-23,Malaysia,Budget,25-34,2026-07-27,7,1552.95,221.85,6,2,644,0.0,1,2,1
CUST104704,Kumar Bin Abdullah,2025-02-12,Singapore,Budget,18-24,2026-07-15,6,1228.13,204.69,5,14,532,0.0,1,3,2
CUST104705,Haziq Rahman,2024-12-17,Indonesia,Mainstream,55+,2026-07-09,13,1403.97,108.0,7,20,589,0.0,2,1,2
CUST104706,Haziq Lim,2025-02-04,Singapore,Mainstream,18-24,2026-07-20,6,596.49,99.42,4,9,540,0.0,1,3,3
CUST104707,Ahmad Lee,2026-03-06,Malaysia,Mainstream,18-24,2026-07-25,7,401.69,57.38,5,4,145,0.0,1,2,4
CUST104708,Farhan Bin Abdullah,2025-07-12,Thailand,Budget,25-34,2026-05-12,4,196.53,49.13,3,78,382,0.0,3,3,4
CUST104709,Hui Ling Wong,2025-07-11,Singapore,Mainstream,45-54,2026-03-07,8,538.9,67.36,6,144,383,1.0,4,2,3
CUST104710,Mei Ling Chua,2025-04-17,Singapore,Budget,55+,2026-07-10,4,356.33,89.08,2,19,468,0.0,2,3,4
CUST104711,Mei Ling Binte Ismail,2024-12-25,Malaysia,Budget,18-24,2026-02-09,2,280.15,140.08,2,170,581,1.0,4,4,4
CUST104712,Kumar Nair,2026-05-08,Thailand,Mainstream,25-34,2026-04-22,10,955.87,95.59,5,98,82,1.0,4,1,2
CUST104713,Farhan Muthu,2025-03-24,Malaysia,Budget,35-44,2026-07-11,5,1089.2,217.84,4,18,492,0.0,2,3,2
CUST104714,Farhan Chong,2024-11-28,Malaysia,Budget,35-44,2026-07-07,3,363.76,121.25,2,22,608,0.0,2,4,4
CUST104715,Hui Ling Bin Abdullah,2026-05-06,Singapore,Budget,25-34,2026-04-29,6,1181.02,196.84,4,91,84,1.0,4,3,2
CUST104716,Suresh Wong,2025-09-30,Malaysia,Mainstream,25-34,2026-04-06,6,930.3,155.05,5,114,302,1.0,4,3,2
CUST104717,Farhan Chong,2024-10-14,Singapore,Premium,35-44,2026-07-14,14,1782.5,127.32,5,15,653,0.0,1,1,1
CUST104718,Hui Ling Kaur,2026-07-12,Malaysia,Premium,18-24,2026-07-20,18,2488.23,138.24,6,9,17,0.0,1,1,1
CUST104719,Priya Bin Abdullah,2026-04-03,Singapore,Budget,45-54,2026-05-15,6,657.64,109.61,6,75,117,0.0,3,3,3
CUST104720,Farhan Lee,2024-12-20,Malaysia,Mainstream,25-34,2026-07-20,7,615.21,87.89,4,9,586,0.0,1,2,3
CUST104721,Nur Aisyah Chong,2026-03-26,Singapore,Mainstream,45-54,2026-07-19,10,730.47,73.05,6,10,125,0.0,1,1,3
CUST104722,Ravi Rahman,2025-03-04,Indonesia,Budget,35-44,2026-05-01,5,857.89,171.58,5,89,512,0.0,4,3,3
CUST104723,Nabila Nair,2024-10-10,Indonesia,Budget,35-44,2026-05-23,5,531.82,106.36,3,67,657,0.0,3,3,3
CUST104724,Xin Yi Lim,2025-07-31,Indonesia,Budget,45-54,2026-07-27,4,636.53,159.13,3,2,363,0.0,1,3,3
CUST104725,Xin Yi Wong,2025-08-10,Thailand,Mainstream,18-24,2026-06-23,8,1028.16,128.52,3,36,353,0.0,2,2,2
CUST104726,Ravi Osman,2025-09-20,Malaysia,Mainstream,25-34,2026-07-26,6,1575.94,262.66,5,3,312,0.0,1,3,1
CUST104727,Kumar Binte Ismail,2025-10-30,Indonesia,Budget,35-44,2026-03-17,4,375.76,93.94,2,134,272,1.0,4,3,4
CUST104728,Hui Ling Nair,2025-10-25,Singapore,Budget,45-54,2026-01-06,4,794.02,198.5,4,204,277,1.0,4,3,3
CUST104729,Xin Yi Lee,2025-06-20,Thailand,Mainstream,45-54,2026-05-06,5,1177.49,235.5,3,84,404,0.0,4,3,2
CUST104730,Nur Aisyah Rahman,2024-10-14,Malaysia,Mainstream,25-34,2026-05-10,7,716.45,102.35,4,80,653,0.0,3,2,3
CUST104731,Farhan Muthu,2024-08-12,Malaysia,Budget,45-54,2025-11-23,3,999.51,333.17,3,248,716,1.0,4,4,2
CUST104732,Arif Wong,2024-11-04,Malaysia,Budget,25-34,2026-06-29,7,1971.64,281.66,6,30,632,0.0,2,2,1
CUST104733,Zhi Hao Binte Ismail,2026-05-03,Indonesia,Premium,18-24,2026-05-30,11,2218.24,201.66,6,60,87,0.0,3,1,1
CUST104734,Suresh Muthu,2025-12-18,Indonesia,Mainstream,25-34,2026-06-19,7,745.87,106.55,4,40,223,0.0,3,2,3
CUST104735,Jia Xin Chua,2025-01-23,Indonesia,Mainstream,45-54,2026-07-13,8,1115.87,139.48,5,16,552,0.0,1,2,2
CUST104736,Xin Yi Yusof,2025-06-26,Malaysia,Mainstream,35-44,2026-06-27,9,641.6,71.29,6,32,398,0.0,2,1,3
CUST104737,Nur Aisyah Tan,2025-11-27,Malaysia,Premium,35-44,2026-05-24,10,1019.18,101.92,5,66,244,0.0,3,1,2
CUST104738,Priya Lim,2025-12-14,Thailand,Budget,35-44,2026-04-13,5,769.05,153.81,2,107,227,1.0,4,3,3
CUST104739,Kumar Nair,2026-05-05,Malaysia,Budget,18-24,2026-06-03,3,334.66,111.55,2,56,85,0.0,3,4,4
CUST104740,Divya Binte Ismail,2025-11-29,Malaysia,Budget,18-24,2026-03-07,4,377.88,94.47,4,144,242,1.0,4,3,4
CUST104741,Wei Ming Binte Ismail,2025-09-24,Malaysia,Mainstream,18-24,2026-05-21,10,759.68,75.97,6,69,308,0.0,3,1,3
CUST104742,Mei Ling Chua,2025-09-29,Malaysia,Budget,18-24,2026-07-10,9,780.07,86.67,4,19,303,0.0,2,1,3
CUST104743,Jia Xin Rahman,2025-06-24,Indonesia,Budget,25-34,2026-06-03,3,169.45,56.48,3,56,400,0.0,3,4,4
CUST104744,Divya Lim,2026-01-11,Malaysia,Budget,25-34,2026-07-09,7,1033.07,147.58,4,20,199,0.0,2,2,2
CUST104745,Siti Tan,2026-03-01,Thailand,Mainstream,45-54,2026-05-14,7,829.67,118.52,3,76,150,0.0,3,2,3
CUST104746,Ahmad Lee,2024-10-20,Thailand,Mainstream,45-54,2026-06-10,3,101.05,33.68,3,49,647,0.0,3,4,4
CUST104747,Divya Nair,2025-10-07,Malaysia,Budget,55+,2026-05-29,8,430.42,53.8,6,61,295,0.0,3,2,4
CUST104748,Jia Xin Muthu,2026-01-25,Singapore,Budget,25-34,2026-07-08,6,461.96,76.99,4,21,185,0.0,2,3,4
CUST104749,Chen Wei Lim,2025-04-21,Malaysia,Mainstream,35-44,2026-04-14,4,290.08,72.52,4,106,464,1.0,4,3,4
CUST104750,Chen Wei Bin Abdullah,2025-06-29,Malaysia,Budget,18-24,2026-07-06,1,176.81,176.81,1,23,395,0.0,2,4,4
CUST104751,Siti Kaur,2025-06-04,Malaysia,Mainstream,25-34,2026-07-28,8,2252.25,281.53,5,1,420,0.0,1,2,1
CUST104752,Wei Ming Wong,2026-02-18,Thailand,Budget,35-44,2026-07-14,5,1020.09,204.02,2,15,161,0.0,1,3,2
CUST104753,Nur Aisyah Kaur,2025-02-17,Singapore,Premium,25-34,2026-07-21,8,2096.37,262.05,4,8,527,0.0,1,2,1
CUST104754,Haziq Muthu,2026-03-11,Singapore,Budget,35-44,2026-07-28,6,624.1,104.02,4,1,140,0.0,1,3,3
CUST104755,Siti Chong,2024-11-26,Thailand,Mainstream,45-54,2026-05-26,5,461.14,92.23,4,64,610,0.0,3,3,4
CUST104756,Mei Ling Lee,2025-09-23,Thailand,Budget,18-24,2025-10-24,3,100.46,33.49,2,278,309,1.0,4,4,4
CUST104757,Zhi Hao Goh,2025-10-04,Malaysia,Budget,55+,2026-07-13,7,1043.02,149.0,6,16,298,0.0,1,2,2
CUST104758,Farhan Tan,2025-10-19,Singapore,Mainstream,18-24,2026-07-14,9,670.57,74.51,5,15,283,0.0,1,1,3
CUST104759,Chen Wei Muthu,2025-09-24,Malaysia,Mainstream,55+,2026-07-24,9,2852.97,317.0,6,5,308,0.0,1,1,1
CUST104760,Priya Kaur,2025-03-31,Malaysia,Mainstream,35-44,2026-04-05,3,550.94,183.65,2,115,485,1.0,4,4,3
CUST104761,Suresh Kaur,2025-08-01,Malaysia,Mainstream,18-24,2026-07-07,8,751.4,93.92,5,22,362,0.0,2,2,3
CUST104762,Mei Ling Muthu,2026-04-28,Singapore,Mainstream,25-34,2026-06-01,8,932.97,116.62,7,58,92,0.0,3,2,2
CUST104763,Haziq Kaur,2025-06-11,Singapore,Premium,25-34,2026-07-26,11,2358.09,214.37,6,3,413,0.0,1,1,1
CUST104764,Nur Aisyah Lee,2026-01-16,Indonesia,Budget,45-54,2026-05-09,3,152.88,50.96,2,81,194,0.0,3,4,4
CUST104765,Aina Rahman,2026-05-11,Malaysia,Premium,25-34,2026-06-30,20,4933.85,246.69,6,29,79,0.0,2,1,1
CUST104766,Ahmad Nair,2024-11-23,Indonesia,Budget,45-54,2026-05-12,7,1158.09,165.44,5,78,613,0.0,3,2,2
CUST104767,Hui Ling Chong,2025-12-13,Malaysia,Budget,25-34,2026-07-20,8,1235.83,154.48,5,9,228,0.0,1,2,2
CUST104768,Ravi Binte Ismail,2025-05-21,Singapore,Mainstream,55+,2026-07-01,11,2631.39,239.22,4,28,434,0.0,2,1,1
CUST104769,Ahmad Yusof,2026-03-26,Malaysia,Budget,25-34,2026-02-28,3,210.45,70.15,2,151,125,1.0,4,4,4
CUST104770,Wei Ming Nair,2025-11-24,Thailand,Budget,35-44,2026-07-25,2,282.72,141.36,2,4,247,0.0,1,4,4
CUST104771,Kumar Wong,2025-10-21,Malaysia,Budget,45-54,2026-06-14,8,1074.36,134.29,4,45,281,0.0,3,2,2
CUST104772,Zhi Hao Tan,2026-04-23,Malaysia,Mainstream,25-34,2026-07-21,4,859.01,214.75,4,8,97,0.0,1,3,3
CUST104773,Wei Ming Lee,2024-08-18,Malaysia,Mainstream,18-24,2026-07-14,10,1057.13,105.71,6,15,710,0.0,1,1,2
CUST104774,Chen Wei Tan,2025-12-14,Thailand,Budget,35-44,2026-02-02,2,229.72,114.86,2,177,227,1.0,4,4,4
CUST104775,Xin Yi Lim,2025-05-30,Malaysia,Budget,35-44,2025-10-09,2,1056.58,528.29,1,293,425,1.0,4,4,2
CUST104776,Mei Ling Lee,2025-06-12,Malaysia,Budget,45-54,2026-06-06,6,2097.26,349.54,4,53,412,0.0,3,3,1
CUST104777,Mei Ling Lim,2025-09-19,Indonesia,Budget,25-34,2026-05-03,3,234.03,78.01,2,87,313,0.0,4,4,4
CUST104778,Xin Yi Rahman,2025-05-28,Singapore,Budget,45-54,2026-07-14,7,859.33,122.76,4,15,427,0.0,1,2,3
CUST104779,Xin Yi Nair,2025-06-11,Malaysia,Budget,55+,2026-07-09,5,544.19,108.84,4,20,413,0.0,2,3,3
CUST104780,Divya Rahman,2026-06-01,Malaysia,Mainstream,45-54,2026-06-22,5,1438.93,287.79,3,37,58,0.0,2,3,1
CUST104781,Aina Goh,2025-03-28,Thailand,Mainstream,18-24,2026-06-08,6,419.57,69.93,5,51,488,0.0,3,3,4
CUST104782,Chen Wei Muthu,2026-05-07,Indonesia,Budget,18-24,2026-04-23,7,605.53,86.5,6,97,83,1.0,4,2,3
CUST104783,Siti Chong,2025-09-15,Singapore,Budget,55+,2026-06-02,8,1598.48,199.81,5,57,317,0.0,3,2,1
CUST104784,Jia Xin Goh,2025-11-05,Indonesia,Budget,35-44,2026-07-24,7,589.0,84.14,4,5,266,0.0,1,2,3
CUST104785,Nabila Muthu,2025-09-06,Indonesia,Budget,35-44,2026-01-04,4,439.55,109.89,3,206,326,1.0,4,3,4
CUST104786,Nur Aisyah Rahman,2026-06-07,Malaysia,Budget,45-54,2026-05-06,3,120.33,40.11,3,84,52,0.0,4,4,4
CUST104787,Ravi Chua,2025-03-04,Singapore,Premium,18-24,2026-07-17,14,1437.04,102.65,6,12,512,0.0,1,1,1
CUST104788,Jia Xin Bin Abdullah,2025-09-27,Singapore,Mainstream,45-54,2026-06-18,6,590.35,98.39,4,41,305,0.0,3,3,3
CUST104789,Arif Yusof,2026-06-15,Malaysia,Mainstream,35-44,2026-07-02,7,1345.98,192.28,6,27,44,0.0,2,2,2
CUST104790,Mei Ling Kaur,2026-07-27,Malaysia,Budget,45-54,2026-04-11,4,1726.14,431.54,2,109,2,1.0,4,3,1
CUST104791,Haziq Tan,2025-06-30,Thailand,Mainstream,45-54,2026-06-11,12,2105.28,175.44,7,48,394,0.0,3,1,1
CUST104792,Xin Yi Rahman,2025-03-30,Singapore,Premium,35-44,2026-06-13,11,787.82,71.62,5,46,486,0.0,3,1,3
CUST104793,Chen Wei Goh,2025-06-25,Malaysia,Budget,18-24,2026-04-26,3,86.11,28.7,3,94,399,1.0,4,4,4
CUST104794,Ahmad Rahman,2025-02-19,Singapore,Mainstream,45-54,2026-02-03,5,439.52,87.9,4,176,525,1.0,4,3,4
CUST104795,Siti Bin Abdullah,2025-01-23,Malaysia,Budget,45-54,2026-01-20,2,267.97,133.99,2,190,552,1.0,4,4,4
CUST104796,Nabila Bin Abdullah,2024-10-31,Singapore,Mainstream,25-34,2026-07-18,9,1703.27,189.25,4,11,636,0.0,1,1,1
CUST104797,Farhan Kaur,2024-08-11,Malaysia,Budget,55+,2026-07-25,4,439.81,109.95,3,4,717,0.0,1,3,4
CUST104798,Aina Osman,2024-10-22,Singapore,Mainstream,25-34,2026-05-25,4,599.65,149.91,4,65,645,0.0,3,3,3
CUST104799,Divya Chua,2024-12-26,Malaysia,Budget,25-34,2026-06-27,4,353.63,88.41,3,32,580,0.0,2,3,4
CUST104800,Divya Lee,2025-09-18,Singapore,Mainstream,55+,2026-05-13,8,835.07,104.38,5,77,314,0.0,3,2,3
CUST104801,Nur Aisyah Binte Ismail,2025-07-27,Indonesia,Mainstream,35-44,2026-07-01,9,805.09,89.45,4,28,367,0.0,2,1,3
CUST104802,Farhan Tan,2025-05-06,Singapore,Mainstream,45-54,2026-04-16,6,568.6,94.77,5,104,449,1.0,4,3,3
CUST104803,Priya Lee,2026-03-28,Malaysia,Mainstream,45-54,2026-07-07,8,549.17,68.65,5,22,123,0.0,2,2,3
CUST104804,Mei Ling Osman,2025-03-22,Malaysia,Budget,35-44,2026-07-08,7,877.36,125.34,6,21,494,0.0,2,2,2
CUST104805,Nabila Yusof,2025-05-26,Singapore,Mainstream,25-34,2026-03-18,8,759.14,94.89,4,133,429,1.0,4,2,3
CUST104806,Hui Ling Lee,2025-07-15,Singapore,Budget,45-54,2026-07-12,10,2259.46,225.95,5,17,379,0.0,2,1,1
CUST104807,Ravi Chong,2024-11-27,Singapore,Mainstream,35-44,2026-07-20,8,472.89,59.11,4,9,609,0.0,1,2,3
CUST104808,Mei Ling Lee,2025-03-15,Malaysia,Budget,35-44,2026-04-22,3,175.41,58.47,3,98,501,1.0,4,4,4
CUST104809,Farhan Chong,2024-09-17,Thailand,Mainstream,35-44,2026-07-03,13,1724.56,132.66,6,26,680,0.0,2,1,1
CUST104810,Nur Aisyah Kaur,2024-08-16,Singapore,Budget,18-24,2026-04-16,5,1672.47,334.49,3,104,712,1.0,4,3,1
CUST104811,Siti Yusof,2024-12-04,Indonesia,Premium,18-24,2026-06-29,16,1355.55,84.72,7,30,602,0.0,2,1,2
CUST104812,Suresh Kaur,2025-12-24,Indonesia,Mainstream,35-44,2026-06-17,10,970.67,97.07,6,42,217,0.0,3,1,2
CUST104813,Jia Xin Goh,2026-03-14,Indonesia,Budget,45-54,2026-07-27,8,839.7,104.96,6,2,137,0.0,1,2,3
CUST104814,Aina Lee,2025-12-23,Malaysia,Mainstream,25-34,2025-10-29,3,427.39,142.46,3,273,218,1.0,4,4,4
CUST104815,Wei Ming Tan,2025-02-24,Thailand,Budget,25-34,2026-07-25,8,910.89,113.86,5,4,520,0.0,1,2,2
CUST104816,Siti Binte Ismail,2024-11-06,Malaysia,Budget,25-34,2026-07-09,9,1337.34,148.59,6,20,630,0.0,2,1,2
CUST104817,Ravi Kaur,2024-10-25,Indonesia,Budget,45-54,2026-01-14,4,837.03,209.26,3,196,642,1.0,4,3,3
CUST104818,Nabila Chong,2025-03-17,Singapore,Mainstream,18-24,2026-05-25,6,1133.86,188.98,5,65,499,0.0,3,3,2
CUST104819,Chen Wei Chong,2025-03-19,Indonesia,Premium,35-44,2026-07-17,19,1804.97,95.0,7,12,497,0.0,1,1,1
CUST104820,Jia Xin Yusof,2024-09-03,Thailand,Premium,35-44,2026-07-10,11,2200.87,200.08,6,19,694,0.0,2,1,1
CUST104821,Farhan Rahman,2025-03-16,Thailand,Budget,25-34,2026-06-16,7,575.34,82.19,5,43,500,0.0,3,2,3
CUST104822,Mei Ling Nair,2026-04-18,Singapore,Budget,35-44,2026-06-22,6,695.49,115.92,3,37,102,0.0,2,3,3
CUST104823,Jia Xin Yusof,2025-07-29,Indonesia,Mainstream,45-54,2026-07-21,10,1973.61,197.36,6,8,365,0.0,1,1,1
CUST104824,Nabila Lee,2025-11-10,Singapore,Budget,25-34,2026-02-17,8,780.4,97.55,5,162,261,1.0,4,2,3
CUST104825,Kumar Lee,2025-04-21,Indonesia,Mainstream,18-24,2026-05-01,7,639.94,91.42,4,89,464,0.0,4,2,3
CUST104826,Haziq Bin Abdullah,2025-04-21,Singapore,Premium,18-24,2026-04-23,12,1040.26,86.69,5,97,464,1.0,4,1,2
CUST104827,Nabila Lee,2025-12-27,Indonesia,Budget,35-44,2026-05-25,3,496.66,165.55,3,65,214,0.0,3,4,3
CUST104828,Haziq Chua,2025-12-23,Malaysia,Budget,45-54,2026-06-02,2,530.12,265.06,2,57,218,0.0,3,4,3
CUST104829,Xin Yi Muthu,2026-05-26,Singapore,Premium,35-44,2026-07-22,18,2091.47,116.19,7,7,64,0.0,1,1,1
CUST104830,Nur Aisyah Chong,2025-12-27,Singapore,Mainstream,55+,2026-07-05,6,1900.67,316.78,3,24,214,0.0,2,3,1
CUST104831,Hui Ling Rahman,2024-12-02,Singapore,Premium,35-44,2026-07-25,10,685.15,68.52,6,4,604,0.0,1,1,3
CUST104832,Wei Ming Yusof,2025-04-07,Malaysia,Mainstream,25-34,2026-07-10,7,1555.23,222.18,5,19,478,0.0,2,2,1
CUST104833,Zhi Hao Chua,2024-09-09,Indonesia,Budget,25-34,2026-06-29,5,741.66,148.33,3,30,688,0.0,2,3,3
CUST104834,Nur Aisyah Rahman,2024-09-21,Indonesia,Mainstream,35-44,2026-07-15,4,698.45,174.61,3,14,676,0.0,1,3,3
CUST104835,Aina Osman,2024-11-11,Indonesia,Mainstream,35-44,2026-07-23,14,2450.57,175.04,6,6,625,0.0,1,1,1
CUST104836,Suresh Lim,2026-03-20,Indonesia,Premium,35-44,2026-06-10,11,712.63,64.78,5,49,131,0.0,3,1,3
CUST104837,Farhan Tan,2025-11-28,Malaysia,Mainstream,35-44,2026-04-23,6,1572.93,262.16,4,97,243,1.0,4,3,1
CUST104838,Haziq Lim,2026-06-18,Malaysia,Mainstream,25-34,2026-07-29,8,2225.14,278.14,5,0,41,0.0,1,2,1
CUST104839,Haziq Bin Abdullah,2026-05-22,Malaysia,Budget,25-34,2026-07-15,5,541.49,108.3,4,14,68,0.0,1,3,3
CUST104840,Wei Ming Muthu,2026-02-11,Singapore,Budget,35-44,2026-07-22,7,1751.8,250.26,5,7,168,0.0,1,2,1
CUST104841,Farhan Lee,2026-01-06,Malaysia,Premium,35-44,2026-07-19,12,2277.81,189.82,7,10,204,0.0,1,1,1
CUST104842,Zhi Hao Rahman,2026-07-18,Indonesia,Premium,45-54,2026-07-27,17,2872.76,168.99,7,2,11,0.0,1,1,1
CUST104843,Aina Lee,2024-11-21,Malaysia,Mainstream,25-34,2026-07-29,15,2410.76,160.72,6,0,615,0.0,1,1,1
CUST104844,Kumar Wong,2025-07-10,Indonesia,Premium,45-54,2026-07-13,15,3199.26,213.28,6,16,384,0.0,1,1,1
CUST104845,Wei Ming Rahman,2025-04-07,Singapore,Budget,25-34,2025-08-19,1,73.32,73.32,1,344,478,1.0,4,4,4
CUST104846,Divya Bin Abdullah,2025-04-08,Indonesia,Mainstream,25-34,2026-06-27,5,740.17,148.03,3,32,477,0.0,2,3,3
CUST104847,Arif Nair,2024-08-23,Singapore,Mainstream,45-54,2026-07-27,8,1014.42,126.8,6,2,705,0.0,1,2,2
CUST104848,Farhan Bin Abdullah,2026-04-13,Thailand,Mainstream,55+,2026-06-28,13,2957.61,227.51,5,31,107,0.0,2,1,1
CUST104849,Ravi Chua,2025-11-21,Singapore,Mainstream,55+,2026-05-12,4,1371.02,342.76,3,78,250,0.0,3,3,2
CUST104850,Wei Ming Binte Ismail,2025-12-16,Malaysia,Mainstream,18-24,2026-07-29,6,1295.06,215.84,5,0,225,0.0,1,3,2
CUST104851,Jia Xin Yusof,2025-06-22,Malaysia,Premium,25-34,2026-07-28,21,4171.06,198.62,7,1,402,0.0,1,1,1
CUST104852,Hui Ling Osman,2025-07-10,Singapore,Budget,45-54,2026-01-03,1,33.5,33.5,1,207,384,1.0,4,4,4
CUST104853,Priya Lim,2024-12-30,Malaysia,Mainstream,45-54,2026-04-11,6,399.8,66.63,4,109,576,1.0,4,3,4
CUST104854,Suresh Lim,2025-06-15,Singapore,Budget,35-44,2026-01-26,4,1091.65,272.91,3,184,409,1.0,4,3,2
CUST104855,Arif Goh,2026-02-09,Malaysia,Budget,18-24,2026-03-27,4,596.33,149.08,3,124,170,1.0,4,3,3
CUST104856,Ahmad Lee,2025-06-12,Thailand,Mainstream,35-44,2026-01-10,5,304.89,60.98,2,200,412,1.0,4,3,4
CUST104857,Aina Nair,2024-08-25,Singapore,Mainstream,18-24,2026-06-27,5,645.79,129.16,5,32,703,0.0,2,3,3
CUST104858,Zhi Hao Tan,2025-06-02,Malaysia,Premium,25-34,2026-07-13,12,1952.36,162.7,6,16,422,0.0,1,1,1
CUST104859,Divya Rahman,2025-05-23,Thailand,Budget,35-44,2026-07-07,6,458.06,76.34,5,22,432,0.0,2,3,4
CUST104860,Haziq Kaur,2026-03-23,Malaysia,Budget,18-24,2026-05-04,4,326.21,81.55,4,86,128,0.0,4,3,4
CUST104861,Arif Muthu,2026-07-24,Indonesia,Mainstream,35-44,2026-06-03,7,1269.88,181.41,5,56,5,0.0,3,2,2
CUST104862,Kumar Rahman,2026-02-27,Malaysia,Premium,35-44,2026-06-21,13,1801.51,138.58,6,38,152,0.0,2,1,1
CUST104863,Chen Wei Chua,2026-07-11,Malaysia,Premium,25-34,2026-07-19,13,2496.45,192.03,7,10,18,0.0,1,1,1
CUST104864,Suresh Nair,2025-09-02,Singapore,Premium,25-34,2026-07-13,10,2077.82,207.78,6,16,330,0.0,1,1,1
CUST104865,Chen Wei Lim,2024-10-23,Singapore,Mainstream,55+,2026-05-09,4,1066.19,266.55,4,81,644,0.0,3,3,2
CUST104866,Divya Rahman,2025-09-06,Malaysia,Premium,35-44,2026-07-22,18,2709.68,150.54,7,7,326,0.0,1,1,1
CUST104867,Jia Xin Binte Ismail,2025-04-14,Indonesia,Budget,45-54,2026-02-08,3,627.71,209.24,3,171,471,1.0,4,4,3
CUST104868,Siti Lee,2024-11-12,Singapore,Premium,25-34,2026-06-14,12,2328.83,194.07,7,45,624,0.0,3,1,1
CUST104869,Chen Wei Nair,2025-01-18,Thailand,Mainstream,35-44,2026-07-27,12,2624.34,218.7,7,2,557,0.0,1,1,1
CUST104870,Priya Lee,2025-04-11,Malaysia,Budget,55+,2026-04-30,4,272.81,68.2,3,90,474,0.0,4,3,4
CUST104871,Ahmad Binte Ismail,2025-01-03,Malaysia,Mainstream,18-24,2026-05-14,5,1034.43,206.89,4,76,572,0.0,3,3,2
CUST104872,Ahmad Yusof,2026-01-06,Thailand,Mainstream,25-34,2026-05-05,7,466.35,66.62,5,85,204,0.0,4,2,3
CUST104873,Siti Chong,2025-09-26,Thailand,Budget,55+,2026-07-05,7,1152.21,164.6,4,24,306,0.0,2,2,2
CUST104874,Ravi Kaur,2025-10-11,Malaysia,Budget,25-34,2025-10-09,2,213.72,106.86,2,293,291,1.0,4,4,4
CUST104875,Kumar Chong,2024-12-24,Singapore,Mainstream,25-34,2026-07-03,8,1141.64,142.7,6,26,582,0.0,2,2,2
CUST104876,Xin Yi Binte Ismail,2025-10-04,Singapore,Premium,55+,2026-05-07,14,2087.91,149.14,5,83,298,0.0,4,1,1
CUST104877,Divya Yusof,2024-09-13,Singapore,Mainstream,18-24,2026-07-21,12,2322.36,193.53,5,8,684,0.0,1,1,1
CUST104878,Priya Wong,2026-03-15,Indonesia,Budget,35-44,2026-07-06,5,1424.28,284.86,4,23,136,0.0,2,3,1
CUST104879,Suresh Wong,2026-03-26,Singapore,Mainstream,45-54,2026-07-18,7,603.86,86.27,6,11,125,0.0,1,2,3
CUST104880,Divya Bin Abdullah,2025-02-22,Indonesia,Budget,45-54,2026-05-23,7,577.77,82.54,5,67,522,0.0,3,2,3
CUST104881,Chen Wei Chong,2025-01-18,Singapore,Budget,25-34,2026-07-23,3,325.12,108.37,2,6,557,0.0,1,4,4
CUST104882,Xin Yi Nair,2025-03-21,Malaysia,Budget,18-24,2026-07-19,6,463.65,77.27,4,10,495,0.0,1,3,3
CUST104883,Jia Xin Wong,2025-12-17,Malaysia,Mainstream,45-54,2026-07-17,15,2323.0,154.87,6,12,224,0.0,1,1,1
CUST104884,Ravi Osman,2026-07-23,Malaysia,Budget,45-54,2026-05-23,6,652.82,108.8,4,67,6,0.0,3,3,3
CUST104885,Arif Osman,2025-12-07,Malaysia,Budget,25-34,,0,0.0,0.0,0,9999,234,,4,4,4
CUST104886,Haziq Lim,2025-08-23,Thailand,Budget,25-34,2026-06-25,3,383.34,127.78,2,34,340,0.0,2,4,4
CUST104887,Arif Yusof,2025-10-01,Thailand,Mainstream,35-44,2026-07-26,7,393.52,56.22,6,3,301,0.0,1,2,4
CUST104888,Haziq Wong,2024-09-24,Indonesia,Budget,18-24,2026-05-19,5,867.84,173.57,4,71,673,0.0,3,3,2
CUST104889,Zhi Hao Goh,2024-11-06,Singapore,Budget,45-54,2026-05-21,6,1161.16,193.53,3,69,630,0.0,3,3,2
CUST104890,Priya Binte Ismail,2025-01-10,Thailand,Mainstream,55+,2026-05-04,8,2213.85,276.73,4,86,565,0.0,4,2,1
CUST104891,Nabila Rahman,2026-07-13,Thailand,Mainstream,25-34,2026-04-27,6,462.24,77.04,3,93,16,1.0,4,3,4
CUST104892,Mei Ling Lee,2026-04-27,Thailand,Mainstream,55+,2026-06-10,9,2488.31,276.48,6,49,93,0.0,3,1,1
CUST104893,Ahmad Rahman,2025-09-16,Malaysia,Mainstream,45-54,2026-06-13,8,1153.75,144.22,6,46,316,0.0,3,2,2
CUST104894,Aina Yusof,2025-05-02,Singapore,Mainstream,35-44,2026-04-30,8,1983.14,247.89,5,90,453,0.0,4,2,1
CUST104895,Siti Kaur,2025-03-20,Indonesia,Mainstream,55+,2026-06-20,6,455.62,75.94,4,39,496,0.0,3,3,4
CUST104896,Hui Ling Binte Ismail,2025-12-25,Malaysia,Mainstream,25-34,2026-03-26,4,420.19,105.05,3,125,216,1.0,4,3,4
CUST104897,Nabila Kaur,2026-05-10,Singapore,Mainstream,55+,2026-06-13,8,1492.06,186.51,4,46,80,0.0,3,2,1
CUST104898,Zhi Hao Muthu,2025-12-02,Malaysia,Budget,18-24,2026-05-04,1,706.28,706.28,1,86,239,0.0,4,4,3
CUST104899,Ravi Chua,2024-12-28,Malaysia,Budget,35-44,2026-03-22,2,157.0,78.5,2,129,578,1.0,4,4,4
CUST104900,Ravi Kaur,2024-08-08,Singapore,Budget,35-44,2026-04-29,4,234.08,58.52,2,91,720,1.0,4,3,4
CUST104901,Zhi Hao Rahman,2024-09-10,Indonesia,Budget,18-24,2026-07-10,4,621.22,155.3,4,19,687,0.0,2,3,3
CUST104902,Suresh Bin Abdullah,2025-05-22,Malaysia,Premium,35-44,2026-07-29,13,1709.17,131.47,6,0,433,0.0,1,1,1
CUST104903,Suresh Muthu,2026-05-24,Malaysia,Budget,35-44,2026-07-11,3,471.24,157.08,3,18,66,0.0,2,4,3
CUST104904,Arif Yusof,2024-08-22,Singapore,Mainstream,25-34,2026-07-04,10,2752.86,275.29,5,25,706,0.0,2,1,1
CUST104905,Nabila Chong,2026-04-09,Thailand,Premium,35-44,2026-06-22,14,1691.38,120.81,6,37,111,0.0,2,1,1
CUST104906,Priya Muthu,2026-01-15,Malaysia,Mainstream,18-24,2026-05-02,7,1686.97,241.0,4,88,195,0.0,4,2,1
CUST104907,Ahmad Lim,2024-08-17,Malaysia,Budget,25-34,2026-07-02,2,140.08,70.04,2,27,711,0.0,2,4,4
CUST104908,Siti Yusof,2025-07-27,Malaysia,Premium,25-34,2026-06-21,12,1583.62,131.97,6,38,367,0.0,2,1,1
CUST104909,Mei Ling Binte Ismail,2026-03-07,Malaysia,Budget,55+,2026-05-16,2,891.12,445.56,2,74,144,0.0,3,4,2
CUST104910,Xin Yi Lim,2025-07-28,Indonesia,Budget,45-54,2026-05-21,7,589.49,84.21,5,69,366,0.0,3,2,3
CUST104911,Siti Lee,2026-06-02,Singapore,Budget,35-44,2026-05-08,2,719.18,359.59,2,82,57,0.0,4,4,3
CUST104912,Wei Ming Wong,2025-12-11,Thailand,Budget,35-44,2026-07-11,6,1110.33,185.05,4,18,230,0.0,2,3,2
CUST104913,Chen Wei Goh,2024-09-02,Singapore,Mainstream,35-44,2026-06-27,5,349.14,69.83,3,32,695,0.0,2,3,4
CUST104914,Suresh Rahman,2025-12-24,Thailand,Budget,25-34,2026-06-30,6,255.24,42.54,3,29,217,0.0,2,3,4
CUST104915,Hui Ling Osman,2024-10-16,Malaysia,Mainstream,18-24,2026-07-08,5,605.47,121.09,4,21,651,0.0,2,3,3
CUST104916,Jia Xin Chua,2025-06-28,Singapore,Budget,35-44,2025-11-17,5,652.76,130.55,3,254,396,1.0,4,3,3
CUST104917,Arif Yusof,2025-04-07,Malaysia,Premium,25-34,2026-06-28,13,1601.71,123.21,6,31,478,0.0,2,1,1
CUST104918,Divya Muthu,2025-03-03,Singapore,Budget,45-54,2026-07-10,2,151.98,75.99,1,19,513,0.0,2,4,4
CUST104919,Arif Lee,2025-06-22,Thailand,Premium,25-34,2026-07-09,14,2103.9,150.28,7,20,402,0.0,2,1,1
CUST104920,Nabila Wong,2026-07-04,Indonesia,Budget,35-44,2026-07-14,8,1751.52,218.94,5,15,25,0.0,1,2,1
CUST104921,Aina Bin Abdullah,2024-09-26,Malaysia,Premium,25-34,2026-07-19,10,1619.66,161.97,5,10,671,0.0,1,1,1
CUST104922,Ravi Rahman,2025-08-17,Malaysia,Mainstream,35-44,2026-07-24,4,277.05,69.26,3,5,346,0.0,1,3,4
CUST104923,Divya Muthu,2025-04-07,Thailand,Mainstream,55+,2026-07-23,8,855.08,106.88,6,6,478,0.0,1,2,3
CUST104924,Aina Kaur,2025-06-20,Indonesia,Budget,25-34,2026-07-06,6,675.26,112.54,5,23,404,0.0,2,3,3
CUST104925,Nur Aisyah Wong,2025-04-05,Malaysia,Mainstream,18-24,2026-04-13,3,147.74,49.25,2,107,480,1.0,4,4,4
CUST104926,Haziq Binte Ismail,2025-11-13,Malaysia,Mainstream,35-44,2026-07-11,6,959.52,159.92,5,18,258,0.0,2,2,2
CUST104927,Aina Kaur,2024-11-21,Singapore,Mainstream,18-24,2026-06-08,6,592.96,98.83,4,51,615,0.0,3,2,3
CUST104928,Priya Yusof,2026-02-16,Indonesia,Mainstream,18-24,2026-05-17,6,873.1,145.52,4,73,163,0.0,3,2,2
CUST104929,Jia Xin Rahman,2025-04-09,Malaysia,Premium,35-44,2026-05-22,10,1267.69,126.77,6,68,476,0.0,3,1,2
CUST104930,Ahmad Chua,2025-06-03,Indonesia,Premium,18-24,2026-07-28,11,2429.76,220.89,5,1,421,0.0,1,1,1
CUST104931,Suresh Nair,2025-07-27,Malaysia,Mainstream,18-24,2026-06-20,4,218.93,54.73,3,39,367,0.0,3,3,4
CUST104932,Aina Chua,2026-07-13,Malaysia,Budget,25-34,2026-07-26,5,690.05,138.01,2,3,16,0.0,1,3,3
CUST104933,Kumar Binte Ismail,2025-10-18,Malaysia,Budget,25-34,2026-05-29,6,697.89,116.32,6,61,284,0.0,3,2,3
CUST104934,Mei Ling Nair,2026-06-25,Indonesia,Mainstream,55+,2026-07-24,7,1889.63,269.95,4,5,34,0.0,1,2,1
CUST104935,Zhi Hao Bin Abdullah,2025-07-27,Malaysia,Premium,25-34,2026-07-28,9,2084.44,231.6,7,1,367,0.0,1,1,1
CUST104936,Xin Yi Wong,2025-03-14,Thailand,Budget,25-34,2026-07-23,4,657.86,164.46,4,6,502,0.0,1,3,3
CUST104937,Suresh Yusof,2025-07-13,Singapore,Budget,35-44,2026-05-11,2,516.79,258.4,2,79,381,0.0,3,4,3
CUST104938,Nabila Nair,2025-01-23,Indonesia,Budget,45-54,2026-02-26,3,494.12,164.71,2,153,552,1.0,4,4,3
CUST104939,Ahmad Bin Abdullah,2025-11-08,Thailand,Budget,25-34,2026-01-13,2,38.8,19.4,2,197,263,1.0,4,4,4
CUST104940,Jia Xin Osman,2025-12-18,Indonesia,Premium,35-44,2026-05-07,14,1806.02,129.0,6,83,223,0.0,4,1,1
CUST104941,Jia Xin Tan,2025-09-05,Singapore,Mainstream,35-44,2026-05-22,9,803.4,89.27,5,68,327,0.0,3,1,3
CUST104942,Siti Chong,2026-02-12,Indonesia,Budget,25-34,2026-04-19,2,138.91,69.46,2,101,167,1.0,4,4,4
CUST104943,Zhi Hao Goh,2024-12-21,Singapore,Budget,18-24,2025-09-23,2,61.44,30.72,2,309,585,1.0,4,4,4
CUST104944,Chen Wei Kaur,2024-12-15,Singapore,Budget,35-44,2025-10-16,1,43.29,43.29,1,286,591,1.0,4,4,4
CUST104945,Divya Osman,2025-09-28,Indonesia,Mainstream,25-34,2026-01-30,4,827.54,206.88,3,180,304,1.0,4,3,3
CUST104946,Wei Ming Chong,2024-12-28,Indonesia,Mainstream,25-34,2026-03-28,7,1680.55,240.08,5,123,578,1.0,4,2,1
CUST104947,Mei Ling Chua,2026-07-11,Singapore,Budget,35-44,2026-02-22,3,356.14,118.71,2,157,18,1.0,4,4,4
CUST104948,Haziq Nair,2026-04-08,Thailand,Budget,25-34,2026-06-12,3,781.54,260.51,2,47,112,0.0,3,4,3
CUST104949,Aina Yusof,2026-01-04,Malaysia,Premium,25-34,2026-07-10,14,1562.08,111.58,6,19,206,0.0,2,1,1
CUST104950,Divya Binte Ismail,2025-10-19,Thailand,Mainstream,25-34,2026-07-11,6,478.27,79.71,3,18,283,0.0,2,2,3
CUST104951,Kumar Chua,2026-02-10,Indonesia,Mainstream,45-54,2026-02-24,6,1068.01,178.0,3,155,169,1.0,4,2,2
CUST104952,Zhi Hao Binte Ismail,2025-07-21,Thailand,Mainstream,45-54,2026-05-28,7,406.29,58.04,4,62,373,0.0,3,2,4
CUST104953,Suresh Goh,2024-12-27,Indonesia,Premium,25-34,2026-07-23,14,932.47,66.6,6,6,579,0.0,1,1,2
CUST104954,Zhi Hao Binte Ismail,2025-08-30,Thailand,Mainstream,25-34,2026-06-21,10,1040.41,104.04,5,38,333,0.0,2,1,2
CUST104955,Chen Wei Binte Ismail,2025-09-05,Malaysia,Premium,55+,2026-07-02,19,2384.82,125.52,7,27,327,0.0,2,1,1
CUST104956,Farhan Osman,2026-06-16,Singapore,Budget,35-44,2026-02-18,3,984.21,328.07,3,161,43,1.0,4,4,2
CUST104957,Ahmad Binte Ismail,2026-01-06,Malaysia,Budget,35-44,2026-06-14,7,976.72,139.53,6,45,204,0.0,3,2,2
CUST104958,Hui Ling Wong,2024-12-17,Indonesia,Budget,18-24,2026-07-18,6,673.22,112.2,5,11,589,0.0,1,2,3
CUST104959,Aina Yusof,2024-12-15,Singapore,Premium,18-24,2026-06-16,12,1493.22,124.44,7,43,591,0.0,3,1,1
CUST104960,Siti Bin Abdullah,2026-05-14,Thailand,Mainstream,25-34,2026-07-29,4,310.46,77.62,3,0,76,0.0,1,3,4
CUST104961,Ravi Bin Abdullah,2026-07-15,Singapore,Budget,45-54,2026-04-09,5,716.55,143.31,4,111,14,1.0,4,3,3
CUST104962,Hui Ling Kaur,2024-11-30,Thailand,Premium,55+,2026-06-17,13,1731.08,133.16,6,42,606,0.0,3,1,1
CUST104963,Divya Binte Ismail,2026-03-24,Malaysia,Premium,25-34,2026-07-10,12,1677.26,139.77,5,19,127,0.0,2,1,1
CUST104964,Siti Binte Ismail,2025-06-05,Indonesia,Budget,35-44,2026-07-18,6,346.25,57.71,3,11,419,0.0,1,2,4
CUST104965,Priya Tan,2024-12-03,Thailand,Mainstream,45-54,2026-06-05,6,315.34,52.56,5,54,603,0.0,3,2,4
CUST104966,Wei Ming Wong,2025-01-01,Malaysia,Mainstream,45-54,2026-05-10,5,454.24,90.85,4,80,574,0.0,3,3,4
CUST104967,Wei Ming Rahman,2025-06-23,Indonesia,Budget,25-34,2026-04-19,4,186.12,46.53,3,101,401,1.0,4,3,4
CUST104968,Divya Tan,2025-10-28,Singapore,Mainstream,25-34,2026-07-06,9,1100.03,122.23,6,23,274,0.0,2,1,2
CUST104969,Zhi Hao Nair,2025-01-11,Indonesia,Budget,55+,2026-05-27,3,263.34,87.78,2,63,564,0.0,3,4,4
CUST104970,Divya Nair,2025-03-09,Indonesia,Premium,25-34,2026-04-19,8,1264.15,158.02,6,101,507,1.0,4,2,2
CUST104971,Haziq Lim,2024-11-25,Singapore,Mainstream,25-34,2026-06-19,5,331.52,66.3,4,40,611,0.0,3,3,4
CUST104972,Nur Aisyah Rahman,2025-07-19,Singapore,Premium,25-34,2026-07-15,13,1221.86,93.99,6,14,375,0.0,1,1,2
CUST104973,Aina Muthu,2024-09-10,Malaysia,Mainstream,35-44,2026-05-13,4,519.05,129.76,4,77,687,0.0,3,3,3
CUST104974,Chen Wei Chong,2025-01-14,Singapore,Budget,18-24,2026-07-16,5,426.8,85.36,4,13,561,0.0,1,3,4
CUST104975,Farhan Lee,2026-06-13,Indonesia,Budget,35-44,,0,0.0,0.0,0,9999,46,,4,4,4
CUST104976,Hui Ling Lee,2025-12-27,Singapore,Mainstream,55+,2026-07-16,14,2241.82,160.13,5,13,214,0.0,1,1,1
CUST104977,Ahmad Binte Ismail,2024-12-23,Thailand,Budget,35-44,2026-03-31,5,253.75,50.75,3,120,583,1.0,4,3,4
CUST104978,Xin Yi Osman,2026-05-06,Thailand,Mainstream,55+,2026-04-23,5,907.04,181.41,5,97,84,1.0,4,3,2
CUST104979,Priya Muthu,2025-02-27,Thailand,Budget,45-54,2026-05-28,6,655.49,109.25,4,62,517,0.0,3,2,3
CUST104980,Arif Muthu,2025-11-23,Malaysia,Budget,45-54,2026-04-20,2,561.67,280.84,2,100,248,1.0,4,4,3
CUST104981,Xin Yi Binte Ismail,2026-02-28,Singapore,Mainstream,35-44,2026-06-29,5,952.98,190.6,4,30,151,0.0,2,3,2
CUST104982,Aina Rahman,2025-06-30,Indonesia,Mainstream,45-54,2026-07-15,8,774.68,96.84,6,14,394,0.0,1,2,3
CUST104983,Xin Yi Bin Abdullah,2024-09-17,Indonesia,Mainstream,35-44,2026-06-14,12,1538.82,128.24,5,45,680,0.0,3,1,1
CUST104984,Siti Rahman,2024-10-12,Thailand,Mainstream,25-34,2026-06-16,8,514.44,64.31,3,43,655,0.0,3,2,3
CUST104985,Nur Aisyah Rahman,2025-10-07,Malaysia,Budget,55+,2025-10-14,1,218.89,218.89,1,288,295,1.0,4,4,4
CUST104986,Zhi Hao Nair,2026-07-27,Singapore,Mainstream,35-44,2026-07-13,6,646.43,107.74,3,16,2,0.0,1,2,3
CUST104987,Divya Bin Abdullah,2024-10-20,Thailand,Mainstream,45-54,2026-04-02,8,1566.95,195.87,5,118,647,1.0,4,2,1
CUST104988,Siti Muthu,2024-10-13,Indonesia,Mainstream,25-34,2026-07-23,6,257.71,42.95,4,6,654,0.0,1,2,4
CUST104989,Kumar Lim,2025-05-14,Singapore,Budget,25-34,2026-03-27,3,318.23,106.08,2,124,441,1.0,4,4,4
CUST104990,Mei Ling Tan,2025-04-27,Indonesia,Mainstream,45-54,2026-07-17,7,1729.61,247.09,4,12,458,0.0,1,2,1
CUST104991,Priya Osman,2025-07-10,Singapore,Budget,35-44,2026-01-27,4,466.18,116.54,3,183,384,1.0,4,3,3
CUST104992,Kumar Yusof,2026-07-20,Malaysia,Mainstream,25-34,2026-06-26,6,1047.75,174.62,5,33,9,0.0,2,2,2
CUST104993,Mei Ling Wong,2026-04-04,Malaysia,Budget,45-54,2026-05-05,3,352.8,117.6,3,85,116,0.0,4,4,4
CUST104994,Aina Chong,2026-04-16,Malaysia,Premium,35-44,2026-07-16,16,998.85,62.43,7,13,104,0.0,1,1,2
CUST104995,Priya Binte Ismail,2024-09-30,Singapore,Mainstream,18-24,2026-03-23,2,1174.08,587.04,1,128,667,1.0,4,4,2
CUST104996,Chen Wei Bin Abdullah,2026-06-23,Singapore,Mainstream,35-44,2026-06-12,7,481.56,68.79,3,47,36,0.0,3,2,3
CUST104997,Nabila Kaur,2025-06-18,Malaysia,Mainstream,18-24,2026-03-20,3,1065.69,355.23,2,131,406,1.0,4,4,2
CUST104998,Nabila Wong,2025-11-07,Singapore,Mainstream,35-44,2026-07-16,7,635.43,90.78,5,13,264,0.0,1,2,3
CUST104999,Divya Nair,2026-07-25,Malaysia,Budget,25-34,2026-07-27,4,292.36,73.09,4,2,4,0.0,1,3,4
CUST105000,Priya Binte Ismail,2024-09-26,Malaysia,Mainstream,25-34,2026-06-25,12,1281.06,106.76,7,34,671,0.0,2,1,2
CUST105001,Ahmad Nair,2026-07-16,Indonesia,Premium,55+,2026-06-30,16,2176.86,136.05,7,29,13,0.0,2,1,1
CUST105002,Kumar Chua,2024-11-12,Indonesia,Budget,18-24,2026-03-28,4,304.74,76.18,4,123,624,1.0,4,3,4
CUST105003,Zhi Hao Bin Abdullah,2025-01-08,Singapore,Budget,45-54,2026-07-15,3,151.34,50.45,2,14,567,0.0,1,4,4
CUST105004,Chen Wei Tan,2024-12-27,Singapore,Mainstream,35-44,2026-03-16,4,486.56,121.64,4,135,579,1.0,4,3,3
CUST105005,Aina Lee,2026-04-02,Indonesia,Budget,25-34,2026-07-27,4,745.32,186.33,3,2,118,0.0,1,3,3
CUST105006,Aina Chua,2024-10-24,Thailand,Mainstream,55+,2026-07-17,7,1315.28,187.9,6,12,643,0.0,1,2,2
CUST105007,Aina Nair,2025-05-18,Thailand,Mainstream,25-34,2026-06-11,7,963.76,137.68,5,48,437,0.0,3,2,2
CUST105008,Haziq Yusof,2025-10-09,Thailand,Mainstream,35-44,2026-07-07,9,1394.72,154.97,6,22,293,0.0,2,1,2
CUST105009,Haziq Lee,2025-03-19,Malaysia,Budget,45-54,2026-06-05,4,117.72,29.43,3,54,497,0.0,3,3,4
CUST105010,Siti Binte Ismail,2025-11-22,Thailand,Budget,45-54,2026-07-28,5,489.39,97.88,4,1,249,0.0,1,3,3
CUST105011,Zhi Hao Kaur,2026-01-07,Malaysia,Premium,25-34,2026-07-28,18,3107.07,172.62,7,1,203,0.0,1,1,1
CUST105012,Hui Ling Binte Ismail,2025-12-31,Indonesia,Budget,45-54,2026-06-25,5,849.38,169.88,4,34,210,0.0,2,3,3
CUST105013,Nabila Yusof,2025-06-09,Thailand,Mainstream,55+,2026-07-07,8,838.55,104.82,6,22,415,0.0,2,2,3
CUST105014,Xin Yi Bin Abdullah,2025-05-17,Indonesia,Budget,35-44,2026-03-01,4,704.26,176.06,3,150,438,1.0,4,3,3
CUST105015,Hui Ling Rahman,2026-02-04,Malaysia,Budget,35-44,2026-07-18,5,1023.22,204.64,4,11,175,0.0,1,3,2
CUST105016,Suresh Kaur,2026-01-31,Malaysia,Mainstream,25-34,2026-06-23,9,881.78,97.98,4,36,179,0.0,2,1,2
CUST105017,Xin Yi Kaur,2024-09-07,Singapore,Budget,25-34,2026-07-05,5,693.13,138.63,5,24,690,0.0,2,3,3
CUST105018,Mei Ling Nair,2025-07-19,Malaysia,Mainstream,25-34,2026-06-14,8,1782.93,222.87,4,45,375,0.0,3,2,1
CUST105019,Nabila Lee,2024-11-09,Indonesia,Mainstream,25-34,2026-06-29,8,1098.38,137.3,5,30,627,0.0,2,2,2
CUST105020,Divya Muthu,2025-11-30,Indonesia,Premium,35-44,2026-06-23,8,1416.79,177.1,4,36,241,0.0,2,2,1
CUST105021,Jia Xin Osman,2025-12-31,Singapore,Premium,25-34,2026-06-16,14,2690.04,192.15,7,43,210,0.0,3,1,1
CUST105022,Ahmad Muthu,2026-01-04,Indonesia,Budget,18-24,2025-12-19,3,106.27,35.42,3,222,206,1.0,4,4,4
CUST105023,Mei Ling Nair,2025-07-08,Malaysia,Budget,25-34,2026-05-26,3,362.13,120.71,2,64,386,0.0,3,4,4
CUST105024,Priya Nair,2025-01-07,Malaysia,Premium,18-24,2026-07-24,17,2530.95,148.88,7,5,568,0.0,1,1,1
CUST105025,Priya Nair,2025-07-29,Malaysia,Budget,35-44,2026-05-19,5,179.61,35.92,5,71,365,0.0,3,3,4
CUST105026,Xin Yi Lee,2025-12-26,Malaysia,Budget,35-44,2026-05-28,6,580.46,96.74,4,62,215,0.0,3,2,3
CUST105027,Farhan Rahman,2024-08-28,Indonesia,Budget,18-24,2026-02-25,3,885.99,295.33,3,154,700,1.0,4,4,2
CUST105028,Ravi Chong,2025-06-07,Indonesia,Mainstream,25-34,2026-07-24,12,1733.21,144.43,7,5,417,0.0,1,1,1
CUST105029,Ahmad Tan,2025-10-15,Indonesia,Budget,18-24,2026-04-08,3,658.19,219.4,3,112,287,1.0,4,4,3
CUST105030,Arif Tan,2026-07-22,Malaysia,Budget,35-44,2026-04-12,1,37.04,37.04,1,108,7,1.0,4,4,4
CUST105031,Suresh Osman,2025-06-14,Indonesia,Mainstream,25-34,2026-07-10,9,715.5,79.5,5,19,410,0.0,2,1,3
CUST105032,Hui Ling Tan,2025-05-02,Singapore,Mainstream,35-44,2026-05-08,12,793.71,66.14,6,82,453,0.0,4,1,3
CUST105033,Xin Yi Kaur,2024-09-20,Malaysia,Budget,35-44,2025-12-31,2,233.44,116.72,1,210,677,1.0,4,4,4
CUST105034,Priya Nair,2026-02-11,Malaysia,Mainstream,25-34,2026-07-05,3,142.28,47.43,3,24,168,0.0,2,4,4
CUST105035,Siti Bin Abdullah,2026-04-02,Indonesia,Mainstream,18-24,2026-07-11,7,1532.0,218.86,5,18,118,0.0,2,2,1
CUST105036,Jia Xin Muthu,2024-07-30,Thailand,Budget,25-34,2026-03-17,3,133.9,44.63,2,134,729,1.0,4,4,4
CUST105037,Xin Yi Bin Abdullah,2025-06-23,Singapore,Budget,25-34,2026-06-28,5,2339.57,467.91,3,31,401,0.0,2,3,1
CUST105038,Divya Muthu,2026-07-10,Indonesia,Budget,25-34,2026-05-06,6,654.0,109.0,3,84,19,0.0,4,2,3
CUST105039,Nabila Chua,2026-05-13,Singapore,Budget,55+,2026-05-22,4,329.54,82.38,3,68,77,0.0,3,3,4
CUST105040,Arif Binte Ismail,2025-08-16,Malaysia,Premium,25-34,2026-05-25,16,1223.76,76.48,5,65,347,0.0,3,1,2
CUST105041,Siti Bin Abdullah,2025-05-05,Indonesia,Budget,25-34,2026-06-27,6,517.61,86.27,4,32,450,0.0,2,2,3
CUST105042,Nur Aisyah Rahman,2026-02-02,Indonesia,Premium,45-54,2026-04-26,13,1945.74,149.67,6,94,177,1.0,4,1,1
CUST105043,Divya Wong,2025-11-05,Thailand,Budget,55+,2026-03-31,10,1207.72,120.77,5,120,266,1.0,4,1,2
CUST105044,Farhan Binte Ismail,2025-02-07,Indonesia,Budget,25-34,2026-03-16,4,155.03,38.76,2,135,537,1.0,4,3,4
CUST105045,Nur Aisyah Goh,2024-08-22,Singapore,Mainstream,35-44,2025-12-30,3,81.71,27.24,2,211,706,1.0,4,4,4
CUST105046,Divya Binte Ismail,2025-08-05,Thailand,Mainstream,18-24,2026-07-24,6,766.07,127.68,4,5,358,0.0,1,2,3
CUST105047,Haziq Osman,2025-09-29,Thailand,Budget,45-54,2026-07-17,7,980.85,140.12,6,12,303,0.0,1,2,2
CUST105048,Nabila Bin Abdullah,2025-11-08,Malaysia,Budget,35-44,2026-07-12,8,1055.27,131.91,5,17,263,0.0,2,2,2
CUST105049,Zhi Hao Goh,2026-04-21,Singapore,Mainstream,35-44,2026-01-20,9,1363.86,151.54,6,190,99,1.0,4,1,2
CUST105050,Haziq Binte Ismail,2026-06-21,Singapore,Budget,25-34,2026-07-15,6,1913.2,318.87,4,14,38,0.0,1,2,1
CUST105051,Suresh Lee,2024-11-28,Indonesia,Mainstream,25-34,2026-06-30,6,631.53,105.26,5,29,608,0.0,2,2,3
CUST105052,Mei Ling Chong,2026-07-02,Thailand,Mainstream,35-44,2026-07-07,8,1939.71,242.46,4,22,27,0.0,2,2,1
CUST105053,Xin Yi Lim,2024-12-07,Indonesia,Budget,18-24,2026-02-17,2,446.92,223.46,2,162,599,1.0,4,4,4
CUST105054,Ahmad Osman,2026-01-30,Malaysia,Mainstream,35-44,2026-07-29,6,743.86,123.98,4,0,180,0.0,1,2,3
CUST105055,Ahmad Rahman,2025-03-09,Singapore,Budget,18-24,2026-06-23,6,421.38,70.23,4,36,507,0.0,2,2,4
CUST105056,Hui Ling Chong,2024-09-03,Malaysia,Premium,45-54,2026-06-17,13,1089.7,83.82,6,42,694,0.0,3,1,2
CUST105057,Ravi Chong,2025-01-29,Malaysia,Premium,25-34,2026-07-10,11,1027.2,93.38,7,19,546,0.0,2,1,2
CUST105058,Nabila Nair,2025-02-12,Singapore,Mainstream,45-54,2026-07-11,5,524.58,104.92,4,18,532,0.0,2,3,3
CUST105059,Ahmad Tan,2026-01-17,Singapore,Premium,35-44,2026-07-25,15,1482.01,98.8,6,4,193,0.0,1,1,1
CUST105060,Divya Bin Abdullah,2025-05-19,Singapore,Mainstream,25-34,2026-07-11,4,588.59,147.15,4,18,436,0.0,2,3,3
CUST105061,Ravi Bin Abdullah,2025-04-17,Singapore,Budget,25-34,2025-11-06,3,1076.32,358.77,2,265,468,1.0,4,4,2
CUST105062,Chen Wei Rahman,2025-09-22,Indonesia,Budget,35-44,2026-07-13,4,603.32,150.83,4,16,310,0.0,1,3,3
CUST105063,Farhan Bin Abdullah,2026-07-02,Malaysia,Budget,25-34,2026-06-07,5,185.42,37.08,4,52,27,0.0,3,3,4
CUST105064,Siti Muthu,2024-10-01,Malaysia,Mainstream,25-34,2026-07-24,10,1086.22,108.62,6,5,666,0.0,1,1,2
CUST105065,Kumar Kaur,2026-03-08,Malaysia,Mainstream,25-34,2026-07-19,7,973.11,139.02,5,10,143,0.0,1,2,2
CUST105066,Nabila Nair,2024-08-18,Thailand,Mainstream,25-34,2026-07-15,6,1036.43,172.74,4,14,710,0.0,1,2,2
CUST105067,Wei Ming Wong,2024-09-17,Indonesia,Mainstream,45-54,2026-07-13,5,1352.64,270.53,4,16,680,0.0,1,3,2
CUST105068,Jia Xin Rahman,2026-07-16,Malaysia,Budget,25-34,2026-07-03,7,1987.98,284.0,4,26,13,0.0,2,2,1
CUST105069,Siti Kaur,2025-02-05,Indonesia,Budget,45-54,2026-06-12,4,336.16,84.04,3,47,539,0.0,3,3,4
CUST105070,Jia Xin Rahman,2025-04-23,Indonesia,Budget,45-54,2026-01-16,5,2024.72,404.94,2,194,462,1.0,4,3,1
CUST105071,Farhan Wong,2026-02-11,Indonesia,Premium,35-44,2026-06-21,11,1515.01,137.73,6,38,168,0.0,2,1,1
CUST105072,Siti Lee,2024-12-13,Malaysia,Budget,18-24,2026-06-03,7,597.85,85.41,4,56,593,0.0,3,2,3
CUST105073,Chen Wei Kaur,2026-05-09,Malaysia,Budget,35-44,2026-07-22,2,840.91,420.46,2,7,81,0.0,1,4,3
CUST105074,Divya Goh,2026-01-29,Malaysia,Budget,45-54,2026-04-01,3,259.62,86.54,3,119,181,1.0,4,4,4
CUST105075,Zhi Hao Binte Ismail,2024-09-05,Malaysia,Premium,25-34,2026-07-11,18,1548.38,86.02,5,18,692,0.0,2,1,1
CUST105076,Jia Xin Kaur,2025-02-02,Singapore,Budget,25-34,2026-02-22,2,126.08,63.04,2,157,542,1.0,4,4,4
CUST105077,Mei Ling Bin Abdullah,2026-05-09,Malaysia,Mainstream,25-34,2026-06-29,10,704.32,70.43,6,30,81,0.0,2,1,3
CUST105078,Arif Wong,2026-04-15,Malaysia,Budget,25-34,2026-03-30,2,1018.67,509.34,2,121,105,1.0,4,4,2
CUST105079,Chen Wei Yusof,2026-01-23,Malaysia,Budget,18-24,,0,0.0,0.0,0,9999,187,,4,4,4
CUST105080,Haziq Bin Abdullah,2026-06-08,Malaysia,Mainstream,25-34,2026-07-10,11,1077.5,97.95,5,19,51,0.0,2,1,2
CUST105081,Farhan Chong,2026-03-18,Singapore,Mainstream,35-44,2026-07-15,9,1835.15,203.91,6,14,133,0.0,1,1,1
CUST105082,Farhan Lee,2025-06-07,Singapore,Mainstream,35-44,2026-06-30,15,1578.01,105.2,6,29,417,0.0,2,1,1
CUST105083,Jia Xin Tan,2026-07-24,Malaysia,Budget,25-34,2026-07-02,3,404.81,134.94,3,27,5,0.0,2,4,4
CUST105084,Suresh Muthu,2026-01-01,Indonesia,Premium,55+,2026-06-22,13,2494.78,191.91,7,37,209,0.0,2,1,1
CUST105085,Hui Ling Lee,2025-12-12,Singapore,Mainstream,25-34,2026-07-22,8,665.14,83.14,4,7,229,0.0,1,2,3
CUST105086,Ahmad Chua,2024-08-20,Singapore,Premium,18-24,2026-06-24,14,4603.79,328.84,6,35,708,0.0,2,1,1
CUST105087,Nabila Lee,2024-08-17,Singapore,Budget,25-34,2026-01-25,3,161.21,53.74,3,185,711,1.0,4,4,4
CUST105088,Ravi Goh,2024-11-19,Malaysia,Budget,25-34,2026-07-07,3,404.51,134.84,2,22,617,0.0,2,4,4
CUST105089,Haziq Rahman,2025-11-22,Singapore,Budget,35-44,2026-04-16,3,623.84,207.95,3,104,249,1.0,4,4,3
CUST105090,Haziq Lee,2025-07-10,Malaysia,Mainstream,18-24,2026-07-09,4,279.83,69.96,4,20,384,0.0,2,3,4
CUST105091,Wei Ming Chua,2025-07-26,Malaysia,Mainstream,45-54,2026-06-11,6,1076.14,179.36,6,48,368,0.0,3,2,2
CUST105092,Haziq Wong,2024-11-09,Thailand,Mainstream,45-54,2026-05-14,11,2885.42,262.31,5,76,627,0.0,3,1,1
CUST105093,Mei Ling Wong,2025-01-31,Indonesia,Budget,25-34,2026-06-18,5,1471.22,294.24,3,41,544,0.0,3,3,1
CUST105094,Arif Goh,2024-10-06,Singapore,Budget,45-54,2026-02-24,4,1352.72,338.18,3,155,661,1.0,4,3,2
CUST105095,Wei Ming Chong,2025-06-22,Malaysia,Budget,35-44,2026-06-20,2,164.93,82.46,1,39,402,0.0,3,4,4
CUST105096,Wei Ming Yusof,2024-09-26,Indonesia,Mainstream,45-54,2026-06-25,8,899.39,112.42,4,34,671,0.0,2,2,2
CUST105097,Chen Wei Nair,2025-02-02,Singapore,Budget,25-34,2026-03-11,3,147.79,49.26,2,140,542,1.0,4,4,4
CUST105098,Zhi Hao Osman,2025-02-05,Thailand,Budget,35-44,2026-06-28,4,441.82,110.46,3,31,539,0.0,2,3,4
CUST105099,Nabila Osman,2025-04-03,Malaysia,Budget,18-24,2026-05-09,3,1151.93,383.98,3,81,482,0.0,3,4,2
CUST105100,Siti Chong,2025-11-26,Singapore,Budget,18-24,2026-05-09,7,916.28,130.9,6,81,245,0.0,3,2,2
CUST105101,Haziq Rahman,2025-05-11,Singapore,Premium,45-54,2026-07-01,11,2663.81,242.16,5,28,444,0.0,2,1,1
CUST105102,Aina Tan,2025-11-11,Thailand,Budget,25-34,2026-02-02,6,2025.72,337.62,3,177,260,1.0,4,2,1
CUST105103,Suresh Nair,2025-04-11,Thailand,Premium,25-34,2026-07-13,7,690.79,98.68,5,16,474,0.0,1,2,3
CUST105104,Ravi Osman,2026-01-25,Thailand,Mainstream,25-34,2026-07-27,8,2232.26,279.03,5,2,185,0.0,1,2,1
CUST105105,Siti Lee,2024-12-23,Singapore,Mainstream,45-54,2026-07-19,12,1628.35,135.7,5,10,583,0.0,1,1,1
CUST105106,Suresh Bin Abdullah,2025-06-07,Indonesia,Mainstream,25-34,2026-07-06,10,1234.93,123.49,5,23,417,0.0,2,1,2
CUST105107,Haziq Rahman,2025-02-26,Singapore,Mainstream,25-34,2026-06-08,5,1482.98,296.6,3,51,518,0.0,3,3,1
CUST105108,Divya Kaur,2026-02-18,Malaysia,Mainstream,35-44,2026-07-04,8,808.94,101.12,5,25,161,0.0,2,2,3
CUST105109,Aina Osman,2024-12-29,Indonesia,Budget,25-34,2026-04-12,1,14.27,14.27,1,108,577,1.0,4,4,4
CUST105110,Priya Bin Abdullah,2024-12-21,Thailand,Premium,25-34,2026-06-17,9,2393.63,265.96,6,42,585,0.0,3,1,1
CUST105111,Farhan Nair,2026-04-14,Malaysia,Budget,35-44,2026-05-29,4,443.76,110.94,4,61,106,0.0,3,3,4
CUST105112,Xin Yi Chua,2025-11-16,Malaysia,Budget,55+,2026-06-05,6,1056.83,176.14,5,54,255,0.0,3,2,2
CUST105113,Priya Goh,2025-03-22,Singapore,Budget,45-54,2026-05-05,3,210.25,70.08,1,85,494,0.0,4,4,4
CUST105114,Hui Ling Lim,2024-10-30,Malaysia,Mainstream,18-24,2026-06-07,7,665.49,95.07,5,52,637,0.0,3,2,3
CUST105115,Wei Ming Muthu,2025-02-06,Singapore,Budget,25-34,2026-07-08,3,160.35,53.45,3,21,538,0.0,2,4,4
CUST105116,Nur Aisyah Nair,2025-08-19,Thailand,Budget,45-54,2026-07-10,6,645.2,107.53,5,19,344,0.0,2,2,3
CUST105117,Haziq Chua,2025-12-23,Singapore,Budget,25-34,2025-11-01,1,160.91,160.91,1,270,218,1.0,4,4,4
CUST105118,Chen Wei Tan,2024-10-03,Indonesia,Budget,35-44,2026-03-13,3,137.61,45.87,3,138,664,1.0,4,4,4
CUST105119,Farhan Kaur,2024-10-29,Singapore,Budget,35-44,2026-06-26,5,492.25,98.45,4,33,638,0.0,2,3,3
CUST105120,Aina Nair,2024-10-13,Malaysia,Premium,45-54,2026-07-11,16,1729.77,108.11,7,18,654,0.0,2,1,1
CUST105121,Divya Rahman,2025-12-19,Singapore,Budget,25-34,2026-04-18,6,796.49,132.75,5,102,222,1.0,4,2,3
CUST105122,Arif Lee,2025-09-14,Malaysia,Premium,55+,2026-07-19,14,730.59,52.18,4,10,318,0.0,1,1,3
CUST105123,Kumar Chong,2026-02-02,Malaysia,Mainstream,25-34,2026-07-26,5,1003.36,200.67,4,3,177,0.0,1,3,2
CUST105124,Xin Yi Chong,2024-09-01,Malaysia,Mainstream,35-44,2026-06-28,9,1075.8,119.53,4,31,696,0.0,2,1,2
CUST105125,Divya Tan,2024-11-04,Thailand,Premium,25-34,2026-06-28,8,623.19,77.9,6,31,632,0.0,2,2,3
CUST105126,Zhi Hao Lee,2026-03-25,Singapore,Budget,35-44,2026-03-17,4,499.51,124.88,2,134,126,1.0,4,3,3
CUST105127,Arif Binte Ismail,2026-01-30,Malaysia,Mainstream,25-34,2026-06-26,13,2903.3,223.33,7,33,180,0.0,2,1,1
CUST105128,Xin Yi Muthu,2025-06-22,Thailand,Budget,18-24,2026-02-23,9,1878.95,208.77,6,156,402,1.0,4,1,1
CUST105129,Ahmad Goh,2025-09-29,Singapore,Budget,25-34,2026-01-31,2,156.29,78.14,2,179,303,1.0,4,4,4
CUST105130,Nur Aisyah Rahman,2025-08-28,Thailand,Budget,25-34,2026-05-11,6,509.23,84.87,4,79,335,0.0,3,2,3
CUST105131,Chen Wei Bin Abdullah,2025-11-03,Thailand,Mainstream,55+,2026-07-20,3,246.54,82.18,3,9,268,0.0,1,4,4
CUST105132,Aina Binte Ismail,2025-03-25,Indonesia,Mainstream,45-54,2026-06-14,8,1721.96,215.24,6,45,491,0.0,3,2,1
CUST105133,Priya Kaur,2024-10-12,Malaysia,Budget,35-44,2026-07-26,1,73.79,73.79,1,3,655,0.0,1,4,4
CUST105134,Jia Xin Muthu,2024-09-28,Indonesia,Mainstream,25-34,2026-06-13,11,1717.35,156.12,6,46,669,0.0,3,1,1
CUST105135,Nabila Kaur,2025-08-31,Malaysia,Budget,25-34,2026-06-05,5,334.17,66.83,3,54,332,0.0,3,3,4
CUST105136,Ahmad Tan,2024-12-02,Malaysia,Budget,25-34,2026-04-02,2,163.42,81.71,2,118,604,1.0,4,4,4
CUST105137,Siti Tan,2025-03-10,Thailand,Budget,25-34,2026-03-02,7,1281.95,183.14,5,149,506,1.0,4,2,2
CUST105138,Suresh Binte Ismail,2026-03-08,Singapore,Mainstream,35-44,2026-06-30,5,514.57,102.91,3,29,143,0.0,2,3,3
CUST105139,Priya Osman,2024-12-27,Indonesia,Mainstream,45-54,2026-07-26,5,993.34,198.67,5,3,579,0.0,1,3,2
CUST105140,Ravi Nair,2025-11-16,Malaysia,Budget,25-34,2026-05-29,2,713.86,356.93,2,61,255,0.0,3,4,3
CUST105141,Wei Ming Chong,2025-04-27,Singapore,Budget,18-24,2026-05-30,7,1601.98,228.85,5,60,458,0.0,3,2,1
CUST105142,Divya Rahman,2025-02-18,Malaysia,Mainstream,18-24,2026-07-14,7,710.83,101.55,5,15,526,0.0,1,2,3
CUST105143,Ravi Muthu,2024-09-09,Indonesia,Mainstream,25-34,2026-03-20,6,1277.85,212.98,4,131,688,1.0,4,2,2
CUST105144,Kumar Rahman,2024-09-05,Malaysia,Budget,18-24,2026-07-20,6,582.04,97.01,4,9,692,0.0,1,2,3
CUST105145,Priya Osman,2024-12-21,Indonesia,Mainstream,25-34,2026-07-12,8,1572.8,196.6,4,17,585,0.0,2,2,1
CUST105146,Hui Ling Muthu,2025-07-25,Malaysia,Mainstream,18-24,2026-07-12,7,996.41,142.34,6,17,369,0.0,2,2,2
CUST105147,Xin Yi Kaur,2025-10-10,Thailand,Mainstream,18-24,2026-07-19,8,1165.01,145.63,4,10,292,0.0,1,2,2
CUST105148,Divya Muthu,2025-09-10,Malaysia,Budget,35-44,2026-05-22,3,811.58,270.53,3,68,322,0.0,3,4,3
CUST105149,Xin Yi Rahman,2024-09-03,Indonesia,Premium,55+,2026-06-19,8,922.51,115.31,4,40,694,0.0,3,2,2
CUST105150,Hui Ling Nair,2026-03-02,Singapore,Mainstream,25-34,2026-01-25,5,648.07,129.61,4,185,149,1.0,4,3,3
CUST105151,Arif Lim,2025-07-12,Malaysia,Budget,25-34,2026-06-02,6,674.75,112.46,4,57,382,0.0,3,2,3
CUST105152,Nabila Kaur,2025-03-20,Thailand,Premium,25-34,2026-07-23,8,1353.42,169.18,6,6,496,0.0,1,2,2
CUST105153,Aina Binte Ismail,2026-07-13,Singapore,Mainstream,45-54,2026-06-28,10,1151.13,115.11,6,31,16,0.0,2,1,2
CUST105154,Arif Tan,2025-04-22,Malaysia,Mainstream,35-44,2026-02-24,4,304.15,76.04,4,155,463,1.0,4,3,4
CUST105155,Jia Xin Tan,2026-01-21,Indonesia,Mainstream,35-44,2026-07-07,6,865.57,144.26,5,22,189,0.0,2,2,2
CUST105156,Farhan Rahman,2026-01-06,Indonesia,Budget,35-44,2026-07-26,5,340.01,68.0,3,3,204,0.0,1,3,4
CUST105157,Ahmad Chong,2025-05-02,Thailand,Mainstream,55+,2026-02-07,1,32.13,32.13,1,172,453,1.0,4,4,4
CUST105158,Priya Lee,2026-07-23,Indonesia,Budget,18-24,2026-07-21,5,800.03,160.01,4,8,6,0.0,1,3,3
CUST105159,Hui Ling Rahman,2026-04-06,Thailand,Premium,25-34,2026-06-12,13,1707.91,131.38,6,47,114,0.0,3,1,1
CUST105160,Nabila Goh,2025-08-31,Malaysia,Budget,25-34,2026-04-02,6,1508.82,251.47,5,118,332,1.0,4,2,1
CUST105161,Mei Ling Goh,2025-05-29,Malaysia,Budget,35-44,2026-04-29,2,74.88,37.44,2,91,426,1.0,4,4,4
CUST105162,Ahmad Lim,2026-05-11,Indonesia,Budget,18-24,2026-02-09,2,30.17,15.08,1,170,79,1.0,4,4,4
CUST105163,Suresh Lee,2025-11-08,Indonesia,Mainstream,45-54,2026-07-28,5,1256.17,251.23,4,1,263,0.0,1,3,2
CUST105164,Zhi Hao Nair,2025-12-17,Singapore,Mainstream,35-44,2026-07-07,8,896.33,112.04,5,22,224,0.0,2,2,2
CUST105165,Priya Chua,2025-07-04,Malaysia,Mainstream,55+,2026-06-22,6,1529.31,254.88,4,37,390,0.0,2,2,1
CUST105166,Ahmad Wong,2025-12-22,Malaysia,Budget,55+,2026-02-13,3,658.01,219.34,3,166,219,1.0,4,4,3
CUST105167,Kumar Chua,2026-07-28,Indonesia,Budget,35-44,2026-05-23,4,605.75,151.44,4,67,1,0.0,3,3,3
CUST105168,Siti Lim,2025-07-08,Malaysia,Mainstream,45-54,2026-05-23,8,878.99,109.87,4,67,386,0.0,3,2,2
CUST105169,Suresh Rahman,2024-11-17,Indonesia,Budget,35-44,2026-06-01,4,832.19,208.05,3,58,619,0.0,3,3,3
CUST105170,Zhi Hao Yusof,2025-05-29,Indonesia,Mainstream,25-34,2026-06-17,12,1188.31,99.03,6,42,426,0.0,3,1,2
CUST105171,Haziq Nair,2025-11-07,Singapore,Premium,35-44,2026-05-31,11,903.56,82.14,5,59,264,0.0,3,1,2
CUST105172,Ravi Osman,2025-08-11,Malaysia,Mainstream,55+,2026-07-04,10,1111.69,111.17,6,25,352,0.0,2,1,2
CUST105173,Chen Wei Tan,2026-04-18,Malaysia,Budget,45-54,2026-07-04,4,399.31,99.83,3,25,102,0.0,2,3,4
CUST105174,Ravi Bin Abdullah,2026-02-07,Singapore,Mainstream,35-44,2026-04-10,6,600.95,100.16,4,110,172,1.0,4,2,3
CUST105175,Suresh Tan,2025-09-13,Malaysia,Premium,25-34,2026-07-03,13,1455.95,112.0,6,26,319,0.0,2,1,1
CUST105176,Siti Bin Abdullah,2025-05-23,Malaysia,Mainstream,45-54,2026-03-20,3,779.46,259.82,3,131,432,1.0,4,4,3
CUST105177,Zhi Hao Tan,2025-08-09,Indonesia,Mainstream,25-34,2026-07-13,9,1247.54,138.62,7,16,354,0.0,1,1,2
CUST105178,Wei Ming Kaur,2024-08-26,Malaysia,Budget,35-44,2025-11-25,3,197.39,65.8,2,246,702,1.0,4,4,4
CUST105179,Nabila Kaur,2025-04-20,Singapore,Mainstream,35-44,2026-07-26,14,1474.58,105.33,6,3,465,0.0,1,1,1
CUST105180,Farhan Nair,2026-07-13,Malaysia,Budget,35-44,2026-02-21,3,248.75,82.92,3,158,16,1.0,4,4,4
CUST105181,Divya Wong,2025-07-12,Indonesia,Mainstream,25-34,2026-04-01,3,131.75,43.92,3,119,382,1.0,4,4,4
CUST105182,Divya Tan,2025-05-30,Malaysia,Premium,35-44,2026-07-14,19,3218.5,169.39,7,15,425,0.0,1,1,1
CUST105183,Siti Yusof,2026-06-28,Singapore,Premium,25-34,2026-07-27,17,2629.44,154.67,6,2,31,0.0,1,1,1
CUST105184,Priya Tan,2025-10-21,Thailand,Budget,25-34,2026-05-27,4,210.64,52.66,3,63,281,0.0,3,3,4
CUST105185,Arif Osman,2024-10-31,Singapore,Mainstream,18-24,2026-07-17,4,387.75,96.94,4,12,636,0.0,1,3,4
CUST105186,Priya Tan,2025-11-11,Singapore,Budget,35-44,2025-11-07,3,232.33,77.44,3,264,260,1.0,4,4,4
CUST105187,Ravi Kaur,2025-08-30,Malaysia,Mainstream,18-24,2026-07-15,11,1006.05,91.46,6,14,333,0.0,1,1,2
CUST105188,Mei Ling Muthu,2026-02-18,Indonesia,Mainstream,25-34,2026-07-29,7,924.24,132.03,4,0,161,0.0,1,2,2
CUST105189,Priya Chong,2026-06-03,Indonesia,Mainstream,45-54,2026-07-04,6,820.64,136.77,3,25,56,0.0,2,2,3
CUST105190,Ravi Nair,2025-12-09,Singapore,Budget,25-34,2026-04-27,4,354.69,88.67,2,93,232,1.0,4,3,4
CUST105191,Siti Yusof,2025-01-11,Indonesia,Mainstream,45-54,2026-07-22,13,934.92,71.92,7,7,564,0.0,1,1,2
CUST105192,Ravi Lim,2024-08-11,Indonesia,Mainstream,35-44,2026-06-30,5,513.23,102.65,4,29,717,0.0,2,3,3
CUST105193,Nur Aisyah Yusof,2025-04-04,Thailand,Mainstream,25-34,2026-05-11,7,1085.97,155.14,6,79,481,0.0,3,2,2
CUST105194,Arif Muthu,2024-11-30,Thailand,Mainstream,45-54,2026-07-11,8,1365.89,170.74,5,18,606,0.0,2,2,2
CUST105195,Arif Goh,2025-04-11,Indonesia,Mainstream,25-34,2026-04-25,4,110.05,27.51,2,95,474,1.0,4,3,4
CUST105196,Aina Lee,2025-04-05,Singapore,Budget,55+,2026-06-01,4,644.81,161.2,4,58,480,0.0,3,3,3
CUST105197,Kumar Wong,2025-09-21,Singapore,Budget,25-34,2026-07-09,6,1281.3,213.55,5,20,311,0.0,2,2,2
CUST105198,Ravi Chua,2026-06-15,Thailand,Mainstream,45-54,2026-07-12,9,817.35,90.82,4,17,44,0.0,2,1,3
CUST105199,Siti Chong,2025-10-03,Malaysia,Mainstream,35-44,2026-06-28,11,1103.77,100.34,6,31,299,0.0,2,1,2
CUST105200,Nabila Binte Ismail,2024-11-05,Malaysia,Budget,45-54,2026-06-02,4,437.71,109.43,3,57,631,0.0,3,3,4
CUST105201,Aina Bin Abdullah,2025-07-03,Thailand,Budget,25-34,2026-04-10,3,1229.93,409.98,2,110,391,1.0,4,4,2
CUST105202,Haziq Bin Abdullah,2025-01-19,Thailand,Premium,35-44,2026-07-26,17,3597.4,211.61,7,3,556,0.0,1,1,1
CUST105203,Kumar Lee,2026-06-23,Indonesia,Premium,18-24,2026-05-30,12,1409.28,117.44,6,60,36,0.0,3,1,2
CUST105204,Jia Xin Bin Abdullah,2026-03-05,Thailand,Mainstream,45-54,2026-05-20,10,2091.52,209.15,7,70,146,0.0,3,1,1
CUST105205,Zhi Hao Tan,2025-12-23,Singapore,Mainstream,25-34,2026-07-15,15,3485.02,232.33,6,14,218,0.0,1,1,1
CUST105206,Nabila Tan,2025-11-09,Indonesia,Premium,25-34,2026-07-03,9,1389.31,154.37,4,26,262,0.0,2,1,2
CUST105207,Priya Muthu,2024-08-07,Thailand,Mainstream,35-44,2026-07-02,5,742.23,148.45,4,27,721,0.0,2,3,3
CUST105208,Nur Aisyah Lim,2025-08-26,Singapore,Budget,35-44,2026-07-12,6,1875.18,312.53,3,17,337,0.0,2,2,1
CUST105209,Ravi Lim,2025-04-02,Singapore,Mainstream,45-54,2026-07-16,8,710.46,88.81,6,13,483,0.0,1,2,3
CUST105210,Suresh Lee,2025-04-15,Indonesia,Premium,35-44,2026-07-02,10,1743.56,174.36,5,27,470,0.0,2,1,1
CUST105211,Suresh Binte Ismail,2025-09-27,Malaysia,Mainstream,18-24,2026-07-02,11,1411.45,128.31,6,27,305,0.0,2,1,1
CUST105212,Arif Goh,2024-08-23,Singapore,Budget,45-54,2026-07-13,13,2196.14,168.93,7,16,705,0.0,1,1,1
CUST105213,Xin Yi Muthu,2026-02-17,Singapore,Premium,25-34,2026-07-06,8,717.78,89.72,5,23,162,0.0,2,2,3
CUST105214,Priya Lee,2026-07-04,Singapore,Mainstream,35-44,2026-07-05,8,2424.45,303.06,4,24,25,0.0,2,2,1
CUST105215,Divya Lee,2025-01-31,Singapore,Budget,25-34,2026-07-24,3,302.0,100.67,3,5,544,0.0,1,4,4
CUST105216,Siti Wong,2025-04-08,Thailand,Premium,25-34,2026-07-17,16,2294.97,143.44,7,12,477,0.0,1,1,1
CUST105217,Zhi Hao Tan,2026-01-20,Indonesia,Mainstream,45-54,2026-07-22,5,971.61,194.32,3,7,190,0.0,1,3,2
CUST105218,Priya Rahman,2024-11-03,Indonesia,Mainstream,55+,2026-07-15,10,1367.89,136.79,7,14,633,0.0,1,1,2
CUST105219,Hui Ling Lim,2026-04-02,Singapore,Premium,55+,2026-07-18,12,3024.83,252.07,5,11,118,0.0,1,1,1
CUST105220,Mei Ling Lim,2026-01-27,Malaysia,Budget,35-44,2026-07-28,6,584.64,97.44,4,1,183,0.0,1,2,3
CUST105221,Priya Chong,2026-04-08,Singapore,Mainstream,18-24,2026-07-19,11,1192.53,108.41,6,10,112,0.0,1,1,2
CUST105222,Suresh Lim,2026-03-16,Thailand,Budget,25-34,2026-04-13,3,391.5,130.5,3,107,135,1.0,4,4,4
CUST105223,Farhan Lim,2025-02-12,Thailand,Premium,25-34,2026-07-05,16,3320.62,207.54,6,24,532,0.0,2,1,1
CUST105224,Farhan Kaur,2025-03-03,Malaysia,Premium,35-44,2026-07-28,13,2099.44,161.5,6,1,513,0.0,1,1,1
CUST105225,Xin Yi Lee,2025-04-16,Thailand,Mainstream,25-34,2026-07-25,7,529.68,75.67,4,4,469,0.0,1,2,3
CUST105226,Chen Wei Bin Abdullah,2024-11-08,Singapore,Mainstream,55+,2026-07-27,8,652.7,81.59,5,2,628,0.0,1,2,3
CUST105227,Hui Ling Tan,2026-06-09,Singapore,Mainstream,25-34,2026-03-13,5,832.82,166.56,5,138,50,1.0,4,3,3
CUST105228,Jia Xin Bin Abdullah,2025-05-03,Indonesia,Budget,18-24,2026-06-15,4,376.94,94.24,3,44,452,0.0,3,3,4
CUST105229,Hui Ling Binte Ismail,2026-05-07,Malaysia,Budget,45-54,2026-07-13,4,276.53,69.13,3,16,83,0.0,1,3,4
CUST105230,Nabila Osman,2024-08-31,Thailand,Budget,25-34,2026-04-17,5,595.25,119.05,3,103,697,1.0,4,3,3
CUST105231,Wei Ming Muthu,2025-04-23,Singapore,Mainstream,18-24,2026-06-11,4,309.09,77.27,4,48,462,0.0,3,3,4
CUST105232,Siti Lee,2025-01-21,Indonesia,Mainstream,35-44,2026-07-01,7,347.29,49.61,4,28,554,0.0,2,2,4
CUST105233,Priya Lee,2025-06-08,Singapore,Mainstream,55+,2026-07-01,7,815.29,116.47,3,28,416,0.0,2,2,3
CUST105234,Xin Yi Yusof,2025-10-22,Singapore,Budget,25-34,2026-01-17,2,233.8,116.9,2,193,280,1.0,4,4,4
CUST105235,Divya Nair,2025-03-16,Malaysia,Mainstream,25-34,2026-07-23,4,1453.73,363.43,2,6,500,0.0,1,3,1
CUST105236,Ravi Bin Abdullah,2024-11-26,Thailand,Mainstream,25-34,2026-04-30,4,650.37,162.59,2,90,610,0.0,4,3,3
CUST105237,Jia Xin Lim,2026-03-22,Malaysia,Premium,35-44,2026-07-17,18,2241.83,124.55,7,12,129,0.0,1,1,1
CUST105238,Ravi Lee,2024-10-31,Malaysia,Premium,25-34,2026-06-11,11,571.06,51.91,5,48,636,0.0,3,1,3
CUST105239,Zhi Hao Chong,2025-02-14,Singapore,Mainstream,35-44,2026-06-20,11,1785.32,162.3,7,39,530,0.0,3,1,1
CUST105240,Kumar Bin Abdullah,2026-05-28,Singapore,Mainstream,35-44,2026-07-25,8,1989.95,248.74,4,4,62,0.0,1,2,1
CUST105241,Nabila Rahman,2024-09-14,Singapore,Budget,55+,2026-06-13,4,483.6,120.9,4,46,683,0.0,3,3,3
CUST105242,Arif Rahman,2026-03-20,Indonesia,Budget,35-44,2025-12-17,3,349.37,116.46,2,224,131,1.0,4,4,4
CUST105243,Chen Wei Binte Ismail,2025-05-17,Singapore,Mainstream,35-44,2026-05-27,12,808.84,67.4,6,63,438,0.0,3,1,3
CUST105244,Nabila Lee,2026-04-26,Singapore,Mainstream,35-44,2026-05-01,9,1016.92,112.99,6,89,94,0.0,4,1,2
CUST105245,Suresh Nair,2026-03-08,Malaysia,Budget,25-34,2026-05-20,6,1929.78,321.63,5,70,143,0.0,3,2,1
CUST105246,Wei Ming Kaur,2025-04-16,Malaysia,Budget,25-34,2026-04-07,5,254.52,50.9,4,113,469,1.0,4,3,4
CUST105247,Farhan Binte Ismail,2025-03-20,Malaysia,Mainstream,35-44,2026-07-24,9,1543.18,171.46,5,5,496,0.0,1,1,1
CUST105248,Ahmad Lim,2025-03-15,Singapore,Budget,25-34,2026-04-21,5,157.98,31.6,3,99,501,1.0,4,3,4
CUST105249,Aina Osman,2025-11-21,Malaysia,Budget,18-24,2026-06-19,5,375.71,75.14,3,40,250,0.0,3,3,4
CUST105250,Hui Ling Kaur,2024-12-08,Indonesia,Mainstream,25-34,2026-06-11,9,617.78,68.64,6,48,598,0.0,3,1,3
CUST105251,Aina Tan,2026-06-24,Singapore,Premium,18-24,2026-06-17,6,340.19,56.7,4,42,35,0.0,3,2,4
CUST105252,Jia Xin Binte Ismail,2024-11-13,Indonesia,Budget,25-34,2026-07-12,5,378.44,75.69,3,17,623,0.0,2,3,4
CUST105253,Wei Ming Osman,2025-12-21,Singapore,Budget,35-44,2026-07-01,2,293.92,146.96,2,28,220,0.0,2,4,4
CUST105254,Farhan Chua,2025-05-02,Thailand,Budget,45-54,2026-06-08,3,321.46,107.15,3,51,453,0.0,3,4,4
CUST105255,Divya Muthu,2024-10-06,Thailand,Budget,25-34,2026-07-09,8,1566.0,195.75,5,20,661,0.0,2,2,1
CUST105256,Nabila Nair,2026-01-24,Singapore,Mainstream,45-54,2026-07-25,9,1796.52,199.61,5,4,186,0.0,1,1,1
CUST105257,Jia Xin Lee,2025-10-02,Malaysia,Budget,18-24,2026-06-24,6,530.54,88.42,4,35,300,0.0,2,2,3
CUST105258,Haziq Lee,2024-12-02,Malaysia,Budget,55+,2026-07-15,1,38.78,38.78,1,14,604,0.0,1,4,4
CUST105259,Ahmad Bin Abdullah,2024-11-05,Indonesia,Premium,35-44,2026-07-22,7,1143.13,163.3,5,7,631,0.0,1,2,2
CUST105260,Nabila Nair,2026-02-08,Malaysia,Mainstream,35-44,2026-05-18,12,1968.37,164.03,5,72,171,0.0,3,1,1
CUST105261,Priya Chong,2025-07-23,Malaysia,Budget,35-44,2026-07-11,8,1242.64,155.33,5,18,371,0.0,2,2,2
CUST105262,Farhan Bin Abdullah,2025-11-28,Singapore,Budget,35-44,2026-06-26,7,1550.56,221.51,3,33,243,0.0,2,2,1
CUST105263,Suresh Muthu,2025-07-17,Singapore,Mainstream,25-34,2026-04-06,5,462.38,92.48,3,114,377,1.0,4,3,3
CUST105264,Haziq Wong,2025-10-26,Indonesia,Mainstream,25-34,2026-07-12,11,2284.66,207.7,6,17,276,0.0,2,1,1
CUST105265,Kumar Tan,2026-07-26,Malaysia,Premium,55+,2026-07-14,8,1278.39,159.8,5,15,3,0.0,1,2,2
CUST105266,Ravi Rahman,2024-09-23,Indonesia,Budget,45-54,2026-01-18,5,473.49,94.7,4,192,674,1.0,4,3,3
CUST105267,Suresh Muthu,2025-04-20,Indonesia,Mainstream,35-44,2026-07-26,8,1054.07,131.76,5,3,465,0.0,1,2,2
CUST105268,Arif Muthu,2025-08-26,Malaysia,Budget,45-54,2026-05-08,4,384.38,96.1,3,82,337,0.0,4,3,4
CUST105269,Arif Kaur,2026-05-12,Malaysia,Budget,18-24,2026-06-28,8,2434.16,304.27,4,31,78,0.0,2,2,1
CUST105270,Mei Ling Goh,2026-06-07,Thailand,Mainstream,35-44,2026-07-07,7,1077.97,154.0,5,22,52,0.0,2,2,2
CUST105271,Aina Muthu,2025-08-14,Indonesia,Mainstream,25-34,2026-07-25,9,1226.66,136.3,5,4,349,0.0,1,1,2
CUST105272,Divya Osman,2025-04-12,Thailand,Budget,25-34,2026-07-15,4,297.33,74.33,3,14,473,0.0,1,3,4
CUST105273,Suresh Osman,2026-01-20,Thailand,Budget,55+,2026-03-23,2,75.87,37.94,2,128,190,1.0,4,4,4
CUST105274,Farhan Wong,2025-02-01,Malaysia,Mainstream,45-54,2026-07-13,12,1655.04,137.92,7,16,543,0.0,1,1,1
CUST105275,Nabila Chua,2025-10-16,Indonesia,Budget,45-54,2026-03-28,9,1713.27,190.36,7,123,286,1.0,4,1,1
CUST105276,Chen Wei Chong,2026-07-21,Indonesia,Budget,35-44,2026-07-08,4,1151.53,287.88,3,21,8,0.0,2,3,2
CUST105277,Chen Wei Yusof,2025-07-02,Singapore,Budget,25-34,2025-10-31,1,223.98,223.98,1,271,392,1.0,4,4,4
CUST105278,Ravi Bin Abdullah,2026-03-19,Malaysia,Budget,45-54,2026-04-13,2,67.13,33.56,1,107,132,1.0,4,4,4
CUST105279,Divya Yusof,2026-07-19,Malaysia,Mainstream,18-24,2026-07-09,5,564.08,112.82,4,20,10,0.0,2,3,3
CUST105280,Xin Yi Goh,2026-04-26,Malaysia,Budget,45-54,2025-11-18,4,471.15,117.79,2,253,94,1.0,4,3,3
CUST105281,Priya Rahman,2026-01-03,Singapore,Mainstream,18-24,2026-07-25,9,812.03,90.23,5,4,207,0.0,1,1,3
CUST105282,Nabila Goh,2025-07-19,Indonesia,Mainstream,45-54,2026-05-23,4,1091.03,272.76,3,67,375,0.0,3,3,2
CUST105283,Nur Aisyah Wong,2024-08-06,Indonesia,Budget,35-44,2025-08-27,1,62.45,62.45,1,336,722,1.0,4,4,4
CUST105284,Chen Wei Bin Abdullah,2026-02-20,Malaysia,Mainstream,18-24,2026-07-13,3,510.32,170.11,3,16,159,0.0,1,4,3
CUST105285,Xin Yi Lim,2026-06-18,Singapore,Budget,18-24,2026-07-21,3,857.3,285.77,3,8,41,0.0,1,4,3
CUST105286,Nur Aisyah Chua,2026-03-12,Malaysia,Mainstream,25-34,2026-07-26,6,365.99,61.0,3,3,139,0.0,1,2,4
CUST105287,Zhi Hao Chong,2025-12-08,Singapore,Mainstream,25-34,2026-07-25,8,689.48,86.18,5,4,233,0.0,1,2,3
CUST105288,Suresh Rahman,2026-03-02,Singapore,Mainstream,45-54,2026-06-05,7,1074.88,153.55,6,54,149,0.0,3,2,2
CUST105289,Ahmad Nair,2025-12-07,Malaysia,Budget,25-34,2026-06-04,5,362.32,72.46,4,55,234,0.0,3,3,4
CUST105290,Ravi Rahman,2024-08-21,Thailand,Mainstream,25-34,2026-07-20,7,1338.85,191.26,6,9,707,0.0,1,2,2
CUST105291,Zhi Hao Lee,2025-10-26,Malaysia,Mainstream,25-34,2026-07-11,7,505.6,72.23,4,18,276,0.0,2,2,3
CUST105292,Ahmad Osman,2025-04-22,Malaysia,Budget,18-24,2026-05-16,6,806.32,134.39,5,74,463,0.0,3,2,3
CUST105293,Jia Xin Yusof,2025-03-17,Thailand,Budget,25-34,2026-04-12,5,417.05,83.41,4,108,499,1.0,4,3,4
CUST105294,Chen Wei Chua,2026-04-25,Malaysia,Budget,45-54,2026-07-17,7,835.99,119.43,5,12,95,0.0,1,2,3
CUST105295,Nabila Chong,2026-01-30,Thailand,Budget,35-44,2026-07-11,4,1181.2,295.3,3,18,180,0.0,2,3,2
CUST105296,Kumar Goh,2025-09-29,Singapore,Budget,55+,2026-03-15,4,175.66,43.92,4,136,303,1.0,4,3,4
CUST105297,Zhi Hao Binte Ismail,2025-08-28,Malaysia,Premium,25-34,2026-06-28,9,1327.61,147.51,4,31,335,0.0,2,1,2
CUST105298,Priya Binte Ismail,2026-07-20,Singapore,Premium,25-34,2026-07-07,9,705.9,78.43,4,22,9,0.0,2,1,3
CUST105299,Haziq Lim,2025-04-15,Malaysia,Budget,18-24,2026-06-24,5,393.14,78.63,4,35,470,0.0,2,3,4
CUST105300,Ravi Chong,2025-12-22,Thailand,Premium,35-44,2026-06-28,15,2559.78,170.65,7,31,219,0.0,2,1,1
CUST105301,Hui Ling Nair,2025-12-06,Indonesia,Mainstream,18-24,2026-07-01,12,860.11,71.68,5,28,235,0.0,2,1,2
CUST105302,Xin Yi Yusof,2025-05-15,Malaysia,Mainstream,18-24,2026-07-23,12,1749.36,145.78,6,6,440,0.0,1,1,1
CUST105303,Ahmad Wong,2024-09-05,Singapore,Premium,35-44,2026-07-23,10,2194.77,219.48,5,6,692,0.0,1,1,1
CUST105304,Nur Aisyah Tan,2024-11-05,Thailand,Mainstream,25-34,2026-06-23,7,2317.1,331.01,3,36,631,0.0,2,2,1
CUST105305,Jia Xin Nair,2024-08-13,Malaysia,Mainstream,35-44,2026-07-16,8,1531.77,191.47,5,13,715,0.0,1,2,1
CUST105306,Wei Ming Goh,2025-10-01,Singapore,Budget,35-44,2026-02-05,3,394.04,131.35,3,174,301,1.0,4,4,4
CUST105307,Divya Rahman,2026-05-03,Thailand,Budget,35-44,2026-04-19,5,364.77,72.95,3,101,87,1.0,4,3,4
CUST105308,Nabila Bin Abdullah,2026-02-22,Malaysia,Premium,25-34,2026-07-25,15,1657.56,110.5,7,4,157,0.0,1,1,1
CUST105309,Nabila Rahman,2025-11-21,Malaysia,Budget,35-44,2026-07-03,6,601.27,100.21,4,26,250,0.0,2,2,3
CUST105310,Jia Xin Lee,2025-12-22,Singapore,Budget,25-34,2026-05-08,4,981.92,245.48,4,82,219,0.0,4,3,2
CUST105311,Nabila Binte Ismail,2026-02-28,Singapore,Budget,18-24,2026-07-26,6,598.57,99.76,4,3,151,0.0,1,2,3
CUST105312,Nabila Wong,2026-04-10,Indonesia,Mainstream,25-34,2026-04-22,8,822.33,102.79,5,98,110,1.0,4,2,3
CUST105313,Kumar Nair,2026-03-15,Malaysia,Budget,18-24,2026-06-25,7,772.11,110.3,5,34,136,0.0,2,2,3
CUST105314,Aina Wong,2025-04-05,Thailand,Premium,25-34,2026-05-29,8,1416.78,177.1,7,61,480,0.0,3,2,1
CUST105315,Arif Wong,2025-08-05,Singapore,Budget,35-44,2026-06-15,5,624.36,124.87,4,44,358,0.0,3,3,3
CUST105316,Ahmad Tan,2026-07-02,Malaysia,Premium,45-54,2026-07-23,10,1573.04,157.3,5,6,27,0.0,1,1,1
CUST105317,Hui Ling Muthu,2025-06-13,Indonesia,Mainstream,25-34,2026-05-03,6,383.85,63.98,4,87,411,0.0,4,2,4
CUST105318,Wei Ming Lee,2024-11-22,Malaysia,Mainstream,18-24,2026-07-14,6,533.65,88.94,5,15,614,0.0,1,2,3
CUST105319,Xin Yi Rahman,2025-09-22,Malaysia,Budget,25-34,2026-05-28,7,817.73,116.82,6,62,310,0.0,3,2,3
CUST105320,Mei Ling Lim,2025-12-09,Malaysia,Budget,55+,2026-01-21,2,861.52,430.76,2,189,232,1.0,4,4,2
CUST105321,Xin Yi Nair,2026-01-12,Indonesia,Premium,25-34,2026-05-09,8,1629.32,203.66,5,81,198,0.0,3,2,1
CUST105322,Suresh Osman,2025-10-26,Thailand,Mainstream,25-34,2026-07-22,7,1212.91,173.27,6,7,276,0.0,1,2,2
CUST105323,Jia Xin Tan,2026-01-07,Singapore,Budget,18-24,2026-06-26,6,715.91,119.32,3,33,203,0.0,2,2,3
CUST105324,Priya Bin Abdullah,2024-09-23,Malaysia,Premium,45-54,2026-07-26,14,1911.92,136.57,7,3,674,0.0,1,1,1
CUST105325,Ahmad Bin Abdullah,2024-08-04,Malaysia,Mainstream,25-34,2026-07-24,6,762.67,127.11,3,5,724,0.0,1,2,3
CUST105326,Chen Wei Nair,2025-11-21,Singapore,Budget,18-24,2026-06-02,2,119.46,59.73,2,57,250,0.0,3,4,4
CUST105327,Kumar Muthu,2024-09-23,Singapore,Mainstream,35-44,2026-04-30,5,300.05,60.01,3,90,674,0.0,4,3,4
CUST105328,Xin Yi Lee,2024-11-13,Thailand,Mainstream,35-44,2026-07-02,6,875.83,145.97,4,27,623,0.0,2,2,2
CUST105329,Arif Wong,2026-06-04,Singapore,Mainstream,35-44,2026-06-14,13,2797.32,215.18,5,45,55,0.0,3,1,1
CUST105330,Divya Chua,2025-08-05,Singapore,Budget,55+,2026-07-05,2,224.15,112.08,2,24,358,0.0,2,4,4
CUST105331,Kumar Chua,2025-04-06,Malaysia,Budget,45-54,2026-07-06,5,1059.74,211.95,5,23,479,0.0,2,3,2
CUST105332,Kumar Binte Ismail,2025-09-24,Singapore,Budget,35-44,2026-06-20,2,251.16,125.58,2,39,308,0.0,3,4,4
CUST105333,Farhan Bin Abdullah,2025-08-30,Singapore,Budget,55+,2026-03-28,4,480.68,120.17,4,123,333,1.0,4,3,3
CUST105334,Farhan Wong,2025-08-03,Singapore,Budget,45-54,2026-07-17,5,508.24,101.65,5,12,360,0.0,1,3,3
CUST105335,Kumar Chua,2025-03-14,Singapore,Mainstream,25-34,2026-07-11,13,1416.79,108.98,6,18,502,0.0,2,1,1
CUST105336,Priya Yusof,2025-12-27,Malaysia,Mainstream,45-54,2026-07-10,3,247.26,82.42,3,19,214,0.0,2,4,4
CUST105337,Ravi Nair,2025-05-20,Indonesia,Budget,35-44,2026-05-01,4,1722.3,430.58,3,89,435,0.0,4,3,1
CUST105338,Kumar Osman,2026-02-02,Singapore,Mainstream,35-44,2026-06-03,12,1305.09,108.76,6,56,177,0.0,3,1,2
CUST105339,Siti Rahman,2024-10-18,Malaysia,Budget,35-44,2026-02-21,1,81.8,81.8,1,158,649,1.0,4,4,4
CUST105340,Suresh Wong,2026-05-29,Malaysia,Budget,45-54,2026-06-10,6,970.6,161.77,5,49,61,0.0,3,2,2
CUST105341,Aina Tan,2026-06-11,Singapore,Mainstream,55+,2026-02-16,6,1101.98,183.66,4,163,48,1.0,4,2,2
CUST105342,Zhi Hao Muthu,2026-07-02,Malaysia,Premium,25-34,2026-06-30,7,1469.81,209.97,3,29,27,0.0,2,2,1
CUST105343,Ravi Chong,2025-11-16,Malaysia,Budget,35-44,2026-06-26,4,301.55,75.39,3,33,255,0.0,2,3,4
CUST105344,Haziq Rahman,2025-05-13,Singapore,Premium,35-44,2026-07-28,9,834.8,92.76,3,1,442,0.0,1,1,3
CUST105345,Jia Xin Lim,2024-08-09,Malaysia,Premium,45-54,2026-07-17,17,1337.99,78.71,6,12,719,0.0,1,1,2
CUST105346,Aina Yusof,2025-09-01,Singapore,Mainstream,25-34,2026-07-02,8,683.64,85.46,4,27,331,0.0,2,2,3
CUST105347,Xin Yi Chua,2026-03-18,Thailand,Premium,25-34,2026-07-02,9,1134.44,126.05,6,27,133,0.0,2,1,2
CUST105348,Arif Nair,2025-11-03,Thailand,Budget,25-34,2026-07-19,4,1162.35,290.59,3,10,268,0.0,1,3,2
CUST105349,Xin Yi Binte Ismail,2026-04-28,Thailand,Budget,18-24,,0,0.0,0.0,0,9999,92,,4,4,4
CUST105350,Mei Ling Muthu,2025-08-19,Singapore,Mainstream,18-24,2026-07-02,5,264.21,52.84,4,27,344,0.0,2,3,4
CUST105351,Farhan Chua,2025-02-12,Indonesia,Mainstream,25-34,2026-05-22,6,1239.44,206.57,5,68,532,0.0,3,2,2
CUST105352,Ahmad Nair,2026-07-04,Malaysia,Budget,18-24,2026-01-05,5,352.5,70.5,4,205,25,1.0,4,3,4
CUST105353,Zhi Hao Nair,2025-01-08,Singapore,Budget,45-54,2026-06-23,12,1116.52,93.04,5,36,567,0.0,2,1,2
CUST105354,Xin Yi Muthu,2026-02-13,Thailand,Budget,25-34,2026-06-19,7,1645.99,235.14,6,40,166,0.0,3,2,1
CUST105355,Kumar Muthu,2025-03-26,Indonesia,Budget,25-34,2026-06-06,6,386.22,64.37,4,53,490,0.0,3,2,4
CUST105356,Zhi Hao Chong,2024-12-11,Singapore,Budget,45-54,2026-06-27,8,2521.81,315.23,5,32,595,0.0,2,2,1
CUST105357,Priya Lee,2025-01-09,Thailand,Premium,25-34,2026-05-16,12,2041.85,170.15,6,74,566,0.0,3,1,1
CUST105358,Aina Wong,2025-03-27,Singapore,Budget,35-44,2026-07-29,2,838.09,419.04,2,0,489,0.0,1,4,3
CUST105359,Kumar Osman,2025-03-10,Malaysia,Mainstream,45-54,2026-05-02,8,1369.54,171.19,4,88,506,0.0,4,2,2
CUST105360,Farhan Nair,2026-03-15,Singapore,Budget,25-34,2026-02-19,2,1167.36,583.68,2,160,136,1.0,4,4,2
CUST105361,Wei Ming Lim,2026-04-21,Singapore,Budget,35-44,2026-05-15,4,794.09,198.52,2,75,99,0.0,3,3,3
CUST105362,Haziq Bin Abdullah,2025-10-24,Thailand,Premium,25-34,2026-07-10,17,3682.91,216.64,7,19,278,0.0,2,1,1
CUST105363,Xin Yi Muthu,2025-05-11,Malaysia,Budget,25-34,2026-01-09,1,30.41,30.41,1,201,444,1.0,4,4,4
CUST105364,Mei Ling Muthu,2025-05-04,Singapore,Budget,35-44,2026-04-22,4,287.92,71.98,2,98,451,1.0,4,3,4
CUST105365,Farhan Goh,2025-01-08,Indonesia,Mainstream,25-34,2026-05-25,5,1274.58,254.92,4,65,567,0.0,3,3,2
CUST105366,Siti Lee,2025-12-16,Thailand,Budget,25-34,2025-12-27,5,1959.08,391.82,2,214,225,1.0,4,3,1
CUST105367,Jia Xin Chua,2024-11-05,Thailand,Budget,35-44,2026-07-28,6,363.38,60.56,3,1,631,0.0,1,2,4
CUST105368,Wei Ming Osman,2025-09-05,Thailand,Premium,18-24,2026-05-25,24,3339.11,139.13,7,65,327,0.0,3,1,1
CUST105369,Wei Ming Rahman,2026-01-31,Thailand,Budget,25-34,2026-03-30,5,1646.84,329.37,3,121,179,1.0,4,3,1
CUST105370,Divya Bin Abdullah,2025-02-08,Malaysia,Mainstream,35-44,2026-06-19,9,1035.78,115.09,4,40,536,0.0,3,1,2
CUST105371,Mei Ling Goh,2026-04-27,Singapore,Budget,18-24,2026-03-14,1,407.35,407.35,1,137,93,1.0,4,4,4
CUST105372,Haziq Tan,2025-10-07,Thailand,Budget,35-44,2026-07-01,5,1149.52,229.9,5,28,295,0.0,2,3,2
CUST105373,Divya Chong,2025-01-05,Singapore,Mainstream,45-54,2026-07-22,10,1143.74,114.37,6,7,570,0.0,1,1,2
CUST105374,Hui Ling Nair,2025-01-13,Singapore,Mainstream,45-54,2026-06-11,9,1701.46,189.05,6,48,562,0.0,3,1,1
CUST105375,Ahmad Yusof,2026-01-23,Malaysia,Budget,25-34,2026-05-16,6,499.78,83.3,4,74,187,0.0,3,2,3
CUST105376,Kumar Binte Ismail,2026-03-30,Singapore,Premium,25-34,2026-05-01,12,1069.3,89.11,5,89,121,0.0,4,1,2
CUST105377,Ravi Yusof,2026-07-06,Malaysia,Mainstream,35-44,2026-07-08,9,940.97,104.55,6,21,23,0.0,2,1,2
CUST105378,Nur Aisyah Binte Ismail,2026-05-25,Thailand,Mainstream,35-44,2026-06-09,9,775.51,86.17,5,50,65,0.0,3,1,3
CUST105379,Divya Osman,2024-12-04,Malaysia,Mainstream,55+,2026-01-21,3,214.15,71.38,3,189,602,1.0,4,4,4
CUST105380,Siti Binte Ismail,2025-01-03,Malaysia,Mainstream,35-44,2026-07-05,7,823.01,117.57,5,24,572,0.0,2,2,3
CUST105381,Haziq Yusof,2025-07-25,Malaysia,Mainstream,25-34,2026-06-27,8,1488.42,186.05,5,32,369,0.0,2,2,1
CUST105382,Chen Wei Chua,2025-06-08,Indonesia,Budget,25-34,2026-01-28,3,371.89,123.96,3,182,416,1.0,4,4,4
CUST105383,Nabila Bin Abdullah,2025-12-03,Singapore,Premium,55+,2026-07-01,14,1023.32,73.09,6,28,238,0.0,2,1,2
CUST105384,Kumar Binte Ismail,2026-03-11,Singapore,Mainstream,35-44,2026-07-14,10,1043.96,104.4,6,15,140,0.0,1,1,2
CUST105385,Hui Ling Chua,2026-07-21,Malaysia,Premium,45-54,2026-06-09,13,3802.4,292.49,5,50,8,0.0,3,1,1
CUST105386,Aina Lim,2025-03-26,Malaysia,Premium,35-44,2026-05-22,15,2469.88,164.66,6,68,490,0.0,3,1,1
CUST105387,Nur Aisyah Bin Abdullah,2026-07-04,Malaysia,Budget,55+,2026-07-24,6,679.33,113.22,5,5,25,0.0,1,2,3
CUST105388,Farhan Lee,2026-05-14,Singapore,Budget,35-44,2026-06-11,4,181.23,45.31,3,48,76,0.0,3,3,4
CUST105389,Kumar Muthu,2024-12-28,Singapore,Mainstream,55+,2026-05-20,6,400.3,66.72,4,70,578,0.0,3,2,4
CUST105390,Siti Chong,2025-05-30,Indonesia,Mainstream,45-54,2026-06-21,9,954.7,106.08,4,38,425,0.0,2,1,2
CUST105391,Farhan Wong,2025-08-06,Malaysia,Mainstream,45-54,2026-07-04,9,710.08,78.9,4,25,357,0.0,2,1,3
CUST105392,Haziq Goh,2026-02-20,Malaysia,Budget,55+,2026-07-18,7,886.16,126.59,5,11,159,0.0,1,2,2
CUST105393,Wei Ming Lee,2026-04-11,Thailand,Mainstream,35-44,2026-07-15,8,731.73,91.47,5,14,109,0.0,1,2,3
CUST105394,Arif Lee,2025-08-23,Indonesia,Premium,35-44,2026-07-25,12,1253.66,104.47,6,4,340,0.0,1,1,2
CUST105395,Zhi Hao Lee,2025-11-10,Singapore,Premium,35-44,2026-07-19,18,2368.06,131.56,7,10,261,0.0,1,1,1
CUST105396,Priya Rahman,2025-07-05,Indonesia,Budget,45-54,2026-02-21,3,116.3,38.77,3,158,389,1.0,4,4,4
CUST105397,Kumar Rahman,2026-03-31,Singapore,Premium,45-54,2026-07-09,12,1519.53,126.63,5,20,120,0.0,2,1,1
CUST105398,Jia Xin Yusof,2026-02-11,Singapore,Budget,45-54,2026-07-22,5,546.38,109.28,3,7,168,0.0,1,3,3
CUST105399,Hui Ling Tan,2026-05-08,Indonesia,Mainstream,25-34,2026-04-25,6,618.97,103.16,4,95,82,1.0,4,2,3
CUST105400,Ahmad Yusof,2025-09-23,Singapore,Budget,45-54,2026-06-30,5,425.78,85.16,4,29,309,0.0,2,3,4
CUST105401,Kumar Binte Ismail,2026-01-09,Singapore,Mainstream,45-54,2026-07-10,7,622.94,88.99,5,19,201,0.0,2,2,3
CUST105402,Zhi Hao Wong,2026-02-16,Thailand,Budget,35-44,2026-03-16,4,269.1,67.28,4,135,163,1.0,4,3,4
CUST105403,Ravi Bin Abdullah,2025-06-23,Indonesia,Budget,25-34,2026-04-10,4,535.63,133.91,3,110,401,1.0,4,3,3
CUST105404,Arif Chong,2025-07-31,Thailand,Budget,45-54,2026-06-03,2,398.91,199.46,2,56,363,0.0,3,4,4
CUST105405,Jia Xin Yusof,2026-02-26,Thailand,Premium,45-54,2026-06-21,5,694.01,138.8,4,38,153,0.0,2,3,3
CUST105406,Ahmad Wong,2025-03-06,Singapore,Mainstream,25-34,2025-12-13,2,651.99,326.0,2,228,510,1.0,4,4,3
CUST105407,Nur Aisyah Bin Abdullah,2025-11-21,Malaysia,Mainstream,35-44,2026-07-02,11,985.48,89.59,6,27,250,0.0,2,1,2
CUST105408,Xin Yi Binte Ismail,2025-11-22,Malaysia,Mainstream,35-44,2026-07-02,9,1288.15,143.13,4,27,249,0.0,2,1,2
CUST105409,Ahmad Osman,2025-08-15,Indonesia,Budget,35-44,2026-04-16,6,1172.24,195.37,6,104,348,1.0,4,2,2
CUST105410,Suresh Rahman,2026-04-19,Singapore,Budget,25-34,2026-03-31,7,847.39,121.06,4,120,101,1.0,4,2,3
CUST105411,Arif Chua,2025-09-26,Singapore,Budget,25-34,2026-02-15,4,274.58,68.65,3,164,306,1.0,4,3,4
CUST105412,Aina Rahman,2025-05-30,Singapore,Mainstream,45-54,2026-07-09,6,1379.06,229.84,4,20,425,0.0,2,2,2
CUST105413,Divya Bin Abdullah,2026-04-27,Indonesia,Premium,55+,2026-07-04,10,1548.88,154.89,5,25,93,0.0,2,1,1
CUST105414,Ravi Yusof,2025-06-12,Singapore,Budget,25-34,2026-06-12,5,755.86,151.17,4,47,412,0.0,3,3,3
CUST105415,Kumar Kaur,2026-07-01,Malaysia,Mainstream,55+,2026-07-28,8,488.92,61.11,5,1,28,0.0,1,2,3
CUST105416,Priya Tan,2025-05-15,Thailand,Mainstream,35-44,2026-04-14,5,246.85,49.37,3,106,440,1.0,4,3,4
CUST105417,Arif Goh,2026-07-04,Indonesia,Premium,25-34,2026-07-18,11,1679.08,152.64,5,11,25,0.0,1,1,1
CUST105418,Mei Ling Bin Abdullah,2026-03-24,Malaysia,Budget,35-44,2025-09-16,2,160.32,80.16,2,316,127,1.0,4,4,4
CUST105419,Wei Ming Wong,2025-11-16,Singapore,Premium,18-24,2026-06-27,9,885.91,98.43,5,32,255,0.0,2,1,2
CUST105420,Nabila Wong,2025-05-07,Thailand,Mainstream,18-24,2026-07-10,10,1656.45,165.64,5,19,448,0.0,2,1,1
CUST105421,Nabila Kaur,2025-02-20,Malaysia,Mainstream,55+,2026-04-11,8,646.01,80.75,6,109,524,1.0,4,2,3
CUST105422,Xin Yi Chua,2025-08-21,Malaysia,Mainstream,35-44,2026-07-15,8,553.78,69.22,5,14,342,0.0,1,2,3
CUST105423,Wei Ming Tan,2026-04-25,Thailand,Budget,25-34,2026-07-25,15,3017.61,201.17,6,4,95,0.0,1,1,1
CUST105424,Chen Wei Muthu,2025-10-20,Singapore,Mainstream,35-44,2026-05-28,8,2018.85,252.36,4,62,282,0.0,3,2,1
CUST105425,Arif Nair,2025-01-01,Malaysia,Mainstream,35-44,2026-03-15,12,1152.9,96.08,7,136,574,1.0,4,1,2
CUST105426,Chen Wei Goh,2026-05-25,Singapore,Mainstream,35-44,2026-07-26,5,595.95,119.19,5,3,65,0.0,1,3,3
CUST105427,Kumar Osman,2025-02-22,Singapore,Premium,25-34,2026-07-26,14,1171.0,83.64,6,3,522,0.0,1,1,2
CUST105428,Zhi Hao Muthu,2025-10-21,Malaysia,Mainstream,25-34,2026-07-27,9,2427.33,269.7,4,2,281,0.0,1,1,1
CUST105429,Arif Nair,2026-07-27,Indonesia,Budget,35-44,2026-03-22,5,333.8,66.76,3,129,2,1.0,4,3,4
CUST105430,Wei Ming Wong,2025-03-09,Singapore,Budget,35-44,2026-06-26,3,901.24,300.41,3,33,507,0.0,2,4,2
CUST105431,Wei Ming Lee,2026-07-10,Indonesia,Premium,55+,2026-07-25,13,1399.64,107.66,6,4,19,0.0,1,1,2
CUST105432,Haziq Nair,2025-11-02,Indonesia,Mainstream,25-34,2025-09-06,2,259.76,129.88,2,326,269,1.0,4,4,4
CUST105433,Priya Lee,2026-03-09,Thailand,Premium,45-54,2026-05-22,11,1475.91,134.17,7,68,142,0.0,3,1,1
CUST105434,Jia Xin Yusof,2025-05-29,Singapore,Budget,55+,2026-07-24,8,1354.01,169.25,6,5,426,0.0,1,2,2
CUST105435,Kumar Lim,2026-06-19,Indonesia,Mainstream,25-34,2026-06-27,8,1126.18,140.77,6,32,40,0.0,2,2,2
CUST105436,Ahmad Osman,2026-05-24,Singapore,Premium,18-24,2026-07-23,12,2016.09,168.01,6,6,66,0.0,1,1,1
CUST105437,Mei Ling Binte Ismail,2025-07-07,Indonesia,Mainstream,35-44,2026-05-25,3,195.76,65.25,3,65,387,0.0,3,4,4
CUST105438,Wei Ming Goh,2024-08-03,Malaysia,Budget,45-54,2026-06-29,7,677.41,96.77,6,30,725,0.0,2,2,3
CUST105439,Xin Yi Bin Abdullah,2026-07-01,Indonesia,Budget,18-24,2026-05-06,2,71.49,35.74,2,84,28,0.0,4,4,4
CUST105440,Hui Ling Lim,2025-08-27,Singapore,Premium,25-34,2026-07-07,11,2093.48,190.32,6,22,336,0.0,2,1,1
CUST105441,Jia Xin Osman,2024-12-21,Malaysia,Mainstream,35-44,2026-07-25,2,143.36,71.68,2,4,585,0.0,1,4,4
CUST105442,Nur Aisyah Osman,2025-12-29,Singapore,Budget,45-54,2026-07-15,5,593.2,118.64,4,14,212,0.0,1,3,3
CUST105443,Wei Ming Chua,2025-08-04,Singapore,Mainstream,18-24,2026-05-14,3,648.49,216.16,3,76,359,0.0,3,4,3
CUST105444,Kumar Goh,2024-11-24,Malaysia,Budget,25-34,2026-05-25,5,924.02,184.8,5,65,612,0.0,3,3,2
CUST105445,Mei Ling Rahman,2025-02-13,Singapore,Budget,25-34,2026-04-04,5,355.33,71.07,4,116,531,1.0,4,3,4
CUST105446,Siti Osman,2025-12-27,Indonesia,Budget,55+,2026-06-11,3,505.32,168.44,3,48,214,0.0,3,4,3
CUST105447,Farhan Wong,2025-01-27,Indonesia,Budget,35-44,2026-05-30,7,648.99,92.71,4,60,548,0.0,3,2,3
CUST105448,Ravi Chong,2025-03-23,Malaysia,Mainstream,35-44,2026-07-07,8,940.09,117.51,5,22,493,0.0,2,2,2
CUST105449,Aina Lee,2025-07-25,Indonesia,Budget,45-54,2026-07-12,5,670.61,134.12,3,17,369,0.0,2,3,3
CUST105450,Hui Ling Tan,2025-09-10,Indonesia,Mainstream,35-44,2026-05-27,5,900.1,180.02,4,63,322,0.0,3,3,2
CUST105451,Wei Ming Chong,2024-09-22,Thailand,Mainstream,55+,2026-07-22,7,567.83,81.12,5,7,675,0.0,1,2,3
CUST105452,Ahmad Chua,2024-10-29,Singapore,Budget,25-34,2026-07-07,5,612.32,122.46,3,22,638,0.0,2,3,3
CUST105453,Suresh Bin Abdullah,2024-08-06,Malaysia,Budget,18-24,2026-06-27,2,170.35,85.18,2,32,722,0.0,2,4,4
CUST105454,Nabila Muthu,2025-03-23,Indonesia,Budget,25-34,2026-03-08,6,1305.59,217.6,5,143,493,1.0,4,2,2
CUST105455,Zhi Hao Kaur,2025-11-09,Singapore,Mainstream,25-34,2026-06-28,10,1225.09,122.51,7,31,262,0.0,2,1,2
CUST105456,Nur Aisyah Bin Abdullah,2026-05-10,Singapore,Premium,45-54,2026-07-24,14,1889.03,134.93,7,5,80,0.0,1,1,1
CUST105457,Wei Ming Nair,2026-04-29,Singapore,Mainstream,35-44,2026-05-13,5,489.89,97.98,3,77,91,0.0,3,3,3
CUST105458,Farhan Bin Abdullah,2024-09-03,Malaysia,Mainstream,25-34,2026-06-09,10,2037.41,203.74,5,50,694,0.0,3,1,1
CUST105459,Arif Tan,2025-11-06,Malaysia,Premium,45-54,2026-07-15,11,2272.94,206.63,6,14,265,0.0,1,1,1
CUST105460,Zhi Hao Yusof,2026-05-10,Indonesia,Mainstream,35-44,2026-05-27,9,1988.79,220.98,6,63,80,0.0,3,1,1
CUST105461,Zhi Hao Lim,2026-02-16,Malaysia,Mainstream,35-44,2026-03-07,11,940.71,85.52,5,144,163,1.0,4,1,2
CUST105462,Wei Ming Lim,2026-07-14,Indonesia,Mainstream,25-34,2026-07-25,7,1289.73,184.25,4,4,15,0.0,1,2,2
CUST105463,Xin Yi Chua,2025-07-07,Singapore,Budget,55+,2026-03-27,9,1052.08,116.9,4,124,387,1.0,4,1,2
CUST105464,Kumar Tan,2025-05-24,Indonesia,Budget,35-44,2026-05-18,4,730.26,182.56,4,72,431,0.0,3,3,3
CUST105465,Priya Osman,2025-10-26,Indonesia,Mainstream,45-54,2026-06-14,6,1302.62,217.1,4,45,276,0.0,3,2,2
CUST105466,Arif Chua,2025-02-01,Singapore,Mainstream,45-54,2026-07-18,5,721.39,144.28,4,11,543,0.0,1,3,3
CUST105467,Mei Ling Bin Abdullah,2025-08-13,Singapore,Budget,35-44,2026-02-19,2,335.71,167.86,2,160,350,1.0,4,4,4
CUST105468,Chen Wei Kaur,2024-08-28,Singapore,Premium,18-24,2026-05-02,14,2792.03,199.43,5,88,700,0.0,4,1,1
CUST105469,Aina Lim,2025-01-18,Thailand,Budget,35-44,2026-05-29,5,559.89,111.98,4,61,557,0.0,3,3,3
CUST105470,Jia Xin Nair,2026-06-05,Singapore,Mainstream,18-24,2026-06-26,8,1545.17,193.15,4,33,54,0.0,2,2,1
CUST105471,Zhi Hao Tan,2026-01-10,Singapore,Premium,55+,2026-07-24,23,2990.29,130.01,7,5,200,0.0,1,1,1
CUST105472,Zhi Hao Goh,2025-01-25,Singapore,Budget,25-34,2026-04-10,7,949.19,135.6,3,110,550,1.0,4,2,2
CUST105473,Xin Yi Binte Ismail,2025-07-02,Singapore,Premium,25-34,2026-06-27,13,1238.66,95.28,6,32,392,0.0,2,1,2
CUST105474,Chen Wei Yusof,2025-01-26,Malaysia,Mainstream,35-44,2026-05-24,6,1269.25,211.54,5,66,549,0.0,3,2,2
CUST105475,Hui Ling Lim,2025-11-27,Indonesia,Mainstream,35-44,2026-05-19,7,840.37,120.05,5,71,244,0.0,3,2,3
CUST105476,Chen Wei Binte Ismail,2026-07-02,Malaysia,Premium,35-44,2026-07-20,12,1638.71,136.56,5,9,27,0.0,1,1,1
CUST105477,Hui Ling Lee,2025-01-02,Indonesia,Mainstream,45-54,2026-07-24,7,639.17,91.31,5,5,573,0.0,1,2,3
CUST105478,Ahmad Chong,2025-01-02,Singapore,Mainstream,45-54,2026-02-26,3,159.59,53.2,3,153,573,1.0,4,4,4
CUST105479,Aina Goh,2025-04-19,Malaysia,Mainstream,45-54,2026-07-17,10,754.28,75.43,6,12,466,0.0,1,1,3
CUST105480,Xin Yi Tan,2025-10-07,Indonesia,Budget,25-34,2026-04-15,3,721.27,240.42,3,105,295,1.0,4,4,3
CUST105481,Hui Ling Tan,2026-07-23,Indonesia,Budget,35-44,2026-05-03,2,449.14,224.57,2,87,6,0.0,4,4,4
CUST105482,Jia Xin Wong,2025-02-13,Thailand,Budget,45-54,2026-04-21,5,524.94,104.99,4,99,531,1.0,4,3,3
CUST105483,Chen Wei Wong,2025-04-04,Singapore,Budget,25-34,2026-05-01,4,265.38,66.34,3,89,481,0.0,4,3,4
CUST105484,Wei Ming Muthu,2025-03-29,Malaysia,Mainstream,25-34,2026-07-28,8,1272.19,159.02,6,1,487,0.0,1,2,2
CUST105485,Kumar Muthu,2026-03-27,Indonesia,Premium,18-24,2026-05-20,18,4319.07,239.95,7,70,124,0.0,3,1,1
CUST105486,Xin Yi Muthu,2025-02-11,Singapore,Premium,35-44,2026-07-17,16,3147.0,196.69,6,12,533,0.0,1,1,1
CUST105487,Haziq Bin Abdullah,2025-02-16,Indonesia,Budget,35-44,2026-07-21,4,637.52,159.38,4,8,528,0.0,1,3,3
CUST105488,Zhi Hao Lee,2024-11-11,Singapore,Mainstream,25-34,2026-03-31,6,687.35,114.56,4,120,625,1.0,4,2,3
CUST105489,Zhi Hao Chua,2025-06-10,Singapore,Mainstream,18-24,2026-07-09,5,513.52,102.7,4,20,414,0.0,2,3,3
CUST105490,Ahmad Rahman,2025-02-10,Indonesia,Budget,18-24,2026-05-21,5,364.97,72.99,4,69,534,0.0,3,3,4
CUST105491,Chen Wei Nair,2025-10-09,Indonesia,Mainstream,35-44,2026-04-10,5,1298.58,259.72,3,110,293,1.0,4,3,2
CUST105492,Suresh Binte Ismail,2025-03-08,Thailand,Budget,25-34,2026-07-29,5,576.75,115.35,5,0,508,0.0,1,3,3
CUST105493,Haziq Rahman,2025-03-10,Thailand,Premium,45-54,2026-06-25,13,1153.0,88.69,5,34,506,0.0,2,1,2
CUST105494,Mei Ling Osman,2025-01-06,Singapore,Budget,55+,2026-04-25,3,274.88,91.63,2,95,569,1.0,4,4,4
CUST105495,Jia Xin Binte Ismail,2024-11-11,Malaysia,Mainstream,45-54,2026-07-16,3,142.38,47.46,3,13,625,0.0,1,4,4
CUST105496,Chen Wei Goh,2026-07-27,Thailand,Premium,45-54,2026-06-19,17,2553.39,150.2,5,40,2,0.0,3,1,1
CUST105497,Priya Rahman,2025-01-07,Singapore,Mainstream,55+,2026-06-25,9,1863.02,207.0,5,34,568,0.0,2,1,1
CUST105498,Siti Tan,2024-12-28,Malaysia,Budget,35-44,2026-06-08,3,1594.79,531.6,2,51,578,0.0,3,4,1
CUST105499,Divya Binte Ismail,2025-06-26,Thailand,Budget,35-44,2026-07-05,8,799.28,99.91,6,24,398,0.0,2,2,3
CUST105500,Haziq Bin Abdullah,2025-07-15,Singapore,Premium,45-54,2026-07-26,6,798.73,133.12,3,3,379,0.0,1,2,3
CUST105501,Zhi Hao Kaur,2025-02-17,Thailand,Budget,35-44,2026-07-18,4,687.4,171.85,4,11,527,0.0,1,3,3
CUST105502,Zhi Hao Lim,2025-08-31,Malaysia,Budget,25-34,2026-04-29,3,435.04,145.01,2,91,332,1.0,4,4,4
CUST105503,Mei Ling Nair,2025-09-30,Thailand,Premium,18-24,2026-07-16,16,2852.71,178.29,6,13,302,0.0,1,1,1
CUST105504,Priya Muthu,2024-12-20,Malaysia,Mainstream,35-44,2026-07-29,6,1250.85,208.48,3,0,586,0.0,1,2,2
CUST105505,Ahmad Wong,2024-12-31,Indonesia,Mainstream,45-54,2026-07-13,7,655.83,93.69,6,16,575,0.0,1,2,3
CUST105506,Wei Ming Bin Abdullah,2026-02-28,Indonesia,Budget,35-44,2026-02-15,1,508.73,508.73,1,164,151,1.0,4,4,3
CUST105507,Mei Ling Lee,2024-12-01,Singapore,Mainstream,25-34,2026-03-05,9,1517.85,168.65,6,146,605,1.0,4,1,1
CUST105508,Suresh Chua,2025-12-03,Malaysia,Mainstream,35-44,2026-06-19,5,397.66,79.53,3,40,238,0.0,3,3,4
CUST105509,Nur Aisyah Chong,2026-04-20,Thailand,Budget,45-54,2026-05-23,4,512.58,128.14,4,67,100,0.0,3,3,3
CUST105510,Mei Ling Lim,2024-10-26,Thailand,Budget,45-54,2026-07-03,4,336.52,84.13,3,26,641,0.0,2,3,4
CUST105511,Aina Chong,2026-02-06,Thailand,Budget,35-44,2026-06-04,2,192.6,96.3,2,55,173,0.0,3,4,4
CUST105512,Hui Ling Kaur,2026-03-03,Malaysia,Mainstream,25-34,2026-06-17,7,1144.06,163.44,5,42,148,0.0,3,2,2
CUST105513,Ravi Rahman,2026-01-13,Malaysia,Budget,25-34,2026-07-19,9,1096.98,121.89,3,10,197,0.0,1,1,2
CUST105514,Jia Xin Lim,2025-08-05,Malaysia,Premium,45-54,2026-07-26,11,1122.75,102.07,5,3,358,0.0,1,1,2
CUST105515,Siti Goh,2026-03-30,Malaysia,Budget,25-34,2026-07-08,6,688.15,114.69,4,21,121,0.0,2,2,3
CUST105516,Zhi Hao Bin Abdullah,2026-04-04,Malaysia,Budget,45-54,2026-05-23,3,182.95,60.98,3,67,116,0.0,3,4,4
CUST105517,Mei Ling Bin Abdullah,2025-10-16,Singapore,Premium,25-34,2026-07-19,12,3715.07,309.59,5,10,286,0.0,1,1,1
CUST105518,Farhan Bin Abdullah,2026-02-20,Singapore,Premium,55+,2026-05-21,10,978.69,97.87,5,69,159,0.0,3,1,2
CUST105519,Zhi Hao Chong,2026-03-11,Malaysia,Mainstream,25-34,2026-07-12,5,1221.07,244.21,4,17,140,0.0,2,3,2
CUST105520,Zhi Hao Lee,2024-10-02,Singapore,Premium,35-44,2026-07-17,18,3387.75,188.21,6,12,665,0.0,1,1,1
CUST105521,Kumar Binte Ismail,2025-05-21,Singapore,Budget,35-44,2026-02-01,4,265.33,66.33,4,178,434,1.0,4,3,4
CUST105522,Siti Lee,2026-07-19,Singapore,Mainstream,45-54,2026-07-18,6,337.08,56.18,3,11,10,0.0,1,2,4
CUST105523,Mei Ling Yusof,2026-05-16,Indonesia,Budget,45-54,2026-07-27,9,760.97,84.55,5,2,74,0.0,1,1,3
CUST105524,Hui Ling Rahman,2024-12-12,Thailand,Mainstream,18-24,2026-07-26,9,1518.23,168.69,5,3,594,0.0,1,1,1
CUST105525,Suresh Muthu,2026-01-13,Malaysia,Mainstream,25-34,2026-06-01,9,2847.26,316.36,6,58,197,0.0,3,1,1
CUST105526,Chen Wei Rahman,2026-04-09,Thailand,Mainstream,25-34,2026-07-05,6,529.82,88.3,5,24,111,0.0,2,2,3
CUST105527,Arif Bin Abdullah,2025-03-31,Thailand,Budget,35-44,2026-01-22,2,691.81,345.9,2,188,485,1.0,4,4,3
CUST105528,Arif Goh,2024-11-25,Singapore,Budget,35-44,2026-04-28,2,139.28,69.64,2,92,611,1.0,4,4,4
CUST105529,Suresh Osman,2025-10-12,Singapore,Premium,25-34,2026-06-28,10,901.05,90.1,6,31,290,0.0,2,1,2
CUST105530,Ravi Wong,2025-02-02,Singapore,Mainstream,45-54,2026-06-30,6,883.26,147.21,4,29,542,0.0,2,2,2
CUST105531,Mei Ling Osman,2025-09-25,Singapore,Budget,25-34,2026-06-27,10,2017.76,201.78,6,32,307,0.0,2,1,1
CUST105532,Haziq Kaur,2026-05-11,Malaysia,Budget,25-34,2026-03-06,4,812.07,203.02,3,145,79,1.0,4,3,3
CUST105533,Haziq Wong,2024-12-24,Singapore,Budget,25-34,2026-07-18,8,721.02,90.13,4,11,582,0.0,1,2,3
CUST105534,Farhan Osman,2024-09-27,Thailand,Budget,35-44,2026-06-26,5,705.92,141.18,3,33,670,0.0,2,3,3
CUST105535,Jia Xin Chua,2024-08-10,Malaysia,Budget,18-24,2026-04-13,2,852.6,426.3,2,107,718,1.0,4,4,3
CUST105536,Mei Ling Rahman,2026-05-17,Malaysia,Mainstream,45-54,2026-05-28,8,1362.59,170.32,6,62,73,0.0,3,2,2
CUST105537,Siti Nair,2025-06-12,Thailand,Mainstream,35-44,2026-02-27,8,1387.13,173.39,5,152,412,1.0,4,2,2
CUST105538,Mei Ling Wong,2025-04-30,Thailand,Mainstream,35-44,2026-06-04,19,2627.47,138.29,7,55,455,0.0,3,1,1
CUST105539,Ravi Tan,2026-06-02,Indonesia,Budget,25-34,2026-06-10,5,548.42,109.68,3,49,57,0.0,3,3,3
CUST105540,Hui Ling Goh,2024-09-03,Indonesia,Budget,45-54,2026-02-07,2,512.42,256.21,1,172,694,1.0,4,4,3
CUST105541,Aina Chong,2026-05-15,Thailand,Budget,45-54,2026-05-15,5,213.54,42.71,4,75,75,0.0,3,3,4
CUST105542,Wei Ming Chong,2026-01-14,Malaysia,Premium,35-44,2026-07-04,6,399.31,66.55,4,25,196,0.0,2,2,4
CUST105543,Farhan Chong,2024-08-21,Thailand,Mainstream,25-34,2026-07-24,7,1394.21,199.17,6,5,707,0.0,1,2,2
CUST105544,Wei Ming Chong,2025-06-19,Singapore,Budget,25-34,2026-04-27,4,463.26,115.82,2,93,405,1.0,4,3,3
CUST105545,Divya Rahman,2025-03-21,Malaysia,Mainstream,25-34,2026-06-04,7,737.65,105.38,4,55,495,0.0,3,2,3
CUST105546,Hui Ling Goh,2025-08-03,Malaysia,Mainstream,25-34,2026-05-21,8,1087.15,135.89,5,69,360,0.0,3,2,2
CUST105547,Ravi Nair,2025-01-26,Singapore,Mainstream,35-44,2026-06-24,3,379.21,126.4,2,35,549,0.0,2,4,4
CUST105548,Xin Yi Yusof,2026-05-31,Singapore,Mainstream,25-34,2026-07-26,9,624.1,69.34,5,3,59,0.0,1,1,3
CUST105549,Arif Lee,2025-03-23,Singapore,Premium,45-54,2026-07-24,14,1361.3,97.24,5,5,493,0.0,1,1,2
CUST105550,Suresh Rahman,2026-06-11,Singapore,Budget,25-34,2026-07-29,6,482.93,80.49,5,0,48,0.0,1,2,3
CUST105551,Nabila Tan,2026-03-20,Singapore,Mainstream,35-44,2026-04-22,9,2370.21,263.36,4,98,131,1.0,4,1,1
CUST105552,Priya Wong,2025-07-25,Malaysia,Mainstream,55+,2026-05-27,11,1287.48,117.04,6,63,369,0.0,3,1,2
CUST105553,Zhi Hao Bin Abdullah,2025-09-05,Indonesia,Mainstream,25-34,2026-07-14,5,964.54,192.91,4,15,327,0.0,1,3,2
CUST105554,Siti Nair,2026-04-09,Malaysia,Budget,25-34,2026-05-28,6,1715.79,285.96,4,62,111,0.0,3,2,1
CUST105555,Kumar Muthu,2024-12-24,Indonesia,Mainstream,35-44,2026-05-11,6,1157.95,192.99,5,79,582,0.0,3,2,2
CUST105556,Suresh Rahman,2025-12-21,Singapore,Budget,35-44,2026-07-17,7,1758.17,251.17,5,12,220,0.0,1,2,1
CUST105557,Divya Rahman,2024-11-04,Indonesia,Mainstream,45-54,2026-06-15,4,167.07,41.77,1,44,632,0.0,3,3,4
CUST105558,Priya Yusof,2026-07-19,Singapore,Mainstream,45-54,2026-05-29,10,745.26,74.53,5,61,10,0.0,3,1,3
CUST105559,Kumar Bin Abdullah,2026-02-06,Singapore,Budget,35-44,2026-06-06,8,759.31,94.91,5,53,173,0.0,3,2,3
CUST105560,Kumar Muthu,2025-12-25,Malaysia,Premium,55+,2026-07-11,17,2252.8,132.52,7,18,216,0.0,2,1,1
CUST105561,Kumar Wong,2025-05-20,Thailand,Mainstream,25-34,2026-06-15,11,1395.92,126.9,6,44,435,0.0,3,1,2
CUST105562,Zhi Hao Lim,2025-10-10,Thailand,Mainstream,25-34,2026-05-21,5,311.07,62.21,4,69,292,0.0,3,3,4
CUST105563,Kumar Bin Abdullah,2026-04-06,Indonesia,Premium,25-34,2026-06-29,14,1469.96,105.0,7,30,114,0.0,2,1,1
CUST105564,Chen Wei Muthu,2025-06-08,Indonesia,Mainstream,35-44,2026-07-14,14,1206.42,86.17,7,15,416,0.0,1,1,2
CUST105565,Xin Yi Binte Ismail,2024-08-29,Malaysia,Budget,25-34,2026-06-04,6,504.73,84.12,4,55,699,0.0,3,2,3
CUST105566,Zhi Hao Nair,2026-04-23,Indonesia,Mainstream,18-24,2026-06-09,3,1160.4,386.8,2,50,97,0.0,3,4,2
CUST105567,Suresh Bin Abdullah,2026-01-26,Singapore,Mainstream,55+,2026-04-19,12,1166.06,97.17,5,101,184,1.0,4,1,2
CUST105568,Ravi Bin Abdullah,2025-08-14,Singapore,Mainstream,25-34,2026-01-27,5,772.43,154.49,4,183,349,1.0,4,3,3
CUST105569,Divya Muthu,2025-02-14,Thailand,Premium,25-34,2026-07-13,6,809.59,134.93,4,16,530,0.0,1,2,3
CUST105570,Hui Ling Bin Abdullah,2026-04-21,Thailand,Mainstream,25-34,2026-06-05,11,1907.98,173.45,6,54,99,0.0,3,1,1
CUST105571,Haziq Tan,2026-02-11,Singapore,Budget,25-34,2026-07-19,6,1031.16,171.86,5,10,168,0.0,1,2,2
CUST105572,Aina Kaur,2026-02-08,Singapore,Mainstream,18-24,2026-07-09,7,994.81,142.12,5,20,171,0.0,2,2,2
CUST105573,Priya Osman,2025-05-06,Singapore,Mainstream,25-34,2026-07-03,8,857.65,107.21,5,26,449,0.0,2,2,3
CUST105574,Haziq Rahman,2026-05-30,Malaysia,Budget,25-34,2026-07-12,5,1230.93,246.19,4,17,60,0.0,2,3,2
CUST105575,Wei Ming Lim,2025-04-04,Singapore,Budget,45-54,2026-05-16,6,886.29,147.72,4,74,481,0.0,3,2,2
CUST105576,Arif Goh,2025-09-22,Malaysia,Budget,25-34,2026-07-21,3,551.47,183.82,2,8,310,0.0,1,4,3
CUST105577,Divya Yusof,2025-12-02,Singapore,Mainstream,35-44,2026-07-28,7,1249.18,178.45,5,1,239,0.0,1,2,2
CUST105578,Siti Osman,2024-11-07,Singapore,Budget,35-44,2026-07-24,4,1089.99,272.5,3,5,629,0.0,1,3,2
CUST105579,Ravi Chua,2024-12-09,Singapore,Budget,45-54,2026-04-27,5,1178.94,235.79,4,93,597,1.0,4,3,2
CUST105580,Mei Ling Yusof,2024-12-20,Indonesia,Budget,55+,2026-07-21,8,1502.19,187.77,4,8,586,0.0,1,2,1
CUST105581,Ahmad Wong,2024-10-21,Singapore,Mainstream,35-44,2026-05-15,8,1506.07,188.26,5,75,646,0.0,3,2,1
CUST105582,Divya Rahman,2026-02-09,Malaysia,Budget,18-24,2026-05-05,3,207.38,69.13,2,85,170,0.0,4,4,4
CUST105583,Nabila Yusof,2024-11-12,Indonesia,Budget,18-24,2026-07-22,6,466.19,77.7,5,7,624,0.0,1,2,3
CUST105584,Ravi Yusof,2026-03-23,Indonesia,Mainstream,25-34,2026-06-22,7,408.32,58.33,4,37,128,0.0,2,2,4
CUST105585,Farhan Goh,2025-11-30,Singapore,Budget,45-54,2026-07-19,3,558.79,186.26,2,10,241,0.0,1,4,3
CUST105586,Siti Chong,2025-06-19,Indonesia,Budget,35-44,2026-06-28,5,356.86,71.37,4,31,405,0.0,2,3,4
CUST105587,Hui Ling Rahman,2025-02-01,Singapore,Mainstream,18-24,2026-07-01,11,1052.41,95.67,7,28,543,0.0,2,1,2
CUST105588,Divya Kaur,2025-06-03,Malaysia,Budget,18-24,2026-04-14,3,331.38,110.46,2,106,421,1.0,4,4,4
CUST105589,Chen Wei Nair,2025-06-16,Malaysia,Budget,45-54,2026-06-02,8,1399.34,174.92,5,57,408,0.0,3,2,2
CUST105590,Farhan Lee,2025-10-28,Thailand,Budget,35-44,2026-06-07,10,2065.44,206.54,6,52,274,0.0,3,1,1
CUST105591,Zhi Hao Chua,2025-05-23,Thailand,Budget,25-34,2026-07-18,6,652.1,108.68,3,11,432,0.0,1,2,3
CUST105592,Kumar Chong,2025-08-17,Indonesia,Mainstream,45-54,2026-07-14,9,728.73,80.97,6,15,346,0.0,1,1,3
CUST105593,Divya Tan,2025-08-15,Thailand,Premium,35-44,2026-07-17,11,1176.28,106.93,7,12,348,0.0,1,1,2
CUST105594,Chen Wei Chong,2025-05-28,Singapore,Budget,35-44,2026-03-28,7,351.56,50.22,4,123,427,1.0,4,2,4
CUST105595,Siti Nair,2025-05-17,Indonesia,Mainstream,25-34,2026-07-19,9,1220.93,135.66,5,10,438,0.0,1,1,2
CUST105596,Aina Muthu,2025-12-01,Singapore,Premium,35-44,2026-06-17,11,2117.47,192.5,6,42,240,0.0,3,1,1
CUST105597,Wei Ming Lee,2026-04-21,Singapore,Mainstream,25-34,2026-07-24,8,886.58,110.82,4,5,99,0.0,1,2,2
CUST105598,Nur Aisyah Chong,2025-12-23,Malaysia,Mainstream,55+,2026-04-22,7,1616.21,230.89,5,98,218,1.0,4,2,1
CUST105599,Ahmad Kaur,2025-10-04,Indonesia,Mainstream,45-54,2025-11-29,4,1274.02,318.5,3,242,298,1.0,4,3,2
CUST105600,Nabila Kaur,2026-04-03,Indonesia,Mainstream,35-44,2026-07-12,9,821.35,91.26,5,17,117,0.0,2,1,3
CUST105601,Farhan Lim,2026-03-22,Thailand,Premium,35-44,2026-07-15,20,3215.16,160.76,7,14,129,0.0,1,1,1
CUST105602,Kumar Muthu,2024-09-03,Malaysia,Budget,55+,2026-06-14,4,451.35,112.84,3,45,694,0.0,3,3,4
CUST105603,Mei Ling Muthu,2026-01-06,Thailand,Premium,18-24,2026-07-28,15,2455.98,163.73,6,1,204,0.0,1,1,1
CUST105604,Ahmad Chong,2025-02-05,Thailand,Mainstream,18-24,2026-07-12,7,763.89,109.13,5,17,539,0.0,2,2,3
CUST105605,Farhan Chong,2026-04-27,Indonesia,Mainstream,45-54,2026-06-18,6,1591.01,265.17,5,41,93,0.0,3,2,1
CUST105606,Hui Ling Tan,2024-08-19,Singapore,Mainstream,25-34,2026-04-12,5,296.42,59.28,3,108,709,1.0,4,3,4
CUST105607,Mei Ling Chong,2026-02-24,Malaysia,Budget,35-44,2026-05-11,4,353.94,88.48,3,79,155,0.0,3,3,4
CUST105608,Divya Lee,2025-10-15,Indonesia,Budget,35-44,2026-03-25,1,311.71,311.71,1,126,287,1.0,4,4,4
CUST105609,Kumar Yusof,2025-01-05,Thailand,Premium,25-34,2026-07-07,12,1061.14,88.43,6,22,570,0.0,2,1,2
CUST105610,Zhi Hao Tan,2026-03-04,Singapore,Mainstream,25-34,2026-02-06,5,734.69,146.94,4,173,147,1.0,4,3,3
CUST105611,Mei Ling Yusof,2025-06-23,Singapore,Premium,45-54,2026-05-28,12,2946.85,245.57,7,62,401,0.0,3,1,1
CUST105612,Xin Yi Rahman,2025-01-02,Singapore,Budget,25-34,2026-07-21,4,761.14,190.28,4,8,573,0.0,1,3,3
CUST105613,Chen Wei Nair,2026-07-12,Singapore,Budget,25-34,2026-05-08,2,52.39,26.2,2,82,17,0.0,4,4,4
CUST105614,Farhan Nair,2026-07-11,Indonesia,Budget,25-34,2026-06-19,4,324.51,81.13,3,40,18,0.0,3,3,4
CUST105615,Suresh Binte Ismail,2024-12-31,Singapore,Budget,18-24,2026-07-25,5,1134.58,226.92,3,4,575,0.0,1,3,2
CUST105616,Nur Aisyah Lee,2026-01-19,Malaysia,Mainstream,35-44,2026-07-27,7,688.5,98.36,3,2,191,0.0,1,2,3
CUST105617,Hui Ling Osman,2024-10-04,Indonesia,Premium,55+,2026-07-20,13,1567.74,120.6,5,9,663,0.0,1,1,1
CUST105618,Nabila Nair,2024-09-21,Malaysia,Premium,35-44,2026-07-27,11,1411.04,128.28,6,2,676,0.0,1,1,1
CUST105619,Nabila Lim,2024-10-25,Singapore,Mainstream,35-44,2026-06-11,7,1287.74,183.96,5,48,642,0.0,3,2,2
CUST105620,Zhi Hao Lee,2024-08-01,Malaysia,Budget,25-34,2026-06-17,4,372.6,93.15,4,42,727,0.0,3,3,4
CUST105621,Kumar Rahman,2024-12-06,Malaysia,Mainstream,55+,2026-07-29,15,3142.92,209.53,6,0,600,0.0,1,1,1
CUST105622,Ahmad Nair,2025-10-23,Thailand,Mainstream,45-54,2026-07-03,12,1780.73,148.39,7,26,279,0.0,2,1,1
CUST105623,Nur Aisyah Nair,2024-08-04,Indonesia,Mainstream,45-54,2026-07-20,13,2342.16,180.17,6,9,724,0.0,1,1,1
CUST105624,Chen Wei Tan,2025-11-19,Thailand,Mainstream,25-34,2026-06-24,8,1724.88,215.61,4,35,252,0.0,2,2,1
CUST105625,Suresh Nair,2025-05-27,Singapore,Budget,18-24,2025-10-18,2,153.38,76.69,2,284,428,1.0,4,4,4
CUST105626,Priya Chua,2026-07-25,Indonesia,Budget,25-34,2026-06-29,8,726.9,90.86,5,30,4,0.0,2,2,3
CUST105627,Zhi Hao Chua,2024-08-26,Malaysia,Premium,25-34,2026-07-06,16,2013.12,125.82,7,23,702,0.0,2,1,1
CUST105628,Hui Ling Tan,2025-05-23,Indonesia,Mainstream,18-24,2026-07-11,12,1656.47,138.04,7,18,432,0.0,2,1,1
CUST105629,Zhi Hao Rahman,2024-09-05,Malaysia,Premium,45-54,2026-06-04,14,2077.01,148.36,7,55,692,0.0,3,1,1
CUST105630,Siti Lee,2025-11-14,Singapore,Budget,25-34,2026-05-25,4,968.64,242.16,4,65,257,0.0,3,3,2
CUST105631,Ravi Bin Abdullah,2025-12-13,Singapore,Mainstream,25-34,2026-06-08,8,1110.81,138.85,6,51,228,0.0,3,2,2
CUST105632,Nabila Lee,2025-07-13,Indonesia,Budget,45-54,2026-01-10,1,49.04,49.04,1,200,381,1.0,4,4,4
CUST105633,Nur Aisyah Lim,2024-11-06,Indonesia,Premium,55+,2026-07-13,17,1607.17,94.54,6,16,630,0.0,1,1,1
CUST105634,Suresh Lim,2025-06-24,Singapore,Budget,25-34,2026-07-28,8,1066.98,133.37,5,1,400,0.0,1,2,2
CUST105635,Farhan Yusof,2024-12-28,Malaysia,Mainstream,25-34,2026-07-07,6,368.18,61.36,5,22,578,0.0,2,2,4
CUST105636,Ahmad Binte Ismail,2026-02-23,Indonesia,Budget,45-54,2026-07-21,1,75.15,75.15,1,8,156,0.0,1,4,4
CUST105637,Arif Yusof,2025-01-09,Malaysia,Budget,55+,2026-07-13,3,131.57,43.86,2,16,566,0.0,1,4,4
CUST105638,Mei Ling Tan,2025-02-10,Singapore,Budget,35-44,2026-06-13,3,282.33,94.11,2,46,534,0.0,3,4,4
CUST105639,Nur Aisyah Chong,2024-10-13,Thailand,Mainstream,25-34,2025-12-22,4,179.04,44.76,4,219,654,1.0,4,3,4
CUST105640,Nur Aisyah Wong,2026-06-17,Malaysia,Mainstream,35-44,2026-07-11,5,735.56,147.11,4,18,42,0.0,2,3,3
CUST105641,Arif Chua,2025-10-22,Indonesia,Premium,45-54,2026-06-26,14,1590.28,113.59,6,33,280,0.0,2,1,1
CUST105642,Zhi Hao Chua,2026-05-26,Indonesia,Mainstream,18-24,2026-05-15,5,350.17,70.03,4,75,64,0.0,3,3,4
CUST105643,Hui Ling Wong,2025-10-10,Indonesia,Mainstream,25-34,2026-07-20,4,1222.33,305.58,4,9,292,0.0,1,3,2
CUST105644,Kumar Nair,2025-01-22,Singapore,Mainstream,45-54,2026-03-29,4,329.92,82.48,4,122,553,1.0,4,3,4
CUST105645,Haziq Binte Ismail,2025-04-18,Thailand,Budget,35-44,2026-05-24,9,1977.57,219.73,6,66,467,0.0,3,1,1
CUST105646,Xin Yi Chong,2025-01-26,Singapore,Mainstream,25-34,2026-05-20,3,142.92,47.64,2,70,549,0.0,3,4,4
CUST105647,Haziq Lim,2025-02-06,Indonesia,Mainstream,45-54,2026-06-07,9,758.6,84.29,5,52,538,0.0,3,1,3
CUST105648,Nabila Lee,2024-08-04,Thailand,Mainstream,35-44,2026-05-18,9,866.07,96.23,5,72,724,0.0,3,1,2
CUST105649,Kumar Bin Abdullah,2024-10-25,Indonesia,Budget,25-34,2026-06-23,7,659.25,94.18,5,36,642,0.0,2,2,3
CUST105650,Nabila Muthu,2025-05-28,Malaysia,Budget,25-34,2026-07-05,4,481.29,120.32,4,24,427,0.0,2,3,3
CUST105651,Arif Lee,2024-10-28,Singapore,Budget,25-34,2026-07-21,4,168.19,42.05,3,8,639,0.0,1,3,4
CUST105652,Ravi Chong,2026-06-25,Malaysia,Premium,55+,2026-07-10,13,1332.63,102.51,5,19,34,0.0,2,1,2
CUST105653,Nur Aisyah Wong,2025-02-18,Malaysia,Mainstream,25-34,2026-05-08,14,2097.16,149.8,6,82,526,0.0,4,1,1
CUST105654,Jia Xin Rahman,2025-07-13,Singapore,Mainstream,45-54,2026-04-04,6,443.17,73.86,4,116,381,1.0,4,2,4
CUST105655,Nabila Binte Ismail,2024-08-30,Singapore,Mainstream,35-44,2026-05-22,8,919.5,114.94,4,68,698,0.0,3,2,2
CUST105656,Ravi Muthu,2025-07-27,Thailand,Mainstream,45-54,2026-05-13,9,2693.41,299.27,6,77,367,0.0,3,1,1
CUST105657,Xin Yi Chua,2026-03-21,Singapore,Budget,55+,2026-07-19,4,606.14,151.54,4,10,130,0.0,1,3,3
CUST105658,Nur Aisyah Lim,2025-02-16,Singapore,Budget,55+,2026-04-21,4,313.57,78.39,4,99,528,1.0,4,3,4
CUST105659,Xin Yi Chua,2024-09-04,Singapore,Mainstream,45-54,2026-07-22,10,2457.64,245.76,5,7,693,0.0,1,1,1
CUST105660,Ravi Lee,2026-07-18,Malaysia,Budget,25-34,2026-06-17,6,458.07,76.34,5,42,11,0.0,3,2,4
CUST105661,Ahmad Tan,2026-06-13,Malaysia,Budget,25-34,2026-07-12,3,572.94,190.98,3,17,46,0.0,2,4,3
CUST105662,Kumar Kaur,2025-04-03,Indonesia,Mainstream,25-34,2026-07-21,8,1670.37,208.8,5,8,482,0.0,1,2,1
CUST105663,Arif Lim,2025-06-19,Malaysia,Budget,35-44,2025-12-14,2,71.22,35.61,2,227,405,1.0,4,4,4
CUST105664,Wei Ming Binte Ismail,2025-06-24,Singapore,Premium,25-34,2026-06-12,11,1189.7,108.15,6,47,400,0.0,3,1,2
CUST105665,Nabila Yusof,2026-05-25,Malaysia,Mainstream,25-34,2026-07-18,9,1987.46,220.83,4,11,65,0.0,1,1,1
CUST105666,Chen Wei Binte Ismail,2025-06-07,Singapore,Premium,18-24,2026-07-02,10,1846.11,184.61,6,27,417,0.0,2,1,1
CUST105667,Divya Muthu,2025-06-10,Indonesia,Premium,45-54,2026-05-31,8,607.88,75.98,6,59,414,0.0,3,2,3
CUST105668,Jia Xin Nair,2024-11-17,Singapore,Budget,18-24,2026-06-29,8,920.54,115.07,5,30,619,0.0,2,2,2
CUST105669,Aina Osman,2025-10-18,Singapore,Budget,25-34,2026-07-18,4,548.05,137.01,3,11,284,0.0,1,3,3
CUST105670,Nabila Nair,2025-11-18,Malaysia,Mainstream,35-44,2026-06-13,7,782.39,111.77,4,46,253,0.0,3,2,3
CUST105671,Divya Muthu,2026-05-31,Singapore,Budget,35-44,2026-06-09,4,796.22,199.06,3,50,59,0.0,3,3,3
CUST105672,Aina Wong,2025-06-11,Malaysia,Premium,45-54,2026-07-17,14,1341.69,95.84,5,12,413,0.0,1,1,2
CUST105673,Zhi Hao Chong,2025-04-12,Malaysia,Budget,35-44,2026-06-29,8,664.34,83.04,5,30,473,0.0,2,2,3
CUST105674,Siti Kaur,2026-01-06,Thailand,Mainstream,45-54,2026-06-25,8,894.93,111.87,4,34,204,0.0,2,2,2
CUST105675,Zhi Hao Muthu,2025-02-11,Singapore,Mainstream,25-34,2026-07-22,10,893.9,89.39,4,7,533,0.0,1,1,2
CUST105676,Divya Bin Abdullah,2024-09-13,Malaysia,Premium,18-24,2026-07-03,15,2057.42,137.16,7,26,684,0.0,2,1,1
CUST105677,Nabila Chong,2026-03-24,Indonesia,Mainstream,35-44,2026-04-09,9,651.6,72.4,4,111,127,1.0,4,1,3
CUST105678,Kumar Chua,2025-06-06,Singapore,Mainstream,25-34,2026-07-21,10,1625.49,162.55,6,8,418,0.0,1,1,1
CUST105679,Jia Xin Wong,2025-03-10,Malaysia,Budget,45-54,2026-07-28,3,220.45,73.48,2,1,506,0.0,1,4,4
CUST105680,Haziq Muthu,2026-07-16,Thailand,Mainstream,55+,2026-05-10,5,818.37,163.67,3,80,13,0.0,3,3,3
CUST105681,Ahmad Wong,2026-03-21,Indonesia,Mainstream,25-34,2026-07-29,11,1717.89,156.17,6,0,130,0.0,1,1,1
CUST105682,Suresh Bin Abdullah,2025-10-14,Thailand,Mainstream,45-54,2026-02-25,2,150.29,75.15,2,154,288,1.0,4,4,4
CUST105683,Ravi Chong,2026-04-20,Indonesia,Mainstream,25-34,2026-04-25,8,1613.56,201.7,5,95,100,1.0,4,2,1
CUST105684,Suresh Lee,2025-11-12,Malaysia,Budget,25-34,2026-06-07,6,644.28,107.38,4,52,259,0.0,3,2,3
CUST105685,Haziq Tan,2026-04-13,Thailand,Budget,25-34,2026-06-16,4,539.95,134.99,3,43,107,0.0,3,3,3
CUST105686,Xin Yi Lim,2024-10-13,Singapore,Premium,35-44,2026-06-28,13,1983.17,152.55,6,31,654,0.0,2,1,1
CUST105687,Zhi Hao Bin Abdullah,2025-05-18,Malaysia,Budget,55+,2026-07-10,4,805.66,201.42,4,19,437,0.0,2,3,3
CUST105688,Nabila Chua,2025-12-01,Indonesia,Mainstream,25-34,2026-07-27,11,2998.0,272.55,6,2,240,0.0,1,1,1
CUST105689,Arif Muthu,2025-01-07,Thailand,Mainstream,35-44,2026-07-16,5,1335.46,267.09,4,13,568,0.0,1,3,2
CUST105690,Kumar Chong,2026-07-16,Thailand,Premium,25-34,2026-07-28,9,614.45,68.27,4,1,13,0.0,1,1,3
CUST105691,Hui Ling Lim,2025-05-20,Singapore,Budget,25-34,2026-04-20,4,603.68,150.92,4,100,435,1.0,4,3,3
CUST105692,Siti Chong,2025-03-18,Indonesia,Budget,35-44,2026-04-23,4,1239.59,309.9,3,97,498,1.0,4,3,2
CUST105693,Ahmad Osman,2024-12-16,Singapore,Premium,45-54,2026-07-07,15,1617.76,107.85,6,22,590,0.0,2,1,1
CUST105694,Nur Aisyah Chua,2026-02-17,Indonesia,Mainstream,35-44,2026-04-26,10,1293.34,129.33,6,94,162,1.0,4,1,2
CUST105695,Wei Ming Rahman,2025-05-24,Indonesia,Mainstream,55+,2026-06-30,8,1852.67,231.58,5,29,431,0.0,2,2,1
CUST105696,Nur Aisyah Lim,2025-01-15,Singapore,Budget,18-24,2026-06-21,6,743.7,123.95,4,38,560,0.0,2,2,3
CUST105697,Divya Muthu,2024-12-24,Indonesia,Budget,35-44,2026-06-12,4,324.35,81.09,3,47,582,0.0,3,3,4
CUST105698,Aina Osman,2026-03-23,Malaysia,Premium,25-34,2026-07-06,9,1592.36,176.93,6,23,128,0.0,2,1,1
CUST105699,Divya Tan,2024-08-16,Malaysia,Mainstream,45-54,2026-05-14,5,650.74,130.15,3,76,712,0.0,3,3,3
CUST105700,Priya Osman,2026-01-11,Thailand,Premium,18-24,2026-06-25,11,1593.79,144.89,7,34,199,0.0,2,1,1
CUST105701,Wei Ming Lim,2025-10-17,Indonesia,Premium,25-34,2026-07-28,9,948.2,105.36,3,1,285,0.0,1,1,2
CUST105702,Haziq Tan,2026-03-11,Malaysia,Mainstream,45-54,2026-07-13,7,1170.28,167.18,6,16,140,0.0,1,2,2
CUST105703,Nabila Chua,2026-04-11,Singapore,Mainstream,25-34,2026-07-24,9,2635.17,292.8,4,5,109,0.0,1,1,1
CUST105704,Aina Chong,2026-01-24,Singapore,Mainstream,35-44,2026-06-01,7,810.16,115.74,5,58,186,0.0,3,2,3
CUST105705,Hui Ling Lee,2026-04-22,Singapore,Mainstream,55+,2026-05-14,8,1724.22,215.53,5,76,98,0.0,3,2,1
CUST105706,Haziq Muthu,2025-02-10,Singapore,Mainstream,25-34,2026-05-26,6,422.6,70.43,5,64,534,0.0,3,2,4
CUST105707,Farhan Osman,2025-05-19,Singapore,Budget,35-44,2026-02-15,1,40.29,40.29,1,164,436,1.0,4,4,4
CUST105708,Xin Yi Tan,2025-10-18,Malaysia,Premium,55+,2026-07-15,15,2767.66,184.51,6,14,284,0.0,1,1,1
CUST105709,Zhi Hao Nair,2025-06-25,Indonesia,Mainstream,35-44,2026-07-28,8,448.38,56.05,4,1,399,0.0,1,2,4
CUST105710,Ahmad Chua,2025-05-14,Singapore,Premium,25-34,2026-07-13,10,2045.39,204.54,5,16,441,0.0,1,1,1
CUST105711,Suresh Chong,2026-03-17,Malaysia,Budget,45-54,2026-01-02,5,900.66,180.13,4,208,134,1.0,4,3,2
CUST105712,Priya Goh,2025-12-25,Thailand,Mainstream,35-44,2026-07-22,6,535.59,89.26,4,7,216,0.0,1,2,3
CUST105713,Nabila Yusof,2024-10-24,Singapore,Mainstream,45-54,2026-06-16,8,438.04,54.76,4,43,643,0.0,3,2,4
CUST105714,Zhi Hao Lim,2026-07-21,Indonesia,Mainstream,35-44,2026-04-30,9,1557.2,173.02,5,90,8,0.0,4,1,1
CUST105715,Farhan Bin Abdullah,2024-08-30,Singapore,Budget,25-34,2026-07-25,5,941.8,188.36,3,4,698,0.0,1,3,2
CUST105716,Ahmad Osman,2024-08-25,Malaysia,Budget,45-54,2026-02-19,5,1185.8,237.16,5,160,703,1.0,4,3,2
CUST105717,Siti Goh,2026-01-26,Indonesia,Mainstream,18-24,2026-04-04,7,739.39,105.63,4,116,184,1.0,4,2,3
CUST105718,Arif Lim,2025-12-07,Singapore,Premium,45-54,2026-07-20,10,1038.31,103.83,4,9,234,0.0,1,1,2
CUST105719,Nabila Lim,2026-02-28,Singapore,Budget,45-54,2026-04-21,4,385.78,96.44,3,99,151,1.0,4,3,4
CUST105720,Ravi Chua,2025-06-15,Thailand,Budget,55+,2025-12-14,2,57.78,28.89,2,227,409,1.0,4,4,4
CUST105721,Priya Tan,2026-02-23,Singapore,Mainstream,18-24,2026-05-10,7,929.12,132.73,4,80,156,0.0,3,2,2
CUST105722,Priya Lim,2024-12-29,Indonesia,Budget,25-34,2026-06-25,6,954.58,159.1,4,34,577,0.0,2,2,2
CUST105723,Aina Muthu,2025-10-20,Malaysia,Budget,25-34,2026-07-27,4,307.44,76.86,4,2,282,0.0,1,3,4
CUST105724,Nabila Osman,2024-08-22,Singapore,Mainstream,25-34,2026-06-26,6,845.49,140.92,5,33,706,0.0,2,2,3
CUST105725,Xin Yi Muthu,2024-11-14,Indonesia,Mainstream,25-34,2026-05-18,6,855.17,142.53,4,72,622,0.0,3,2,3
CUST105726,Xin Yi Nair,2025-10-10,Malaysia,Budget,35-44,2025-12-11,3,799.4,266.47,3,230,292,1.0,4,4,3
CUST105727,Nabila Rahman,2025-05-20,Singapore,Budget,25-34,2026-06-14,3,159.23,53.08,3,45,435,0.0,3,4,4
CUST105728,Farhan Muthu,2026-07-12,Thailand,Premium,55+,2026-06-03,12,3126.66,260.56,5,56,17,0.0,3,1,1
CUST105729,Priya Rahman,2026-06-10,Malaysia,Mainstream,25-34,2026-04-08,6,567.2,94.53,4,112,49,1.0,4,2,3
CUST105730,Nur Aisyah Rahman,2025-07-25,Indonesia,Mainstream,25-34,2026-06-16,6,2287.33,381.22,4,43,369,0.0,3,2,1
CUST105731,Divya Muthu,2025-08-18,Singapore,Budget,35-44,2026-06-18,6,1518.96,253.16,3,41,345,0.0,3,2,1
CUST105732,Arif Yusof,2025-10-12,Singapore,Mainstream,25-34,2025-12-14,4,1117.66,279.42,4,227,290,1.0,4,3,2
CUST105733,Xin Yi Muthu,2026-05-25,Indonesia,Mainstream,35-44,2026-07-14,11,1150.22,104.57,5,15,65,0.0,1,1,2
CUST105734,Xin Yi Bin Abdullah,2024-11-23,Indonesia,Budget,35-44,2026-05-08,3,250.69,83.56,2,82,613,0.0,4,4,4
CUST105735,Mei Ling Goh,2025-10-06,Singapore,Mainstream,35-44,2026-05-29,7,586.92,83.85,4,61,296,0.0,3,2,3
CUST105736,Chen Wei Nair,2025-08-20,Indonesia,Mainstream,35-44,2026-06-09,8,1479.72,184.96,6,50,343,0.0,3,2,1
CUST105737,Nabila Yusof,2025-10-08,Malaysia,Budget,45-54,2026-07-24,8,1936.45,242.06,4,5,294,0.0,1,2,1
CUST105738,Hui Ling Muthu,2025-07-31,Singapore,Mainstream,55+,2026-04-03,5,494.94,98.99,3,117,363,1.0,4,3,3
CUST105739,Nur Aisyah Wong,2025-04-12,Indonesia,Budget,18-24,2026-02-25,5,251.88,50.38,3,154,473,1.0,4,3,4
CUST105740,Siti Yusof,2025-01-18,Malaysia,Mainstream,35-44,2026-06-27,5,253.21,50.64,4,32,557,0.0,2,3,4
CUST105741,Wei Ming Nair,2025-06-23,Malaysia,Premium,45-54,2026-06-06,13,2579.19,198.4,5,53,401,0.0,3,1,1
CUST105742,Suresh Chua,2026-03-30,Indonesia,Budget,18-24,2026-06-26,4,1147.74,286.94,3,33,121,0.0,2,3,2
CUST105743,Priya Muthu,2024-10-29,Malaysia,Budget,35-44,2026-05-05,5,297.61,59.52,4,85,638,0.0,4,3,4
CUST105744,Jia Xin Yusof,2026-01-03,Thailand,Budget,35-44,2026-03-24,6,1189.0,198.17,5,127,207,1.0,4,2,2
CUST105745,Ahmad Lim,2026-07-18,Indonesia,Premium,25-34,2026-07-22,16,2039.41,127.46,6,7,11,0.0,1,1,1
CUST105746,Wei Ming Bin Abdullah,2026-07-01,Malaysia,Budget,25-34,2026-03-20,2,213.52,106.76,2,131,28,1.0,4,4,4
CUST105747,Chen Wei Goh,2025-01-10,Malaysia,Budget,45-54,2026-06-19,6,1717.18,286.2,5,40,565,0.0,3,2,1
CUST105748,Farhan Goh,2025-10-20,Thailand,Mainstream,18-24,2026-03-24,4,455.45,113.86,3,127,282,1.0,4,3,4
CUST105749,Wei Ming Goh,2026-07-13,Thailand,Mainstream,18-24,2026-06-24,7,1402.48,200.35,4,35,16,0.0,2,2,2
CUST105750,Siti Tan,2024-12-14,Singapore,Mainstream,45-54,2026-05-04,10,1533.07,153.31,6,86,592,0.0,4,1,1
CUST105751,Xin Yi Wong,2025-12-19,Singapore,Premium,45-54,2026-06-16,16,3125.18,195.32,7,43,222,0.0,3,1,1
CUST105752,Kumar Chua,2024-08-15,Malaysia,Budget,35-44,2025-11-15,3,551.79,183.93,2,256,713,1.0,4,4,3
CUST105753,Priya Chua,2024-10-25,Thailand,Mainstream,25-34,2026-06-10,8,1528.11,191.01,5,49,642,0.0,3,2,1
CUST105754,Nur Aisyah Lim,2026-06-24,Thailand,Mainstream,18-24,2026-07-03,11,2506.65,227.88,5,26,35,0.0,2,1,1
CUST105755,Priya Nair,2025-03-12,Indonesia,Budget,45-54,2026-06-27,1,64.42,64.42,1,32,504,0.0,2,4,4
CUST105756,Siti Bin Abdullah,2025-05-15,Singapore,Premium,25-34,2026-07-19,14,2158.71,154.19,5,10,440,0.0,1,1,1
CUST105757,Ravi Kaur,2026-03-26,Thailand,Mainstream,55+,2026-03-25,6,952.48,158.75,3,126,125,1.0,4,2,2
CUST105758,Farhan Binte Ismail,2025-11-21,Singapore,Budget,45-54,2026-05-29,1,49.08,49.08,1,61,250,0.0,3,4,4
CUST105759,Wei Ming Tan,2025-08-05,Malaysia,Budget,18-24,2026-05-04,3,958.43,319.48,3,86,358,0.0,4,4,2
CUST105760,Aina Lim,2026-04-14,Malaysia,Budget,35-44,2026-05-17,9,2012.02,223.56,5,73,106,0.0,3,1,1
CUST105761,Siti Muthu,2025-02-18,Malaysia,Premium,55+,2026-07-19,16,1785.68,111.6,6,10,526,0.0,1,1,1
CUST105762,Priya Chua,2026-01-08,Malaysia,Budget,45-54,2026-07-24,6,1347.53,224.59,5,5,202,0.0,1,2,2
CUST105763,Priya Muthu,2024-09-13,Singapore,Premium,35-44,2026-05-21,10,1560.42,156.04,6,69,684,0.0,3,1,1
CUST105764,Haziq Kaur,2024-12-21,Singapore,Budget,25-34,2026-07-19,5,746.07,149.21,3,10,585,0.0,1,3,3
CUST105765,Aina Lee,2025-04-22,Indonesia,Premium,35-44,2026-07-06,14,1580.84,112.92,5,23,463,0.0,2,1,1
CUST105766,Chen Wei Wong,2026-05-03,Singapore,Mainstream,35-44,2026-06-18,10,1069.8,106.98,6,41,87,0.0,3,1,2
CUST105767,Haziq Nair,2026-07-11,Malaysia,Budget,35-44,2026-02-18,3,320.03,106.68,2,161,18,1.0,4,4,4
CUST105768,Zhi Hao Wong,2026-04-14,Singapore,Budget,25-34,2026-03-11,5,750.58,150.12,4,140,106,1.0,4,3,3
CUST105769,Haziq Chua,2025-07-30,Singapore,Mainstream,45-54,2026-05-26,10,854.21,85.42,5,64,364,0.0,3,1,3
CUST105770,Haziq Osman,2025-01-05,Singapore,Budget,35-44,2025-12-22,2,327.51,163.76,2,219,570,1.0,4,4,4
CUST105771,Nur Aisyah Muthu,2026-04-09,Indonesia,Budget,25-34,2026-05-31,3,254.18,84.73,3,59,111,0.0,3,4,4
CUST105772,Haziq Binte Ismail,2025-02-28,Malaysia,Mainstream,25-34,2026-07-28,7,1118.6,159.8,4,1,516,0.0,1,2,2
CUST105773,Nabila Kaur,2026-06-25,Singapore,Premium,25-34,2026-06-22,4,949.85,237.46,3,37,34,0.0,2,3,2
CUST105774,Priya Binte Ismail,2026-01-17,Indonesia,Mainstream,25-34,2026-07-10,12,2266.77,188.9,4,19,193,0.0,2,1,1
CUST105775,Jia Xin Tan,2025-05-19,Singapore,Premium,25-34,2026-07-24,18,2487.27,138.18,7,5,436,0.0,1,1,1
CUST105776,Aina Yusof,2024-12-02,Indonesia,Mainstream,35-44,2026-07-18,10,1671.78,167.18,5,11,604,0.0,1,1,1
CUST105777,Aina Chong,2025-01-08,Singapore,Mainstream,25-34,2026-06-16,8,1553.05,194.13,6,43,567,0.0,3,2,1
CUST105778,Jia Xin Yusof,2025-07-06,Thailand,Budget,25-34,2026-04-28,5,409.5,81.9,4,92,388,1.0,4,3,4
CUST105779,Suresh Lim,2026-07-03,Singapore,Mainstream,18-24,2026-06-18,6,958.49,159.75,5,41,26,0.0,3,2,2
CUST105780,Jia Xin Goh,2025-12-27,Malaysia,Mainstream,25-34,2026-07-14,9,1158.02,128.67,7,15,214,0.0,1,1,2
CUST105781,Suresh Goh,2025-01-03,Malaysia,Mainstream,25-34,2026-06-06,6,748.25,124.71,5,53,572,0.0,3,2,3
CUST105782,Nur Aisyah Lee,2026-05-31,Malaysia,Premium,25-34,2026-06-13,13,1784.35,137.26,6,46,59,0.0,3,1,1
CUST105783,Arif Osman,2025-03-01,Indonesia,Mainstream,35-44,2026-07-27,7,588.91,84.13,6,2,515,0.0,1,2,3
CUST105784,Ahmad Binte Ismail,2025-03-03,Singapore,Mainstream,35-44,2026-03-09,9,822.84,91.43,5,142,513,1.0,4,1,3
CUST105785,Hui Ling Chua,2025-01-27,Malaysia,Mainstream,35-44,2026-05-31,8,911.59,113.95,4,59,548,0.0,3,2,2
CUST105786,Haziq Muthu,2026-02-21,Thailand,Budget,18-24,2026-04-21,2,366.26,183.13,2,99,158,1.0,4,4,4
CUST105787,Nabila Osman,2026-02-01,Thailand,Budget,25-34,2026-05-24,6,693.26,115.54,4,66,178,0.0,3,2,3
CUST105788,Xin Yi Osman,2026-03-07,Malaysia,Premium,18-24,2026-07-27,17,2056.32,120.96,7,2,144,0.0,1,1,1
CUST105789,Nabila Lee,2025-10-15,Malaysia,Budget,25-34,2026-06-24,7,1494.49,213.5,5,35,287,0.0,2,2,1
CUST105790,Xin Yi Osman,2025-07-12,Indonesia,Mainstream,35-44,2026-06-27,8,643.86,80.48,5,32,382,0.0,2,2,3
CUST105791,Arif Yusof,2026-05-03,Indonesia,Mainstream,45-54,2026-06-14,8,913.7,114.21,5,45,87,0.0,3,2,2
CUST105792,Priya Lim,2025-06-10,Thailand,Premium,35-44,2026-07-05,9,2220.83,246.76,6,24,414,0.0,2,1,1
CUST105793,Nur Aisyah Lim,2026-02-05,Indonesia,Mainstream,25-34,2026-07-18,6,678.39,113.06,3,11,174,0.0,1,2,3
CUST105794,Suresh Chua,2025-06-14,Malaysia,Budget,25-34,2026-07-10,7,861.56,123.08,4,19,410,0.0,2,2,2
CUST105795,Arif Nair,2025-12-20,Malaysia,Budget,55+,2026-04-21,7,1547.28,221.04,6,99,221,1.0,4,2,1
CUST105796,Aina Kaur,2024-09-01,Malaysia,Mainstream,25-34,2026-07-28,13,2214.63,170.36,7,1,696,0.0,1,1,1
CUST105797,Zhi Hao Muthu,2025-12-08,Singapore,Budget,18-24,2026-07-01,3,222.84,74.28,3,28,233,0.0,2,4,4
CUST105798,Ahmad Nair,2024-10-31,Indonesia,Mainstream,18-24,2026-05-23,5,448.56,89.71,4,67,636,0.0,3,3,4
CUST105799,Divya Wong,2026-03-24,Malaysia,Budget,55+,2026-05-18,2,77.24,38.62,1,72,127,0.0,3,4,4
CUST105800,Suresh Lee,2026-05-29,Singapore,Budget,45-54,2026-07-20,3,187.65,62.55,3,9,61,0.0,1,4,4
CUST105801,Xin Yi Nair,2026-03-14,Indonesia,Premium,25-34,2026-07-12,12,1773.96,147.83,7,17,137,0.0,2,1,1
CUST105802,Aina Chua,2025-09-26,Singapore,Premium,18-24,2026-06-27,12,1122.87,93.57,6,32,306,0.0,2,1,2
CUST105803,Ravi Chong,2024-10-09,Singapore,Mainstream,45-54,2026-03-21,6,783.29,130.55,5,130,658,1.0,4,2,3
CUST105804,Zhi Hao Kaur,2026-03-23,Malaysia,Budget,25-34,2026-01-07,5,388.18,77.64,3,203,128,1.0,4,3,4
CUST105805,Priya Yusof,2025-01-03,Indonesia,Premium,18-24,2026-06-10,13,2531.85,194.76,6,49,572,0.0,3,1,1
CUST105806,Suresh Yusof,2025-03-08,Malaysia,Mainstream,25-34,2026-06-18,8,1038.42,129.8,4,41,508,0.0,3,2,2
CUST105807,Xin Yi Osman,2025-11-20,Singapore,Premium,25-34,2026-07-07,13,2147.5,165.19,7,22,251,0.0,2,1,1
CUST105808,Jia Xin Tan,2025-11-26,Malaysia,Budget,25-34,2026-05-22,9,1529.89,169.99,7,68,245,0.0,3,1,1
CUST105809,Priya Chua,2024-09-06,Singapore,Budget,35-44,2026-06-21,7,1084.41,154.92,5,38,691,0.0,2,2,2
CUST105810,Haziq Kaur,2025-02-23,Thailand,Mainstream,35-44,2026-03-06,8,704.33,88.04,7,145,521,1.0,4,2,3
CUST105811,Xin Yi Lim,2026-02-05,Singapore,Premium,35-44,2026-07-27,10,853.6,85.36,5,2,174,0.0,1,1,3
CUST105812,Zhi Hao Yusof,2024-10-02,Thailand,Budget,18-24,2026-07-18,2,169.36,84.68,2,11,665,0.0,1,4,4
CUST105813,Ahmad Yusof,2025-10-06,Singapore,Budget,18-24,2026-07-21,3,498.35,166.12,3,8,296,0.0,1,4,3
CUST105814,Mei Ling Kaur,2026-06-01,Singapore,Mainstream,45-54,2026-07-18,8,521.32,65.17,4,11,58,0.0,1,2,3
CUST105815,Zhi Hao Chua,2024-12-13,Malaysia,Premium,25-34,2026-06-30,10,2940.64,294.06,4,29,593,0.0,2,1,1
CUST105816,Siti Rahman,2024-11-02,Indonesia,Mainstream,25-34,2026-04-15,11,1241.15,112.83,6,105,634,1.0,4,1,2
CUST105817,Farhan Binte Ismail,2025-09-09,Thailand,Premium,18-24,2026-06-20,12,1057.95,88.16,7,39,323,0.0,3,1,2
CUST105818,Priya Wong,2025-03-03,Malaysia,Mainstream,25-34,2026-06-29,6,1009.33,168.22,4,30,513,0.0,2,2,2
CUST105819,Priya Lee,2026-02-08,Malaysia,Premium,35-44,2026-04-07,10,1367.51,136.75,7,113,171,1.0,4,1,2
CUST105820,Ahmad Yusof,2024-11-16,Singapore,Mainstream,25-34,2026-07-17,9,738.85,82.09,5,12,620,0.0,1,1,3
CUST105821,Priya Osman,2025-11-02,Malaysia,Budget,35-44,2026-07-25,5,395.33,79.07,3,4,269,0.0,1,3,4
CUST105822,Mei Ling Yusof,2026-01-15,Malaysia,Mainstream,25-34,2026-05-18,5,578.11,115.62,4,72,195,0.0,3,3,3
CUST105823,Arif Bin Abdullah,2025-07-29,Thailand,Mainstream,45-54,2026-07-12,11,1587.48,144.32,7,17,365,0.0,2,1,1
CUST105824,Mei Ling Wong,2026-01-15,Malaysia,Mainstream,35-44,2026-07-05,12,2336.01,194.67,7,24,195,0.0,2,1,1
CUST105825,Mei Ling Bin Abdullah,2025-05-02,Indonesia,Budget,25-34,2026-05-17,5,556.32,111.26,4,73,453,0.0,3,3,3
CUST105826,Mei Ling Yusof,2025-01-30,Indonesia,Mainstream,45-54,2026-07-13,7,579.78,82.83,4,16,545,0.0,1,2,3
CUST105827,Ravi Binte Ismail,2025-10-06,Singapore,Mainstream,55+,2026-06-23,9,832.68,92.52,4,36,296,0.0,2,1,3
CUST105828,Priya Kaur,2025-01-04,Malaysia,Budget,18-24,2026-07-12,6,791.34,131.89,4,17,571,0.0,2,2,3
CUST105829,Ahmad Chua,2025-09-18,Thailand,Premium,35-44,2026-06-28,12,1940.0,161.67,6,31,314,0.0,2,1,1
CUST105830,Jia Xin Yusof,2024-08-20,Malaysia,Budget,35-44,2026-02-28,6,640.8,106.8,5,151,708,1.0,4,2,3
CUST105831,Suresh Rahman,2026-01-18,Malaysia,Budget,35-44,2026-02-17,2,995.62,497.81,2,162,192,1.0,4,4,2
CUST105832,Haziq Rahman,2025-03-02,Thailand,Budget,18-24,2026-05-27,5,630.64,126.13,4,63,514,0.0,3,3,3
CUST105833,Priya Nair,2025-07-04,Singapore,Mainstream,18-24,2026-07-02,12,1317.02,109.75,7,27,390,0.0,2,1,2
CUST105834,Zhi Hao Chong,2024-09-09,Thailand,Budget,25-34,2026-01-10,4,1128.51,282.13,4,200,688,1.0,4,3,2
CUST105835,Siti Lim,2026-02-19,Malaysia,Mainstream,18-24,2026-07-20,3,649.42,216.47,2,9,160,0.0,1,4,3
CUST105836,Chen Wei Muthu,2026-03-08,Malaysia,Mainstream,25-34,2026-07-02,13,1366.41,105.11,6,27,143,0.0,2,1,2
CUST105837,Suresh Kaur,2024-11-03,Singapore,Mainstream,45-54,2026-06-25,10,869.0,86.9,5,34,633,0.0,2,1,2
CUST105838,Suresh Kaur,2024-10-10,Malaysia,Premium,25-34,2026-06-25,13,1688.12,129.86,6,34,657,0.0,2,1,1
CUST105839,Hui Ling Bin Abdullah,2025-01-30,Singapore,Premium,25-34,2026-06-12,16,1967.03,122.94,7,47,545,0.0,3,1,1
CUST105840,Kumar Wong,2025-08-17,Singapore,Budget,25-34,2026-07-01,5,778.83,155.77,3,28,346,0.0,2,3,3
CUST105841,Chen Wei Rahman,2025-10-03,Malaysia,Budget,25-34,2026-06-12,5,823.28,164.66,4,47,299,0.0,3,3,3
CUST105842,Zhi Hao Rahman,2025-03-30,Singapore,Budget,45-54,2026-05-28,3,743.58,247.86,3,62,486,0.0,3,4,3
CUST105843,Zhi Hao Chong,2025-01-30,Malaysia,Mainstream,45-54,2026-06-15,7,913.43,130.49,4,44,545,0.0,3,2,2
CUST105844,Nur Aisyah Lee,2026-01-09,Singapore,Budget,25-34,2026-06-28,8,726.22,90.78,5,31,201,0.0,2,2,3
CUST105845,Arif Muthu,2026-07-24,Singapore,Mainstream,25-34,2026-07-17,6,211.66,35.28,5,12,5,0.0,1,2,4
CUST105846,Ravi Goh,2026-06-06,Singapore,Mainstream,25-34,2026-05-14,8,1279.03,159.88,6,76,53,0.0,3,2,2
CUST105847,Suresh Binte Ismail,2025-11-20,Malaysia,Mainstream,55+,2026-05-06,10,2012.07,201.21,5,84,251,0.0,4,1,1
CUST105848,Ravi Lim,2025-03-19,Singapore,Budget,25-34,2026-03-18,4,645.28,161.32,3,133,497,1.0,4,3,3
CUST105849,Nabila Chua,2025-09-11,Singapore,Budget,25-34,2025-12-13,1,8.66,8.66,1,228,321,1.0,4,4,4
CUST105850,Aina Goh,2025-05-04,Malaysia,Budget,25-34,2026-04-21,3,400.82,133.61,3,99,451,1.0,4,4,4
CUST105851,Haziq Osman,2025-08-21,Indonesia,Mainstream,18-24,2026-07-26,12,1695.0,141.25,7,3,342,0.0,1,1,1
CUST105852,Arif Tan,2026-01-27,Indonesia,Mainstream,25-34,2026-07-08,8,737.9,92.24,5,21,183,0.0,2,2,3
CUST105853,Nabila Binte Ismail,2025-01-29,Singapore,Mainstream,55+,2026-05-04,7,1189.37,169.91,5,86,546,0.0,4,2,2
CUST105854,Farhan Tan,2025-02-16,Thailand,Mainstream,18-24,2026-04-10,3,198.81,66.27,2,110,528,1.0,4,4,4
CUST105855,Zhi Hao Osman,2024-08-26,Malaysia,Mainstream,25-34,2026-06-26,5,428.45,85.69,2,33,702,0.0,2,3,4
CUST105856,Haziq Chong,2024-12-04,Malaysia,Budget,25-34,2026-06-16,5,1208.52,241.7,4,43,602,0.0,3,3,2
CUST105857,Aina Kaur,2025-10-25,Singapore,Budget,25-34,2025-12-08,1,79.92,79.92,1,233,277,1.0,4,4,4
CUST105858,Farhan Chong,2025-03-02,Singapore,Budget,55+,2026-07-25,8,751.55,93.94,5,4,514,0.0,1,2,3
CUST105859,Chen Wei Binte Ismail,2025-11-16,Malaysia,Budget,35-44,2026-07-23,3,156.28,52.09,3,6,255,0.0,1,4,4
CUST105860,Mei Ling Nair,2024-10-30,Singapore,Budget,55+,2026-06-29,4,518.93,129.73,3,30,637,0.0,2,3,3
CUST105861,Divya Tan,2025-05-10,Indonesia,Mainstream,45-54,2026-03-20,3,332.19,110.73,2,131,445,1.0,4,4,4
CUST105862,Kumar Nair,2024-11-27,Singapore,Budget,35-44,2026-04-27,4,508.6,127.15,3,93,609,1.0,4,3,3
CUST105863,Aina Chua,2026-01-05,Singapore,Budget,35-44,2026-07-19,2,414.55,207.27,2,10,205,0.0,1,4,4
CUST105864,Nabila Yusof,2026-07-19,Singapore,Budget,35-44,2026-06-29,6,431.55,71.92,4,30,10,0.0,2,2,4
CUST105865,Divya Rahman,2026-04-17,Singapore,Budget,35-44,,0,0.0,0.0,0,9999,103,,4,4,4
CUST105866,Jia Xin Osman,2025-07-07,Malaysia,Budget,35-44,2026-07-11,6,671.01,111.84,4,18,387,0.0,2,2,3
CUST105867,Mei Ling Yusof,2024-08-27,Singapore,Budget,35-44,2026-06-16,3,445.84,148.61,2,43,701,0.0,3,4,4
CUST105868,Arif Lim,2025-04-28,Malaysia,Budget,25-34,2026-06-18,6,851.8,141.97,4,41,457,0.0,3,2,3
CUST105869,Siti Bin Abdullah,2024-12-16,Singapore,Premium,35-44,2026-07-24,8,1034.6,129.32,4,5,590,0.0,1,2,2
CUST105870,Zhi Hao Nair,2025-08-21,Malaysia,Budget,25-34,2026-07-21,5,530.4,106.08,4,8,342,0.0,1,3,3
CUST105871,Divya Rahman,2024-08-29,Thailand,Budget,35-44,2026-07-22,8,1308.57,163.57,4,7,699,0.0,1,2,2
CUST105872,Divya Lim,2024-09-11,Thailand,Mainstream,35-44,2026-05-05,7,606.31,86.62,4,85,686,0.0,4,2,3
CUST105873,Mei Ling Bin Abdullah,2026-02-20,Malaysia,Budget,35-44,2026-03-02,2,172.79,86.4,1,149,159,1.0,4,4,4
CUST105874,Hui Ling Bin Abdullah,2024-11-07,Malaysia,Mainstream,35-44,2026-07-14,14,2729.41,194.96,7,15,629,0.0,1,1,1
CUST105875,Arif Kaur,2026-07-16,Indonesia,Budget,45-54,2025-08-03,1,662.47,662.47,1,360,13,1.0,4,4,3
CUST105876,Ahmad Nair,2025-05-23,Thailand,Premium,45-54,2026-06-25,10,972.42,97.24,5,34,432,0.0,2,1,2
CUST105877,Farhan Bin Abdullah,2025-09-13,Malaysia,Premium,25-34,2026-06-05,18,2843.84,157.99,7,54,319,0.0,3,1,1
CUST105878,Wei Ming Yusof,2025-12-22,Singapore,Mainstream,25-34,2026-05-25,9,1455.89,161.77,5,65,219,0.0,3,1,1
CUST105879,Nabila Rahman,2024-09-16,Indonesia,Budget,18-24,2026-03-04,2,36.76,18.38,2,147,681,1.0,4,4,4
CUST105880,Siti Rahman,2025-04-02,Singapore,Mainstream,18-24,2026-07-18,6,980.0,163.33,5,11,483,0.0,1,2,2
CUST105881,Siti Binte Ismail,2026-04-20,Indonesia,Budget,25-34,2026-06-15,4,552.22,138.06,4,44,100,0.0,3,3,3
CUST105882,Mei Ling Chua,2026-04-19,Singapore,Mainstream,45-54,2026-03-25,4,754.28,188.57,4,126,101,1.0,4,3,3
CUST105883,Ravi Goh,2026-05-05,Singapore,Budget,45-54,2026-05-29,9,2178.7,242.08,6,61,85,0.0,3,1,1
CUST105884,Jia Xin Kaur,2025-12-20,Indonesia,Mainstream,25-34,2026-06-20,8,2187.47,273.43,4,39,221,0.0,3,2,1
CUST105885,Jia Xin Tan,2026-06-09,Indonesia,Budget,45-54,2026-05-17,2,146.66,73.33,2,73,50,0.0,3,4,4
CUST105886,Jia Xin Binte Ismail,2026-01-18,Malaysia,Mainstream,25-34,2026-07-17,5,590.26,118.05,4,12,192,0.0,1,3,3
CUST105887,Mei Ling Bin Abdullah,2025-01-17,Indonesia,Budget,45-54,2026-02-15,4,349.68,87.42,3,164,558,1.0,4,3,4
CUST105888,Ravi Osman,2024-10-30,Thailand,Budget,25-34,2026-07-04,4,744.94,186.24,4,25,637,0.0,2,3,3
CUST105889,Nabila Lim,2025-01-02,Malaysia,Mainstream,35-44,2026-07-08,9,1711.36,190.15,7,21,573,0.0,2,1,1
CUST105890,Arif Goh,2025-08-01,Thailand,Mainstream,25-34,2025-12-07,4,478.14,119.54,3,234,362,1.0,4,3,3
CUST105891,Haziq Chong,2025-03-09,Malaysia,Budget,18-24,2025-11-22,2,43.38,21.69,1,249,507,1.0,4,4,4
CUST105892,Priya Kaur,2024-09-08,Singapore,Budget,25-34,2026-04-27,7,938.3,134.04,4,93,689,1.0,4,2,2
CUST105893,Ahmad Osman,2026-06-21,Indonesia,Premium,35-44,2026-07-27,16,1986.25,124.14,7,2,38,0.0,1,1,1
CUST105894,Ahmad Tan,2024-10-07,Malaysia,Mainstream,55+,2026-07-28,12,902.86,75.24,5,1,660,0.0,1,1,2
CUST105895,Aina Chua,2025-02-16,Thailand,Mainstream,35-44,2026-02-02,4,343.82,85.96,4,177,528,1.0,4,3,4
CUST105896,Kumar Lim,2025-10-20,Singapore,Mainstream,45-54,2026-07-14,7,1210.65,172.95,5,15,282,0.0,1,2,2
CUST105897,Arif Osman,2025-09-05,Singapore,Mainstream,18-24,2026-04-08,4,597.02,149.26,3,112,327,1.0,4,3,3
CUST105898,Farhan Kaur,2025-09-12,Singapore,Mainstream,45-54,2026-06-01,9,1275.79,141.75,5,58,320,0.0,3,1,2
CUST105899,Nabila Tan,2026-04-05,Malaysia,Budget,45-54,2026-05-07,5,702.67,140.53,3,83,115,0.0,4,3,3
CUST105900,Siti Osman,2026-02-11,Indonesia,Mainstream,25-34,2026-07-21,7,820.2,117.17,5,8,168,0.0,1,2,3
CUST105901,Ahmad Tan,2025-12-26,Malaysia,Mainstream,35-44,2026-05-02,7,825.62,117.95,4,88,215,0.0,4,2,3
CUST105902,Ravi Bin Abdullah,2026-07-25,Singapore,Budget,18-24,2026-04-25,7,1564.5,223.5,4,95,4,1.0,4,2,1
CUST105903,Xin Yi Chua,2025-07-29,Malaysia,Mainstream,25-34,2026-07-23,11,2117.79,192.53,6,6,365,0.0,1,1,1
CUST105904,Haziq Lee,2025-08-16,Singapore,Budget,18-24,2026-02-08,2,259.01,129.5,2,171,347,1.0,4,4,4
CUST105905,Kumar Muthu,2025-12-01,Malaysia,Budget,35-44,2026-05-12,6,917.83,152.97,3,78,240,0.0,3,2,2
CUST105906,Divya Nair,2026-03-23,Indonesia,Mainstream,45-54,2026-06-08,7,1135.22,162.17,5,51,128,0.0,3,2,2
CUST105907,Arif Nair,2024-08-21,Singapore,Premium,18-24,2026-07-18,17,3741.53,220.09,6,11,707,0.0,1,1,1
CUST105908,Divya Rahman,2025-03-21,Malaysia,Budget,55+,2026-06-15,7,803.29,114.76,5,44,495,0.0,3,2,3
CUST105909,Xin Yi Bin Abdullah,2025-08-17,Malaysia,Mainstream,45-54,2026-06-27,6,628.54,104.76,4,32,346,0.0,2,2,3
CUST105910,Ravi Goh,2025-02-17,Singapore,Budget,35-44,2026-03-15,3,691.2,230.4,2,136,527,1.0,4,4,3
CUST105911,Divya Lim,2025-10-31,Malaysia,Mainstream,55+,2026-04-11,7,1657.7,236.81,5,109,271,1.0,4,2,1
CUST105912,Divya Kaur,2026-02-22,Malaysia,Mainstream,45-54,2026-06-26,6,1089.23,181.54,6,33,157,0.0,2,2,2
CUST105913,Divya Rahman,2025-03-25,Malaysia,Mainstream,25-34,2026-06-21,10,1601.46,160.15,5,38,491,0.0,2,1,1
CUST105914,Zhi Hao Binte Ismail,2025-01-13,Singapore,Budget,55+,2026-05-24,5,744.94,148.99,4,66,562,0.0,3,3,3
CUST105915,Divya Chong,2025-04-11,Singapore,Budget,25-34,2026-07-21,3,162.77,54.26,2,8,474,0.0,1,4,4
CUST105916,Zhi Hao Chua,2025-06-11,Indonesia,Mainstream,25-34,2026-06-26,5,488.81,97.76,4,33,413,0.0,2,3,3
CUST105917,Suresh Chua,2026-07-28,Singapore,Budget,25-34,2026-05-07,4,1017.68,254.42,3,83,1,0.0,4,3,2
CUST105918,Xin Yi Muthu,2025-04-20,Indonesia,Budget,35-44,2025-12-31,2,633.96,316.98,2,210,465,1.0,4,4,3
CUST105919,Siti Rahman,2025-05-04,Malaysia,Budget,55+,2026-04-19,4,676.97,169.24,4,101,451,1.0,4,3,3
CUST105920,Ahmad Lee,2025-10-01,Malaysia,Mainstream,25-34,2026-06-30,12,1633.48,136.12,6,29,301,0.0,2,1,1
CUST105921,Ravi Tan,2026-02-02,Indonesia,Budget,35-44,2026-05-25,2,52.28,26.14,1,65,177,0.0,3,4,4
CUST105922,Arif Chua,2024-08-14,Malaysia,Mainstream,25-34,2026-07-26,9,1516.99,168.55,6,3,714,0.0,1,1,1
CUST105923,Haziq Rahman,2025-10-29,Singapore,Budget,45-54,2026-03-26,3,1077.24,359.08,2,125,273,1.0,4,4,2
CUST105924,Priya Chong,2026-01-12,Singapore,Mainstream,18-24,2026-07-05,5,980.28,196.06,5,24,198,0.0,2,3,2
CUST105925,Mei Ling Bin Abdullah,2025-03-01,Indonesia,Premium,35-44,2026-06-28,13,1311.16,100.86,6,31,515,0.0,2,1,2
CUST105926,Ahmad Osman,2025-08-12,Malaysia,Budget,35-44,2026-05-05,4,514.24,128.56,2,85,351,0.0,4,3,3
CUST105927,Ravi Osman,2025-06-18,Indonesia,Mainstream,18-24,2026-07-18,10,1051.78,105.18,5,11,406,0.0,1,1,2
CUST105928,Zhi Hao Muthu,2025-04-12,Malaysia,Mainstream,55+,2026-05-25,9,1105.48,122.83,6,65,473,0.0,3,1,2
CUST105929,Siti Tan,2025-11-02,Malaysia,Budget,55+,2026-04-16,4,973.82,243.46,4,104,269,1.0,4,3,2
CUST105930,Arif Goh,2026-04-09,Singapore,Mainstream,25-34,2026-06-26,10,1921.29,192.13,4,33,111,0.0,2,1,1
CUST105931,Zhi Hao Binte Ismail,2026-03-29,Singapore,Premium,35-44,2026-07-18,19,1865.16,98.17,6,11,122,0.0,1,1,1
CUST105932,Suresh Rahman,2024-09-12,Indonesia,Mainstream,45-54,2026-06-17,8,588.05,73.51,5,42,685,0.0,3,2,3
CUST105933,Divya Binte Ismail,2025-07-25,Singapore,Premium,18-24,2026-07-12,11,2297.7,208.88,5,17,369,0.0,2,1,1
CUST105934,Hui Ling Rahman,2025-09-28,Thailand,Mainstream,18-24,2026-02-04,7,522.09,74.58,3,175,304,1.0,4,2,3
CUST105935,Siti Chong,2025-12-08,Singapore,Mainstream,35-44,2026-06-14,6,508.42,84.74,3,45,233,0.0,3,2,3
CUST105936,Wei Ming Binte Ismail,2025-02-18,Malaysia,Budget,35-44,2026-04-10,2,173.58,86.79,2,110,526,1.0,4,4,4
CUST105937,Divya Wong,2024-10-01,Singapore,Premium,35-44,2026-07-04,19,3732.6,196.45,7,25,666,0.0,2,1,1
CUST105938,Zhi Hao Nair,2025-01-14,Indonesia,Mainstream,35-44,2026-06-26,4,990.7,247.68,4,33,561,0.0,2,3,2
CUST105939,Nabila Osman,2025-07-04,Singapore,Budget,35-44,2026-01-08,3,1038.16,346.05,3,202,390,1.0,4,4,2
CUST105940,Siti Yusof,2025-08-16,Malaysia,Mainstream,25-34,2026-06-23,9,1190.7,132.3,6,36,347,0.0,2,1,2
CUST105941,Zhi Hao Chong,2024-11-04,Thailand,Mainstream,25-34,2026-04-30,4,541.35,135.34,4,90,632,0.0,4,3,3
CUST105942,Xin Yi Bin Abdullah,2024-11-11,Malaysia,Premium,25-34,2026-07-22,18,1569.85,87.21,7,7,625,0.0,1,1,1
CUST105943,Jia Xin Osman,2025-10-18,Singapore,Mainstream,25-34,2026-07-12,7,633.78,90.54,5,17,284,0.0,2,2,3
CUST105944,Suresh Tan,2024-08-25,Indonesia,Premium,45-54,2026-07-23,8,1412.91,176.61,7,6,703,0.0,1,2,1
CUST105945,Mei Ling Binte Ismail,2024-12-02,Malaysia,Mainstream,45-54,2026-06-17,4,752.26,188.06,3,42,604,0.0,3,3,3
CUST105946,Nur Aisyah Tan,2024-11-19,Singapore,Mainstream,25-34,2026-07-10,11,1036.9,94.26,7,19,617,0.0,2,1,2
CUST105947,Ahmad Yusof,2026-06-18,Malaysia,Mainstream,35-44,2026-07-27,7,1383.12,197.59,6,2,41,0.0,1,2,2
CUST105948,Ahmad Wong,2026-04-26,Indonesia,Budget,25-34,2026-06-27,6,1788.69,298.12,3,32,94,0.0,2,2,1
CUST105949,Xin Yi Nair,2025-12-24,Malaysia,Budget,35-44,2026-07-18,8,1371.09,171.39,5,11,217,0.0,1,2,2
CUST105950,Chen Wei Wong,2025-01-20,Indonesia,Premium,55+,2026-07-16,8,2043.76,255.47,5,13,555,0.0,1,2,1
CUST105951,Siti Lee,2026-06-02,Indonesia,Premium,25-34,2026-07-16,19,3472.78,182.78,7,13,57,0.0,1,1,1
CUST105952,Ahmad Lee,2026-05-30,Malaysia,Premium,45-54,2026-07-11,14,1124.33,80.31,7,18,60,0.0,2,1,2
CUST105953,Haziq Tan,2026-07-06,Singapore,Budget,18-24,2026-03-23,5,438.58,87.72,4,128,23,1.0,4,3,4
CUST105954,Ahmad Lee,2026-03-11,Indonesia,Budget,25-34,2026-07-03,4,393.75,98.44,4,26,140,0.0,2,3,4
CUST105955,Siti Nair,2024-09-27,Malaysia,Premium,35-44,2026-05-20,10,2305.91,230.59,5,70,670,0.0,3,1,1
CUST105956,Haziq Chong,2025-02-18,Singapore,Budget,45-54,2026-06-26,2,805.73,402.86,2,33,526,0.0,2,4,3
CUST105957,Hui Ling Lim,2025-02-21,Singapore,Mainstream,35-44,2026-04-12,8,1207.34,150.92,5,108,523,1.0,4,2,2
CUST105958,Farhan Yusof,2025-12-28,Thailand,Budget,45-54,2026-07-25,7,883.42,126.2,5,4,213,0.0,1,2,2
CUST105959,Priya Rahman,2025-04-29,Singapore,Premium,45-54,2026-07-17,12,1098.77,91.56,6,12,456,0.0,1,1,2
CUST105960,Suresh Tan,2025-01-07,Singapore,Mainstream,35-44,2026-06-23,3,333.97,111.32,3,36,568,0.0,2,4,4
CUST105961,Hui Ling Bin Abdullah,2025-07-06,Singapore,Budget,25-34,2026-05-17,5,532.87,106.57,4,73,388,0.0,3,3,3
CUST105962,Nabila Kaur,2024-11-12,Singapore,Mainstream,25-34,2026-06-09,8,1465.18,183.15,6,50,624,0.0,3,2,1
CUST105963,Nur Aisyah Rahman,2025-06-09,Thailand,Budget,35-44,2026-07-21,7,1011.54,144.51,6,8,415,0.0,1,2,2
CUST105964,Nabila Yusof,2025-12-05,Malaysia,Mainstream,35-44,2026-07-18,11,2065.47,187.77,5,11,236,0.0,1,1,1
CUST105965,Siti Binte Ismail,2025-04-19,Indonesia,Mainstream,25-34,2026-07-28,5,794.59,158.92,4,1,466,0.0,1,3,3
CUST105966,Hui Ling Chua,2024-09-09,Indonesia,Mainstream,25-34,2026-07-13,10,1396.86,139.69,6,16,688,0.0,1,1,2
CUST105967,Arif Rahman,2024-12-03,Malaysia,Budget,25-34,2026-07-08,3,336.44,112.15,3,21,603,0.0,2,4,4
CUST105968,Priya Nair,2025-07-31,Indonesia,Budget,18-24,2026-07-08,3,209.27,69.76,3,21,363,0.0,2,4,4
CUST105969,Zhi Hao Chua,2025-05-20,Thailand,Budget,25-34,2026-04-21,2,110.05,55.03,2,99,435,1.0,4,4,4
CUST105970,Kumar Wong,2024-08-16,Indonesia,Premium,45-54,2026-06-19,14,2121.45,151.53,6,40,712,0.0,3,1,1
CUST105971,Jia Xin Tan,2025-01-29,Indonesia,Budget,45-54,2026-07-14,7,414.37,59.2,5,15,546,0.0,1,2,4
CUST105972,Ravi Chong,2025-07-28,Malaysia,Mainstream,55+,2026-04-26,6,291.3,48.55,3,94,366,1.0,4,2,4
CUST105973,Mei Ling Goh,2026-01-05,Indonesia,Budget,35-44,2026-03-16,3,234.48,78.16,3,135,205,1.0,4,4,4
CUST105974,Nur Aisyah Goh,2024-10-06,Singapore,Premium,25-34,2026-07-22,16,3394.82,212.18,7,7,661,0.0,1,1,1
CUST105975,Aina Binte Ismail,2024-08-15,Indonesia,Mainstream,35-44,2026-04-28,6,584.16,97.36,3,92,713,1.0,4,2,3
CUST105976,Aina Chua,2026-06-08,Malaysia,Budget,45-54,2026-07-03,5,485.42,97.08,3,26,51,0.0,2,3,3
CUST105977,Jia Xin Wong,2026-07-06,Malaysia,Mainstream,35-44,2026-03-07,2,109.68,54.84,2,144,23,1.0,4,4,4
CUST105978,Haziq Bin Abdullah,2026-05-06,Thailand,Mainstream,35-44,2026-06-07,8,1472.19,184.02,5,52,84,0.0,3,2,1
CUST105979,Wei Ming Nair,2025-10-20,Malaysia,Mainstream,35-44,2026-07-12,8,962.05,120.26,4,17,282,0.0,2,2,2
CUST105980,Chen Wei Kaur,2026-04-04,Singapore,Premium,18-24,2026-03-31,10,1085.32,108.53,4,120,116,1.0,4,1,2
CUST105981,Arif Chong,2024-10-24,Indonesia,Mainstream,25-34,2026-06-06,4,274.27,68.57,3,53,643,0.0,3,3,4
CUST105982,Kumar Osman,2024-09-30,Thailand,Premium,25-34,2026-07-22,11,1761.54,160.14,6,7,667,0.0,1,1,1
CUST105983,Zhi Hao Wong,2026-03-20,Malaysia,Mainstream,25-34,2026-07-11,9,1580.78,175.64,5,18,131,0.0,2,1,1
CUST105984,Zhi Hao Yusof,2024-12-01,Thailand,Budget,45-54,2026-04-04,6,1437.51,239.58,4,116,605,1.0,4,2,1
CUST105985,Aina Wong,2026-04-17,Indonesia,Mainstream,25-34,2026-05-16,12,2854.96,237.91,5,74,103,0.0,3,1,1
CUST105986,Divya Tan,2025-01-01,Thailand,Mainstream,18-24,2026-06-28,12,1156.35,96.36,6,31,574,0.0,2,1,2
CUST105987,Farhan Wong,2025-11-05,Singapore,Budget,45-54,2026-06-08,3,669.05,223.02,2,51,266,0.0,3,4,3
CUST105988,Ahmad Goh,2026-06-30,Malaysia,Mainstream,45-54,2026-03-25,5,1062.02,212.4,2,126,29,1.0,4,3,2
CUST105989,Nabila Kaur,2025-09-20,Indonesia,Budget,35-44,2026-03-24,4,419.17,104.79,3,127,312,1.0,4,3,4
CUST105990,Zhi Hao Lim,2024-12-06,Thailand,Budget,25-34,2026-07-16,7,876.63,125.23,5,13,600,0.0,1,2,2
CUST105991,Mei Ling Yusof,2024-09-16,Singapore,Premium,25-34,2026-07-25,11,939.61,85.42,6,4,681,0.0,1,1,2
CUST105992,Aina Goh,2026-05-02,Singapore,Budget,35-44,2026-04-19,3,291.14,97.05,3,101,88,1.0,4,4,4
CUST105993,Mei Ling Muthu,2024-11-26,Singapore,Mainstream,45-54,2026-07-18,7,787.97,112.57,3,11,610,0.0,1,2,3
CUST105994,Nabila Chong,2025-12-27,Indonesia,Budget,25-34,2026-05-21,3,271.93,90.64,3,69,214,0.0,3,4,4
CUST105995,Hui Ling Wong,2025-08-25,Thailand,Mainstream,45-54,2026-07-05,10,1934.99,193.5,6,24,338,0.0,2,1,1
CUST105996,Xin Yi Chong,2026-05-11,Malaysia,Premium,35-44,2026-06-04,5,319.07,63.81,2,55,79,0.0,3,3,4
CUST105997,Chen Wei Osman,2024-08-18,Singapore,Mainstream,35-44,2026-01-31,4,163.86,40.96,3,179,710,1.0,4,3,4
CUST105998,Hui Ling Osman,2024-12-30,Singapore,Mainstream,18-24,2026-03-09,3,343.14,114.38,2,142,576,1.0,4,4,4
CUST105999,Jia Xin Osman,2025-04-17,Thailand,Budget,55+,2026-07-28,5,552.76,110.55,3,1,468,0.0,1,3,3
